Iter,Phi,Psi,ClusterRank,ClusterLabel,ClusterPhi,ClusterPsi,Description
0,-4.0996246,164.71783,1.0,0,-6.994204500370705,177.6128508990647,Unknown
0,-38.690155,146.02536,1.0,0,-6.994204500370705,177.6128508990647,Unknown
0,-46.461624,177.33502,1.0,0,-6.994204500370705,177.6128508990647,Unknown
0,-31.848495,131.88116,1.0,0,-6.994204500370705,177.6128508990647,Unknown
0,-3.369278,154.3594,1.0,0,-6.994204500370705,177.6128508990647,Unknown
0,-42.082245,-173.38254,1.0,0,-6.994204500370705,177.6128508990647,Unknown
0,-30.21701,157.21463,1.0,0,-6.994204500370705,177.6128508990647,Unknown
0,0.6820221,163.10684,1.0,0,-6.994204500370705,177.6128508990647,Unknown
0,42.77417,-161.62097,1.0,0,-6.994204500370705,177.6128508990647,Unknown
0,-0.20822144,157.98563,1.0,0,-6.994204500370705,177.6128508990647,Unknown
0,22.761703,-130.84329,1.0,0,-6.994204500370705,177.6128508990647,Unknown
0,-16.441528,174.15991,1.0,0,-6.994204500370705,177.6128508990647,Unknown
0,-23.864197,179.10764,1.0,0,-6.994204500370705,177.6128508990647,Unknown
0,-6.4760437,-153.41191,1.0,0,-6.994204500370705,177.6128508990647,Unknown
0,13.072388,-156.48482,1.0,0,-6.994204500370705,177.6128508990647,Unknown
0,-32.22473,168.45667,1.0,0,-6.994204500370705,177.6128508990647,Unknown
0,-49.9227,159.673,1.0,0,-6.994204500370705,177.6128508990647,Unknown
0,3.2096405,-163.79404,1.0,0,-6.994204500370705,177.6128508990647,Unknown
0,16.513474,-139.36703,1.0,0,-6.994204500370705,177.6128508990647,Unknown
0,-4.657791,167.90625,1.0,0,-6.994204500370705,177.6128508990647,Unknown
0,-10.382065,-161.35658,1.0,0,-6.994204500370705,177.6128508990647,Unknown
0,18.26558,-164.08852,1.0,0,-6.994204500370705,177.6128508990647,Unknown
0,-42.25815,149.11157,1.0,0,-6.994204500370705,177.6128508990647,Unknown
0,14.32547,-156.55923,1.0,0,-6.994204500370705,177.6128508990647,Unknown
0,10.259964,162.01907,1.0,0,-6.994204500370705,177.6128508990647,Unknown
0,-15.208603,-145.59549,1.0,0,-6.994204500370705,177.6128508990647,Unknown
0,-3.328125,158.88571,1.0,0,-6.994204500370705,177.6128508990647,Unknown
0,32.091766,-147.50818,1.0,0,-6.994204500370705,177.6128508990647,Unknown
0,-25.074936,177.27023,1.0,0,-6.994204500370705,177.6128508990647,Unknown
0,13.078262,-136.82843,1.0,0,-6.994204500370705,177.6128508990647,Unknown
0,3.8279114,-135.01854,1.0,0,-6.994204500370705,177.6128508990647,Unknown
0,-18.15709,164.28851,1.0,0,-6.994204500370705,177.6128508990647,Unknown
0,-3.741623,162.4649,1.0,0,-6.994204500370705,177.6128508990647,Unknown
0,-18.014832,157.1175,1.0,0,-6.994204500370705,177.6128508990647,Unknown
0,-17.478088,158.23776,1.0,0,-6.994204500370705,177.6128508990647,Unknown
0,-14.975647,122.37088,1.0,0,-6.994204500370705,177.6128508990647,Unknown
0,-7.008438,-136.02763,1.0,0,-6.994204500370705,177.6128508990647,Unknown
0,5.12323,159.62436,1.0,0,-6.994204500370705,177.6128508990647,Unknown
0,-1.8858185,-134.8498,1.0,0,-6.994204500370705,177.6128508990647,Unknown
0,9.368088,-141.74364,1.0,0,-6.994204500370705,177.6128508990647,Unknown
0,0.887619,-133.1188,1.0,0,-6.994204500370705,177.6128508990647,Unknown
0,-52.09684,123.522064,1.0,0,-6.994204500370705,177.6128508990647,Unknown
0,33.341385,-133.60213,1.0,0,-6.994204500370705,177.6128508990647,Unknown
0,10.772766,-162.4741,1.0,0,-6.994204500370705,177.6128508990647,Unknown
0,-4.966919,-116.43921,1.0,0,-6.994204500370705,177.6128508990647,Unknown
0,10.852631,-124.177025,1.0,0,-6.994204500370705,177.6128508990647,Unknown
0,-52.279144,124.50314,1.0,0,-6.994204500370705,177.6128508990647,Unknown
0,-15.632553,-157.62962,1.0,0,-6.994204500370705,177.6128508990647,Unknown
0,-36.63623,163.01428,1.0,0,-6.994204500370705,177.6128508990647,Unknown
0,-25.774094,166.39731,1.0,0,-6.994204500370705,177.6128508990647,Unknown
0,0.21250916,-150.70183,1.0,0,-6.994204500370705,177.6128508990647,Unknown
0,-22.65863,155.19757,1.0,0,-6.994204500370705,177.6128508990647,Unknown
0,-19.941269,-174.45589,1.0,0,-6.994204500370705,177.6128508990647,Unknown
0,-7.720566,-159.3771,1.0,0,-6.994204500370705,177.6128508990647,Unknown
0,-3.1508636,176.2226,1.0,0,-6.994204500370705,177.6128508990647,Unknown
0,-0.13220215,-175.70958,1.0,0,-6.994204500370705,177.6128508990647,Unknown
0,32.68097,-157.62856,1.0,0,-6.994204500370705,177.6128508990647,Unknown
0,-1.914444,-174.86505,1.0,0,-6.994204500370705,177.6128508990647,Unknown
0,8.128052,-156.3337,1.0,0,-6.994204500370705,177.6128508990647,Unknown
0,-23.152603,129.28564,1.0,0,-6.994204500370705,177.6128508990647,Unknown
0,-32.246185,-174.2527,1.0,0,-6.994204500370705,177.6128508990647,Unknown
0,34.927856,-152.89705,1.0,0,-6.994204500370705,177.6128508990647,Unknown
0,14.870087,178.45459,1.0,0,-6.994204500370705,177.6128508990647,Unknown
0,12.143753,-154.23659,1.0,0,-6.994204500370705,177.6128508990647,Unknown
0,22.650024,-151.5451,1.0,0,-6.994204500370705,177.6128508990647,Unknown
0,21.826935,-158.0466,1.0,0,-6.994204500370705,177.6128508990647,Unknown
0,-34.248657,166.78278,1.0,0,-6.994204500370705,177.6128508990647,Unknown
0,13.710709,-177.57442,1.0,0,-6.994204500370705,177.6128508990647,Unknown
0,-16.670563,115.040344,1.0,0,-6.994204500370705,177.6128508990647,Unknown
0,46.498734,-135.19618,1.0,0,-6.994204500370705,177.6128508990647,Unknown
0,-15.107956,143.88007,1.0,0,-6.994204500370705,177.6128508990647,Unknown
0,-35.925323,140.5011,1.0,0,-6.994204500370705,177.6128508990647,Unknown
0,37.44284,-158.1491,1.0,0,-6.994204500370705,177.6128508990647,Unknown
0,16.10376,-134.7255,1.0,0,-6.994204500370705,177.6128508990647,Unknown
0,-29.67981,176.70514,1.0,0,-6.994204500370705,177.6128508990647,Unknown
0,-11.105545,156.05475,1.0,0,-6.994204500370705,177.6128508990647,Unknown
0,21.876175,-132.91936,1.0,0,-6.994204500370705,177.6128508990647,Unknown
0,-24.44777,-160.49953,1.0,0,-6.994204500370705,177.6128508990647,Unknown
0,-9.180817,163.70386,1.0,0,-6.994204500370705,177.6128508990647,Unknown
0,26.453781,-125.14267,1.0,0,-6.994204500370705,177.6128508990647,Unknown
0,-55.160164,149.92853,1.0,0,-6.994204500370705,177.6128508990647,Unknown
0,9.810486,-139.56932,1.0,0,-6.994204500370705,177.6128508990647,Unknown
0,-36.61876,116.07068,1.0,0,-6.994204500370705,177.6128508990647,Unknown
0,-18.458588,147.61789,1.0,0,-6.994204500370705,177.6128508990647,Unknown
0,-42.155,155.73657,1.0,0,-6.994204500370705,177.6128508990647,Unknown
0,-1.9715881,177.1753,1.0,0,-6.994204500370705,177.6128508990647,Unknown
0,6.1302795,-149.28044,1.0,0,-6.994204500370705,177.6128508990647,Unknown
0,-19.569244,149.51233,1.0,0,-6.994204500370705,177.6128508990647,Unknown
0,12.337372,160.36145,1.0,0,-6.994204500370705,177.6128508990647,Unknown
0,31.578064,-136.29584,1.0,0,-6.994204500370705,177.6128508990647,Unknown
0,-48.861023,145.41351,1.0,0,-6.994204500370705,177.6128508990647,Unknown
0,12.568298,145.20514,1.0,0,-6.994204500370705,177.6128508990647,Unknown
0,-16.931198,147.07257,1.0,0,-6.994204500370705,177.6128508990647,Unknown
0,12.035614,171.72064,1.0,0,-6.994204500370705,177.6128508990647,Unknown
0,19.149612,178.12555,1.0,0,-6.994204500370705,177.6128508990647,Unknown
0,-41.308838,130.32901,1.0,0,-6.994204500370705,177.6128508990647,Unknown
0,-52.552277,136.703,1.0,0,-6.994204500370705,177.6128508990647,Unknown
0,-29.542679,132.94806,1.0,0,-6.994204500370705,177.6128508990647,Unknown
0,3.6469574,-128.95952,1.0,0,-6.994204500370705,177.6128508990647,Unknown
0,15.905243,-150.99344,1.0,0,-6.994204500370705,177.6128508990647,Unknown
0,-3.1418304,149.93509,1.0,0,-6.994204500370705,177.6128508990647,Unknown
0,8.45993,149.35529,1.0,0,-6.994204500370705,177.6128508990647,Unknown
0,36.739883,-124.64627,1.0,0,-6.994204500370705,177.6128508990647,Unknown
0,-40.95793,131.81912,1.0,0,-6.994204500370705,177.6128508990647,Unknown
0,8.285706,-171.44313,1.0,0,-6.994204500370705,177.6128508990647,Unknown
0,-35.65074,170.18231,1.0,0,-6.994204500370705,177.6128508990647,Unknown
0,40.690704,-143.33717,1.0,0,-6.994204500370705,177.6128508990647,Unknown
0,32.44023,-154.49278,1.0,0,-6.994204500370705,177.6128508990647,Unknown
0,50.18112,-156.93982,1.0,0,-6.994204500370705,177.6128508990647,Unknown
0,0.036621094,-141.65208,1.0,0,-6.994204500370705,177.6128508990647,Unknown
0,-3.7478485,164.68512,1.0,0,-6.994204500370705,177.6128508990647,Unknown
0,-5.041321,-167.34811,1.0,0,-6.994204500370705,177.6128508990647,Unknown
0,-6.7270355,158.20715,1.0,0,-6.994204500370705,177.6128508990647,Unknown
0,-45.44078,134.18481,1.0,0,-6.994204500370705,177.6128508990647,Unknown
0,0.2374115,-149.00827,1.0,0,-6.994204500370705,177.6128508990647,Unknown
0,-41.365814,158.04797,1.0,0,-6.994204500370705,177.6128508990647,Unknown
0,2.7467957,178.83594,1.0,0,-6.994204500370705,177.6128508990647,Unknown
0,6.2876587,-157.81186,1.0,0,-6.994204500370705,177.6128508990647,Unknown
0,-24.97374,149.93652,1.0,0,-6.994204500370705,177.6128508990647,Unknown
0,9.886978,-137.47612,1.0,0,-6.994204500370705,177.6128508990647,Unknown
0,-10.595291,121.36365,1.0,0,-6.994204500370705,177.6128508990647,Unknown
0,23.969543,-178.06863,1.0,0,-6.994204500370705,177.6128508990647,Unknown
0,-56.767456,126.1384,1.0,0,-6.994204500370705,177.6128508990647,Unknown
0,3.6524506,-162.93608,1.0,0,-6.994204500370705,177.6128508990647,Unknown
0,-37.467896,154.98627,1.0,0,-6.994204500370705,177.6128508990647,Unknown
0,-32.15764,117.28131,1.0,0,-6.994204500370705,177.6128508990647,Unknown
0,5.8632965,162.33197,1.0,0,-6.994204500370705,177.6128508990647,Unknown
0,27.297272,-156.63689,1.0,0,-6.994204500370705,177.6128508990647,Unknown
0,-31.837524,151.96957,1.0,0,-6.994204500370705,177.6128508990647,Unknown
0,23.292908,-171.68263,1.0,0,-6.994204500370705,177.6128508990647,Unknown
0,-13.264648,173.70758,1.0,0,-6.994204500370705,177.6128508990647,Unknown
0,-23.279495,167.52283,1.0,0,-6.994204500370705,177.6128508990647,Unknown
0,-27.064743,146.68869,1.0,0,-6.994204500370705,177.6128508990647,Unknown
0,-14.419891,141.31763,1.0,0,-6.994204500370705,177.6128508990647,Unknown
0,1.9030304,-171.54921,1.0,0,-6.994204500370705,177.6128508990647,Unknown
0,-13.914993,166.15158,1.0,0,-6.994204500370705,177.6128508990647,Unknown
0,12.457733,-168.75928,1.0,0,-6.994204500370705,177.6128508990647,Unknown
0,3.0303497,173.40173,1.0,0,-6.994204500370705,177.6128508990647,Unknown
0,4.220154,176.34814,1.0,0,-6.994204500370705,177.6128508990647,Unknown
0,-22.67749,159.17166,1.0,0,-6.994204500370705,177.6128508990647,Unknown
0,15.539688,-164.08905,1.0,0,-6.994204500370705,177.6128508990647,Unknown
0,-1.2713928,153.18909,1.0,0,-6.994204500370705,177.6128508990647,Unknown
0,8.67926,-156.8661,1.0,0,-6.994204500370705,177.6128508990647,Unknown
0,21.20636,-166.44672,1.0,0,-6.994204500370705,177.6128508990647,Unknown
0,-6.6897736,-162.33919,1.0,0,-6.994204500370705,177.6128508990647,Unknown
0,26.648956,-152.64922,1.0,0,-6.994204500370705,177.6128508990647,Unknown
0,8.482391,-171.51486,1.0,0,-6.994204500370705,177.6128508990647,Unknown
0,-9.092758,167.37738,1.0,0,-6.994204500370705,177.6128508990647,Unknown
0,18.097519,-161.62383,1.0,0,-6.994204500370705,177.6128508990647,Unknown
0,25.76062,-133.78578,1.0,0,-6.994204500370705,177.6128508990647,Unknown
0,-44.335617,145.23386,1.0,0,-6.994204500370705,177.6128508990647,Unknown
0,-37.296906,142.80939,1.0,0,-6.994204500370705,177.6128508990647,Unknown
0,-25.839844,165.63611,1.0,0,-6.994204500370705,177.6128508990647,Unknown
0,-32.611267,141.40149,1.0,0,-6.994204500370705,177.6128508990647,Unknown
0,5.9778137,-161.45782,1.0,0,-6.994204500370705,177.6128508990647,Unknown
0,-9.928726,-160.63094,1.0,0,-6.994204500370705,177.6128508990647,Unknown
0,-2.8069763,-174.60054,1.0,0,-6.994204500370705,177.6128508990647,Unknown
0,-21.076614,137.81238,1.0,0,-6.994204500370705,177.6128508990647,Unknown
0,-7.3621674,170.43982,1.0,0,-6.994204500370705,177.6128508990647,Unknown
0,-12.736328,150.81738,1.0,0,-6.994204500370705,177.6128508990647,Unknown
0,-5.0562286,-138.661,1.0,0,-6.994204500370705,177.6128508990647,Unknown
0,-7.664566,-127.73447,1.0,0,-6.994204500370705,177.6128508990647,Unknown
0,-2.7760773,141.1384,1.0,0,-6.994204500370705,177.6128508990647,Unknown
0,-50.276413,168.58972,1.0,0,-6.994204500370705,177.6128508990647,Unknown
0,-17.783798,160.8291,1.0,0,-6.994204500370705,177.6128508990647,Unknown
0,-24.004211,-179.87244,1.0,0,-6.994204500370705,177.6128508990647,Unknown
0,-0.9873352,-168.38147,1.0,0,-6.994204500370705,177.6128508990647,Unknown
0,-55.871475,122.09235,1.0,0,-6.994204500370705,177.6128508990647,Unknown
0,33.06404,-141.5391,1.0,0,-6.994204500370705,177.6128508990647,Unknown
0,12.993164,-176.71294,1.0,0,-6.994204500370705,177.6128508990647,Unknown
0,-19.897919,119.865234,1.0,0,-6.994204500370705,177.6128508990647,Unknown
0,-56.954445,136.69724,1.0,0,-6.994204500370705,177.6128508990647,Unknown
0,-2.539215,176.31686,1.0,0,-6.994204500370705,177.6128508990647,Unknown
0,40.581985,-139.04378,1.0,0,-6.994204500370705,177.6128508990647,Unknown
0,-3.335083,-154.61821,1.0,0,-6.994204500370705,177.6128508990647,Unknown
0,-2.4029846,-174.16019,1.0,0,-6.994204500370705,177.6128508990647,Unknown
0,-52.29715,129.27942,1.0,0,-6.994204500370705,177.6128508990647,Unknown
0,-14.254669,-176.61183,1.0,0,-6.994204500370705,177.6128508990647,Unknown
0,-31.128326,157.03845,1.0,0,-6.994204500370705,177.6128508990647,Unknown
0,25.32457,-141.48315,1.0,0,-6.994204500370705,177.6128508990647,Unknown
0,-23.796814,123.1286,1.0,0,-6.994204500370705,177.6128508990647,Unknown
0,19.127258,-120.89766,1.0,0,-6.994204500370705,177.6128508990647,Unknown
0,-13.530258,147.92975,1.0,0,-6.994204500370705,177.6128508990647,Unknown
0,10.820221,-165.79758,1.0,0,-6.994204500370705,177.6128508990647,Unknown
0,-24.181946,132.67865,1.0,0,-6.994204500370705,177.6128508990647,Unknown
0,-20.089417,-163.13351,1.0,0,-6.994204500370705,177.6128508990647,Unknown
0,7.161331,-150.45874,1.0,0,-6.994204500370705,177.6128508990647,Unknown
0,-20.944733,159.7149,1.0,0,-6.994204500370705,177.6128508990647,Unknown
0,-17.574493,144.2197,1.0,0,-6.994204500370705,177.6128508990647,Unknown
0,-31.571243,129.12402,1.0,0,-6.994204500370705,177.6128508990647,Unknown
0,-0.31253052,-141.45352,1.0,0,-6.994204500370705,177.6128508990647,Unknown
0,-2.5594482,158.59665,1.0,0,-6.994204500370705,177.6128508990647,Unknown
0,20.50801,-141.37582,1.0,0,-6.994204500370705,177.6128508990647,Unknown
0,-49.35544,118.92407,1.0,0,-6.994204500370705,177.6128508990647,Unknown
0,-26.307205,154.6773,1.0,0,-6.994204500370705,177.6128508990647,Unknown
0,7.7154846,-176.91457,1.0,0,-6.994204500370705,177.6128508990647,Unknown
0,-45.19104,156.97815,1.0,0,-6.994204500370705,177.6128508990647,Unknown
0,-25.58966,153.40851,1.0,0,-6.994204500370705,177.6128508990647,Unknown
0,157.87518,-162.00508,2.0,1,-167.75194114574435,175.84825485077985,Beta/C5
0,-172.43764,170.84073,2.0,1,-167.75194114574435,175.84825485077985,Beta/C5
0,-157.08888,168.64545,2.0,1,-167.75194114574435,175.84825485077985,Beta/C5
0,-176.59206,-177.89473,2.0,1,-167.75194114574435,175.84825485077985,Beta/C5
0,-142.42775,166.8346,2.0,1,-167.75194114574435,175.84825485077985,Beta/C5
0,166.96017,178.58063,2.0,1,-167.75194114574435,175.84825485077985,Beta/C5
0,160.15479,-171.7023,2.0,1,-167.75194114574435,175.84825485077985,Beta/C5
0,-176.7467,166.85663,2.0,1,-167.75194114574435,175.84825485077985,Beta/C5
0,-156.24063,131.04016,2.0,1,-167.75194114574435,175.84825485077985,Beta/C5
0,-132.30711,159.5185,2.0,1,-167.75194114574435,175.84825485077985,Beta/C5
0,-168.4552,164.21301,2.0,1,-167.75194114574435,175.84825485077985,Beta/C5
0,173.2179,-178.57738,2.0,1,-167.75194114574435,175.84825485077985,Beta/C5
0,177.70074,168.07187,2.0,1,-167.75194114574435,175.84825485077985,Beta/C5
0,-151.20413,-172.29794,2.0,1,-167.75194114574435,175.84825485077985,Beta/C5
0,-140.14406,159.88138,2.0,1,-167.75194114574435,175.84825485077985,Beta/C5
0,-156.65163,178.89563,2.0,1,-167.75194114574435,175.84825485077985,Beta/C5
0,161.22519,-155.55693,2.0,1,-167.75194114574435,175.84825485077985,Beta/C5
0,-150.91635,155.4289,2.0,1,-167.75194114574435,175.84825485077985,Beta/C5
0,-171.21225,173.59448,2.0,1,-167.75194114574435,175.84825485077985,Beta/C5
0,-157.77502,176.27722,2.0,1,-167.75194114574435,175.84825485077985,Beta/C5
0,-153.37622,-178.5243,2.0,1,-167.75194114574435,175.84825485077985,Beta/C5
0,-151.23201,157.88788,2.0,1,-167.75194114574435,175.84825485077985,Beta/C5
0,162.62567,-157.76503,2.0,1,-167.75194114574435,175.84825485077985,Beta/C5
0,163.3194,-155.6978,2.0,1,-167.75194114574435,175.84825485077985,Beta/C5
0,166.12857,-147.07416,2.0,1,-167.75194114574435,175.84825485077985,Beta/C5
0,153.59866,-172.18388,2.0,1,-167.75194114574435,175.84825485077985,Beta/C5
0,-146.93175,175.13324,2.0,1,-167.75194114574435,175.84825485077985,Beta/C5
0,151.7515,179.59863,2.0,1,-167.75194114574435,175.84825485077985,Beta/C5
0,161.69492,-145.66698,2.0,1,-167.75194114574435,175.84825485077985,Beta/C5
0,-160.67087,160.03796,2.0,1,-167.75194114574435,175.84825485077985,Beta/C5
0,153.58862,-146.993,2.0,1,-167.75194114574435,175.84825485077985,Beta/C5
0,-178.33081,-166.91164,2.0,1,-167.75194114574435,175.84825485077985,Beta/C5
0,178.7832,158.54126,2.0,1,-167.75194114574435,175.84825485077985,Beta/C5
0,-137.46333,141.26257,2.0,1,-167.75194114574435,175.84825485077985,Beta/C5
0,-134.05043,144.82849,2.0,1,-167.75194114574435,175.84825485077985,Beta/C5
0,-160.80287,-163.27881,2.0,1,-167.75194114574435,175.84825485077985,Beta/C5
0,-110.1913,159.09836,2.0,1,-167.75194114574435,175.84825485077985,Beta/C5
0,-146.53328,146.53705,2.0,1,-167.75194114574435,175.84825485077985,Beta/C5
0,-140.83539,163.32916,2.0,1,-167.75194114574435,175.84825485077985,Beta/C5
0,152.99896,-137.65952,2.0,1,-167.75194114574435,175.84825485077985,Beta/C5
0,-166.34576,160.79831,2.0,1,-167.75194114574435,175.84825485077985,Beta/C5
0,143.84576,-154.45688,2.0,1,-167.75194114574435,175.84825485077985,Beta/C5
0,-152.7754,166.91522,2.0,1,-167.75194114574435,175.84825485077985,Beta/C5
0,-152.13712,129.91888,2.0,1,-167.75194114574435,175.84825485077985,Beta/C5
0,141.0065,-146.35696,2.0,1,-167.75194114574435,175.84825485077985,Beta/C5
0,-176.27094,178.32309,2.0,1,-167.75194114574435,175.84825485077985,Beta/C5
0,-173.77808,156.54425,2.0,1,-167.75194114574435,175.84825485077985,Beta/C5
0,-114.46209,141.34595,2.0,1,-167.75194114574435,175.84825485077985,Beta/C5
0,-156.30768,173.52765,2.0,1,-167.75194114574435,175.84825485077985,Beta/C5
0,145.58221,-146.18431,2.0,1,-167.75194114574435,175.84825485077985,Beta/C5
0,-161.98523,158.50122,2.0,1,-167.75194114574435,175.84825485077985,Beta/C5
0,-158.35643,-166.28215,2.0,1,-167.75194114574435,175.84825485077985,Beta/C5
0,-116.47517,164.44519,2.0,1,-167.75194114574435,175.84825485077985,Beta/C5
0,-148.27567,-170.18718,2.0,1,-167.75194114574435,175.84825485077985,Beta/C5
0,-128.1913,139.35657,2.0,1,-167.75194114574435,175.84825485077985,Beta/C5
0,170.58179,179.99615,2.0,1,-167.75194114574435,175.84825485077985,Beta/C5
0,-168.07892,-153.50427,2.0,1,-167.75194114574435,175.84825485077985,Beta/C5
0,169.89294,173.08777,2.0,1,-167.75194114574435,175.84825485077985,Beta/C5
0,145.42383,-165.46846,2.0,1,-167.75194114574435,175.84825485077985,Beta/C5
0,-141.62758,-165.51685,2.0,1,-167.75194114574435,175.84825485077985,Beta/C5
0,-144.3925,157.50446,2.0,1,-167.75194114574435,175.84825485077985,Beta/C5
0,-144.47011,162.43921,2.0,1,-167.75194114574435,175.84825485077985,Beta/C5
0,156.71973,-160.17404,2.0,1,-167.75194114574435,175.84825485077985,Beta/C5
0,-113.498825,160.76993,2.0,1,-167.75194114574435,175.84825485077985,Beta/C5
0,-136.89369,-168.24472,2.0,1,-167.75194114574435,175.84825485077985,Beta/C5
0,-153.63832,-153.53384,2.0,1,-167.75194114574435,175.84825485077985,Beta/C5
0,-115.438866,152.53662,2.0,1,-167.75194114574435,175.84825485077985,Beta/C5
0,-125.82107,147.13315,2.0,1,-167.75194114574435,175.84825485077985,Beta/C5
0,-121.7673,141.03949,2.0,1,-167.75194114574435,175.84825485077985,Beta/C5
0,-123.66268,153.68115,2.0,1,-167.75194114574435,175.84825485077985,Beta/C5
0,-156.56535,137.16779,2.0,1,-167.75194114574435,175.84825485077985,Beta/C5
0,156.68115,-141.3134,2.0,1,-167.75194114574435,175.84825485077985,Beta/C5
0,-178.4598,179.1081,2.0,1,-167.75194114574435,175.84825485077985,Beta/C5
0,-158.43396,173.86224,2.0,1,-167.75194114574435,175.84825485077985,Beta/C5
0,165.05121,-146.15764,2.0,1,-167.75194114574435,175.84825485077985,Beta/C5
0,-112.83241,146.75623,2.0,1,-167.75194114574435,175.84825485077985,Beta/C5
0,-151.4393,149.28241,2.0,1,-167.75194114574435,175.84825485077985,Beta/C5
0,-128.94179,156.125,2.0,1,-167.75194114574435,175.84825485077985,Beta/C5
0,-162.11769,153.28546,2.0,1,-167.75194114574435,175.84825485077985,Beta/C5
0,179.5589,174.35,2.0,1,-167.75194114574435,175.84825485077985,Beta/C5
0,-147.56084,172.02563,2.0,1,-167.75194114574435,175.84825485077985,Beta/C5
0,157.65356,167.87988,2.0,1,-167.75194114574435,175.84825485077985,Beta/C5
0,167.36725,-178.54659,2.0,1,-167.75194114574435,175.84825485077985,Beta/C5
0,-169.20572,173.97742,2.0,1,-167.75194114574435,175.84825485077985,Beta/C5
0,-156.17664,179.3349,2.0,1,-167.75194114574435,175.84825485077985,Beta/C5
0,151.07114,-166.93884,2.0,1,-167.75194114574435,175.84825485077985,Beta/C5
0,160.39508,-149.69678,2.0,1,-167.75194114574435,175.84825485077985,Beta/C5
0,-108.6295,156.31921,2.0,1,-167.75194114574435,175.84825485077985,Beta/C5
0,-167.1476,-157.60255,2.0,1,-167.75194114574435,175.84825485077985,Beta/C5
0,-166.41248,147.66052,2.0,1,-167.75194114574435,175.84825485077985,Beta/C5
0,161.20306,-141.86052,2.0,1,-167.75194114574435,175.84825485077985,Beta/C5
0,166.17319,-161.57742,2.0,1,-167.75194114574435,175.84825485077985,Beta/C5
0,-168.06665,174.5617,2.0,1,-167.75194114574435,175.84825485077985,Beta/C5
0,170.16486,165.49292,2.0,1,-167.75194114574435,175.84825485077985,Beta/C5
0,-154.35945,154.3819,2.0,1,-167.75194114574435,175.84825485077985,Beta/C5
0,-166.65971,166.86603,2.0,1,-167.75194114574435,175.84825485077985,Beta/C5
0,-166.08139,139.38947,2.0,1,-167.75194114574435,175.84825485077985,Beta/C5
0,-169.83394,168.9508,2.0,1,-167.75194114574435,175.84825485077985,Beta/C5
0,-159.25069,166.49353,2.0,1,-167.75194114574435,175.84825485077985,Beta/C5
0,-157.97777,155.59018,2.0,1,-167.75194114574435,175.84825485077985,Beta/C5
0,-142.35748,-170.87993,2.0,1,-167.75194114574435,175.84825485077985,Beta/C5
0,172.68945,174.01553,2.0,1,-167.75194114574435,175.84825485077985,Beta/C5
0,-150.81622,160.62701,2.0,1,-167.75194114574435,175.84825485077985,Beta/C5
0,172.79852,-148.16823,2.0,1,-167.75194114574435,175.84825485077985,Beta/C5
0,-147.76819,147.84695,2.0,1,-167.75194114574435,175.84825485077985,Beta/C5
0,170.47952,-164.65158,2.0,1,-167.75194114574435,175.84825485077985,Beta/C5
0,-155.97864,-176.15137,2.0,1,-167.75194114574435,175.84825485077985,Beta/C5
0,163.18594,-166.66046,2.0,1,-167.75194114574435,175.84825485077985,Beta/C5
0,160.77115,-133.68585,2.0,1,-167.75194114574435,175.84825485077985,Beta/C5
0,-128.63689,168.80008,2.0,1,-167.75194114574435,175.84825485077985,Beta/C5
0,-149.00162,156.55399,2.0,1,-167.75194114574435,175.84825485077985,Beta/C5
0,-144.56267,-158.63338,2.0,1,-167.75194114574435,175.84825485077985,Beta/C5
0,168.20526,-150.57384,2.0,1,-167.75194114574435,175.84825485077985,Beta/C5
0,164.39996,-177.6859,2.0,1,-167.75194114574435,175.84825485077985,Beta/C5
0,145.29776,-173.46227,2.0,1,-167.75194114574435,175.84825485077985,Beta/C5
0,-174.75803,150.87561,2.0,1,-167.75194114574435,175.84825485077985,Beta/C5
0,-177.0218,-172.76453,2.0,1,-167.75194114574435,175.84825485077985,Beta/C5
0,-146.47258,156.44882,2.0,1,-167.75194114574435,175.84825485077985,Beta/C5
0,169.6253,-170.29701,2.0,1,-167.75194114574435,175.84825485077985,Beta/C5
0,-150.12198,171.44678,2.0,1,-167.75194114574435,175.84825485077985,Beta/C5
0,-140.69865,-162.27234,2.0,1,-167.75194114574435,175.84825485077985,Beta/C5
0,-135.27092,158.85107,2.0,1,-167.75194114574435,175.84825485077985,Beta/C5
0,-173.94469,163.66235,2.0,1,-167.75194114574435,175.84825485077985,Beta/C5
0,156.31714,172.07858,2.0,1,-167.75194114574435,175.84825485077985,Beta/C5
0,170.95465,-159.51018,2.0,1,-167.75194114574435,175.84825485077985,Beta/C5
0,-138.0721,177.09775,2.0,1,-167.75194114574435,175.84825485077985,Beta/C5
0,153.7688,-157.08696,2.0,1,-167.75194114574435,175.84825485077985,Beta/C5
0,-152.1464,132.85162,2.0,1,-167.75194114574435,175.84825485077985,Beta/C5
0,170.61371,151.23123,2.0,1,-167.75194114574435,175.84825485077985,Beta/C5
0,168.46796,147.62051,2.0,1,-167.75194114574435,175.84825485077985,Beta/C5
0,143.00723,-147.14027,2.0,1,-167.75194114574435,175.84825485077985,Beta/C5
0,-159.4225,-168.66467,2.0,1,-167.75194114574435,175.84825485077985,Beta/C5
0,-168.88882,152.69763,2.0,1,-167.75194114574435,175.84825485077985,Beta/C5
0,-170.87152,-173.2313,2.0,1,-167.75194114574435,175.84825485077985,Beta/C5
0,-169.78485,-175.6219,2.0,1,-167.75194114574435,175.84825485077985,Beta/C5
0,-156.54468,163.52682,2.0,1,-167.75194114574435,175.84825485077985,Beta/C5
0,-169.26819,-161.60078,2.0,1,-167.75194114574435,175.84825485077985,Beta/C5
0,-155.13257,141.73315,2.0,1,-167.75194114574435,175.84825485077985,Beta/C5
0,-171.76222,171.89398,2.0,1,-167.75194114574435,175.84825485077985,Beta/C5
0,158.07053,-128.23503,2.0,1,-167.75194114574435,175.84825485077985,Beta/C5
0,-159.25742,153.51837,2.0,1,-167.75194114574435,175.84825485077985,Beta/C5
0,-177.82137,-6.376831,3.0,2,178.130647250703,-3.8094076807267947,Unknown
0,165.28876,-7.4506836,3.0,2,178.130647250703,-3.8094076807267947,Unknown
0,-170.86992,2.2922516,3.0,2,178.130647250703,-3.8094076807267947,Unknown
0,-169.82109,15.709366,3.0,2,178.130647250703,-3.8094076807267947,Unknown
0,-166.31726,0.5604706,3.0,2,178.130647250703,-3.8094076807267947,Unknown
0,-172.40108,-9.588821,3.0,2,178.130647250703,-3.8094076807267947,Unknown
0,-170.41049,-16.769424,3.0,2,178.130647250703,-3.8094076807267947,Unknown
0,-170.9935,4.616394,3.0,2,178.130647250703,-3.8094076807267947,Unknown
0,-175.8913,-1.853241,3.0,2,178.130647250703,-3.8094076807267947,Unknown
0,169.4148,10.702164,3.0,2,178.130647250703,-3.8094076807267947,Unknown
0,174.58841,-14.774429,3.0,2,178.130647250703,-3.8094076807267947,Unknown
0,176.46436,-6.3260803,3.0,2,178.130647250703,-3.8094076807267947,Unknown
0,163.62701,-23.683472,3.0,2,178.130647250703,-3.8094076807267947,Unknown
0,175.08255,-0.23506165,3.0,2,178.130647250703,-3.8094076807267947,Unknown
0,-166.39159,7.71875,3.0,2,178.130647250703,-3.8094076807267947,Unknown
0,168.21674,3.372879,3.0,2,178.130647250703,-3.8094076807267947,Unknown
0,174.47794,-9.773926,3.0,2,178.130647250703,-3.8094076807267947,Unknown
0,-169.56255,15.808334,3.0,2,178.130647250703,-3.8094076807267947,Unknown
0,164.47485,-19.494324,3.0,2,178.130647250703,-3.8094076807267947,Unknown
0,171.28699,-10.157242,3.0,2,178.130647250703,-3.8094076807267947,Unknown
0,-173.22868,10.859009,3.0,2,178.130647250703,-3.8094076807267947,Unknown
0,-173.89262,-17.2482,3.0,2,178.130647250703,-3.8094076807267947,Unknown
0,160.48676,-17.855103,3.0,2,178.130647250703,-3.8094076807267947,Unknown
0,174.61072,-15.841751,3.0,2,178.130647250703,-3.8094076807267947,Unknown
0,-172.41098,5.4239655,3.0,2,178.130647250703,-3.8094076807267947,Unknown
0,157.20758,-3.3896484,3.0,2,178.130647250703,-3.8094076807267947,Unknown
0,179.85645,6.7330017,3.0,2,178.130647250703,-3.8094076807267947,Unknown
0,162.06772,-9.493179,3.0,2,178.130647250703,-3.8094076807267947,Unknown
0,98.81564,-145.54568,4.0,3,110.80853391379271,-147.51768767765222,Unknown
0,117.10095,-143.29114,4.0,3,110.80853391379271,-147.51768767765222,Unknown
0,117.44913,-150.28494,4.0,3,110.80853391379271,-147.51768767765222,Unknown
0,117.22821,-139.2691,4.0,3,110.80853391379271,-147.51768767765222,Unknown
0,106.15103,-161.95186,4.0,3,110.80853391379271,-147.51768767765222,Unknown
0,116.81116,-137.37865,4.0,3,110.80853391379271,-147.51768767765222,Unknown
0,105.41333,-133.25539,4.0,3,110.80853391379271,-147.51768767765222,Unknown
0,101.51489,-142.54105,4.0,3,110.80853391379271,-147.51768767765222,Unknown
0,115.34515,-160.14058,4.0,3,110.80853391379271,-147.51768767765222,Unknown
0,117.79608,-137.61299,4.0,3,110.80853391379271,-147.51768767765222,Unknown
0,109.62399,-148.57365,4.0,3,110.80853391379271,-147.51768767765222,Unknown
0,100.06415,-142.60849,4.0,3,110.80853391379271,-147.51768767765222,Unknown
0,109.045044,-160.91762,4.0,3,110.80853391379271,-147.51768767765222,Unknown
0,104.02283,-148.17393,4.0,3,110.80853391379271,-147.51768767765222,Unknown
0,112.197876,-159.9233,4.0,3,110.80853391379271,-147.51768767765222,Unknown
0,124.33624,-148.99466,4.0,3,110.80853391379271,-147.51768767765222,Unknown
0,29.99707,-74.051674,,-1,,,Noise
0,46.023346,167.10114,,-1,,,Noise
0,-99.328285,117.2941,,-1,,,Noise
0,164.8451,23.868912,,-1,,,Noise
0,110.43637,-98.812294,,-1,,,Noise
0,-121.7467,59.94055,,-1,,,Noise
0,83.58017,-60.51828,,-1,,,Noise
0,30.142212,166.83887,,-1,,,Noise
0,55.042603,-157.04552,,-1,,,Noise
0,-71.90353,-160.58754,,-1,,,Noise
0,27.542908,134.20715,,-1,,,Noise
0,155.45285,134.13995,,-1,,,Noise
0,-53.46718,34.006073,,-1,,,Noise
0,161.95538,-51.470505,,-1,,,Noise
0,177.47379,-108.77778,,-1,,,Noise
0,-37.168915,76.80838,,-1,,,Noise
0,0.62202454,-113.0042,,-1,,,Noise
0,-171.47528,-139.28297,,-1,,,Noise
0,167.8765,21.384552,,-1,,,Noise
0,-40.021957,-160.03493,,-1,,,Noise
0,15.117447,-36.35135,,-1,,,Noise
0,158.43042,-92.6515,,-1,,,Noise
0,119.937744,-103.63569,,-1,,,Noise
0,-122.87253,-163.11707,,-1,,,Noise
0,-26.121994,31.72876,,-1,,,Noise
0,-134.64131,-22.26184,,-1,,,Noise
0,31.421036,-5.4644775,,-1,,,Noise
0,127.20535,-123.806564,,-1,,,Noise
0,7.177353,106.84732,,-1,,,Noise
0,-157.88324,50.835632,,-1,,,Noise
0,-75.01171,179.2243,,-1,,,Noise
0,25.534454,-1.5552673,,-1,,,Noise
0,11.097946,-55.836174,,-1,,,Noise
0,20.937836,-55.495285,,-1,,,Noise
0,-175.06079,-133.18285,,-1,,,Noise
0,-123.59543,-108.54315,,-1,,,Noise
0,-75.941765,0.39492798,,-1,,,Noise
0,29.702957,153.83429,,-1,,,Noise
0,114.312805,27.074722,,-1,,,Noise
0,79.40939,-132.69702,,-1,,,Noise
0,-73.67651,173.90387,,-1,,,Noise
0,132.34094,-143.01833,,-1,,,Noise
0,-156.13007,116.51938,,-1,,,Noise
0,70.12088,-159.4737,,-1,,,Noise
0,106.71878,-56.661552,,-1,,,Noise
0,20.883194,-17.048721,,-1,,,Noise
0,138.37762,-78.55554,,-1,,,Noise
0,124.11783,132.76855,,-1,,,Noise
0,105.507324,-109.20032,,-1,,,Noise
0,125.95361,131.23428,,-1,,,Noise
0,-62.43605,-141.19579,,-1,,,Noise
0,13.866669,-31.99945,,-1,,,Noise
0,-95.96942,81.825195,,-1,,,Noise
0,127.55371,-69.33364,,-1,,,Noise
0,113.24469,-99.1606,,-1,,,Noise
0,8.582657,-64.80991,,-1,,,Noise
0,-67.2936,122.71326,,-1,,,Noise
0,61.798218,16.226883,,-1,,,Noise
0,-86.916374,83.18225,,-1,,,Noise
0,-77.27747,76.54294,,-1,,,Noise
0,-130.98932,-160.47351,,-1,,,Noise
0,-116.44758,-69.60976,,-1,,,Noise
0,-3.1121826,-7.914398,,-1,,,Noise
0,-47.666367,-110.02347,,-1,,,Noise
0,-37.471268,70.746704,,-1,,,Noise
0,-176.87589,108.80609,,-1,,,Noise
0,145.28363,-17.935898,,-1,,,Noise
0,-44.84082,79.640076,,-1,,,Noise
0,-111.42308,-177.03722,,-1,,,Noise
0,-5.8923798,-19.422302,,-1,,,Noise
0,-81.4202,120.63794,,-1,,,Noise
0,5.5483093,85.43771,,-1,,,Noise
0,-83.3458,-168.34729,,-1,,,Noise
0,-113.551994,140.54904,,-1,,,Noise
0,-91.6475,66.282425,,-1,,,Noise
0,-141.27666,-111.57672,,-1,,,Noise
0,-128.99655,117.562256,,-1,,,Noise
0,115.03381,-97.62978,,-1,,,Noise
0,-85.19577,-172.63914,,-1,,,Noise
0,159.33072,90.15405,,-1,,,Noise
0,99.27466,-176.44748,,-1,,,Noise
0,5.2302704,-82.06609,,-1,,,Noise
0,-30.123383,-67.141556,,-1,,,Noise
0,151.83105,-25.799225,,-1,,,Noise
0,-134.23157,-127.19607,,-1,,,Noise
0,-165.52,49.042297,,-1,,,Noise
0,-80.141945,-72.684456,,-1,,,Noise
0,-60.79515,-14.422073,,-1,,,Noise
0,-137.81462,-102.092995,,-1,,,Noise
0,110.12158,131.93042,,-1,,,Noise
0,-83.00415,71.65277,,-1,,,Noise
0,-32.321747,-3.8920746,,-1,,,Noise
0,57.810837,-68.842255,,-1,,,Noise
0,-44.246063,-160.4213,,-1,,,Noise
0,97.24048,-87.098015,,-1,,,Noise
0,-170.80185,-129.10303,,-1,,,Noise
0,155.26154,39.103943,,-1,,,Noise
0,165.8469,62.01274,,-1,,,Noise
0,-46.251892,77.96002,,-1,,,Noise
0,-34.94615,-142.44089,,-1,,,Noise
0,-17.621826,-48.531006,,-1,,,Noise
0,-150.65973,-33.451996,,-1,,,Noise
0,-158.76566,26.230011,,-1,,,Noise
0,-3.1584167,-89.59591,,-1,,,Noise
0,152.0864,90.69635,,-1,,,Noise
0,-129.18803,-155.2582,,-1,,,Noise
0,117.66376,-112.37599,,-1,,,Noise
0,-54.041367,-158.2583,,-1,,,Noise
0,-156.93605,55.74463,,-1,,,Noise
0,176.24387,114.33148,,-1,,,Noise
0,128.22748,-34.26837,,-1,,,Noise
0,109.21976,-128.07845,,-1,,,Noise
0,1.2699432,120.631256,,-1,,,Noise
0,8.431732,121.040344,,-1,,,Noise
0,-143.95937,-52.250008,,-1,,,Noise
0,-152.66516,-5.7534485,,-1,,,Noise
0,145.99948,-43.65654,,-1,,,Noise
0,-145.44196,102.947845,,-1,,,Noise
0,-86.593185,149.04214,,-1,,,Noise
0,51.016907,165.60516,,-1,,,Noise
0,175.60785,-124.62444,,-1,,,Noise
0,-151.51324,-93.016365,,-1,,,Noise
0,179.68213,122.063446,,-1,,,Noise
0,174.91467,102.232635,,-1,,,Noise
0,108.39343,-55.971245,,-1,,,Noise
0,160.98828,93.80774,,-1,,,Noise
0,94.945984,-92.88113,,-1,,,Noise
0,-93.223434,72.466034,,-1,,,Noise
0,43.121994,-97.16647,,-1,,,Noise
0,-47.308243,-24.083923,,-1,,,Noise
0,-103.18911,101.458435,,-1,,,Noise
0,0.18928528,-63.447823,,-1,,,Noise
0,135.78967,167.96982,,-1,,,Noise
0,0.1648407,64.1221,,-1,,,Noise
0,-97.507484,105.74222,,-1,,,Noise
0,-89.647766,154.87683,,-1,,,Noise
0,-45.850906,-122.283806,,-1,,,Noise
0,-113.840065,-164.45375,,-1,,,Noise
0,-118.23048,126.35388,,-1,,,Noise
0,119.334564,-118.670395,,-1,,,Noise
0,20.926239,-105.601524,,-1,,,Noise
0,91.142456,-37.075195,,-1,,,Noise
0,100.644226,101.61633,,-1,,,Noise
0,-8.380569,-71.71731,,-1,,,Noise
0,-104.315765,155.259,,-1,,,Noise
0,51.160873,-145.10928,,-1,,,Noise
0,8.6749115,128.04529,,-1,,,Noise
0,142.36871,-92.464676,,-1,,,Noise
0,92.33539,173.23767,,-1,,,Noise
0,-149.1025,29.177444,,-1,,,Noise
0,54.308426,25.526596,,-1,,,Noise
0,-116.4873,70.27222,,-1,,,Noise
0,-153.0264,98.7012,,-1,,,Noise
0,-65.63824,-177.54904,,-1,,,Noise
0,11.675751,-108.19844,,-1,,,Noise
0,-28.630646,48.079895,,-1,,,Noise
0,146.57742,33.857635,,-1,,,Noise
0,38.475555,148.21863,,-1,,,Noise
0,-179.35422,114.22073,,-1,,,Noise
0,-6.6451416,95.450775,,-1,,,Noise
0,66.55704,-164.43672,,-1,,,Noise
0,51.80365,-176.09352,,-1,,,Noise
0,-46.78279,31.247147,,-1,,,Noise
0,-131.0023,30.495453,,-1,,,Noise
0,104.80426,-90.917854,,-1,,,Noise
0,-114.41766,4.5350037,,-1,,,Noise
0,19.844574,-86.12663,,-1,,,Noise
0,47.16902,-166.75851,,-1,,,Noise
0,-171.20456,-130.74445,,-1,,,Noise
0,52.4252,-123.72093,,-1,,,Noise
0,165.81439,-120.0729,,-1,,,Noise
0,161.51044,-89.40193,,-1,,,Noise
0,152.18137,128.73804,,-1,,,Noise
0,-74.55225,46.950195,,-1,,,Noise
0,-74.98292,39.37056,,-1,,,Noise
0,-160.30528,101.7702,,-1,,,Noise
0,91.08783,-37.519028,,-1,,,Noise
0,57.275543,-59.932632,,-1,,,Noise
0,59.86789,-22.163422,,-1,,,Noise
0,-133.12415,104.45752,,-1,,,Noise
0,157.7402,-32.29135,,-1,,,Noise
0,133.42682,-128.13313,,-1,,,Noise
0,153.09003,-85.306526,,-1,,,Noise
0,-26.880737,21.056122,,-1,,,Noise
0,3.0904083,-19.225327,,-1,,,Noise
0,-3.1795044,62.388794,,-1,,,Noise
0,11.10733,-54.460365,,-1,,,Noise
0,150.96326,-38.037704,,-1,,,Noise
0,-88.3504,-155.80707,,-1,,,Noise
0,139.72836,179.94284,,-1,,,Noise
0,88.262634,-83.354485,,-1,,,Noise
0,-80.48142,-135.1928,,-1,,,Noise
0,179.54718,133.9729,,-1,,,Noise
0,61.818253,-109.38644,,-1,,,Noise
0,114.1759,110.164734,,-1,,,Noise
0,-35.40802,108.04813,,-1,,,Noise
0,63.9523,168.6529,,-1,,,Noise
0,158.82281,117.8587,,-1,,,Noise
0,-9.148254,4.5487976,,-1,,,Noise
0,110.31418,-109.76481,,-1,,,Noise
0,-3.954483,-16.783905,,-1,,,Noise
0,-9.60733,86.50787,,-1,,,Noise
0,-132.57916,128.39139,,-1,,,Noise
0,-75.7679,124.483185,,-1,,,Noise
0,144.57355,26.962433,,-1,,,Noise
0,-147.9592,-132.0422,,-1,,,Noise
0,122.68762,-59.162148,,-1,,,Noise
0,8.383575,-102.19359,,-1,,,Noise
0,41.07242,-108.54581,,-1,,,Noise
0,-157.76764,38.305923,,-1,,,Noise
0,68.14407,-123.75862,,-1,,,Noise
0,-125.17776,-81.74571,,-1,,,Noise
0,-137.46153,29.169098,,-1,,,Noise
0,72.10315,-105.87145,,-1,,,Noise
0,31.70108,-114.1181,,-1,,,Noise
0,-72.360916,160.2941,,-1,,,Noise
0,163.59808,144.62561,,-1,,,Noise
0,55.29068,175.03665,,-1,,,Noise
0,168.08481,140.12463,,-1,,,Noise
0,-86.369606,55.57451,,-1,,,Noise
0,-119.83351,84.18591,,-1,,,Noise
0,60.97522,-83.89665,,-1,,,Noise
0,-5.5236664,68.89989,,-1,,,Noise
0,-17.477432,-70.003624,,-1,,,Noise
0,-136.61665,17.003403,,-1,,,Noise
0,128.46497,78.913635,,-1,,,Noise
0,49.527496,146.09705,,-1,,,Noise
0,172.03116,-80.92233,,-1,,,Noise
0,-130.84326,-131.23442,,-1,,,Noise
0,109.266235,160.26965,,-1,,,Noise
0,165.08206,40.313766,,-1,,,Noise
0,124.611755,83.44467,,-1,,,Noise
0,125.96454,-102.18702,,-1,,,Noise
0,55.130844,-160.00626,,-1,,,Noise
0,-141.02527,46.37329,,-1,,,Noise
0,-86.7606,120.77869,,-1,,,Noise
0,154.05594,-101.07582,,-1,,,Noise
0,125.894714,-168.03232,,-1,,,Noise
0,-176.02893,50.7912,,-1,,,Noise
0,-141.06024,22.97911,,-1,,,Noise
0,-96.26009,-177.91022,,-1,,,Noise
0,19.919388,-87.622246,,-1,,,Noise
0,46.11708,148.01624,,-1,,,Noise
0,70.36502,85.25705,,-1,,,Noise
0,-61.12645,40.33931,,-1,,,Noise
0,63.75592,-136.63786,,-1,,,Noise
0,-123.348175,81.08258,,-1,,,Noise
0,-105.458664,62.681213,,-1,,,Noise
0,28.695374,-89.644,,-1,,,Noise
0,-129.18329,-137.21924,,-1,,,Noise
0,130.57462,-176.57805,,-1,,,Noise
0,-70.9054,152.96991,,-1,,,Noise
0,127.09454,142.42725,,-1,,,Noise
0,-128.96823,-172.75531,,-1,,,Noise
0,-168.07162,-30.968262,,-1,,,Noise
0,-86.69023,134.47052,,-1,,,Noise
0,56.89499,-121.51581,,-1,,,Noise
0,-33.839325,36.017014,,-1,,,Noise
0,-159.72777,-80.82211,,-1,,,Noise
0,-67.77176,84.20627,,-1,,,Noise
0,-18.248672,90.66632,,-1,,,Noise
0,-83.48133,161.27716,,-1,,,Noise
0,-46.337997,94.2301,,-1,,,Noise
0,28.759094,-99.646484,,-1,,,Noise
0,34.766296,122.940796,,-1,,,Noise
0,137.06427,177.88058,,-1,,,Noise
0,-3.897644,111.38635,,-1,,,Noise
0,-149.66205,-5.741165,,-1,,,Noise
0,-5.200287,-63.18934,,-1,,,Noise
0,67.05139,-69.59512,,-1,,,Noise
0,178.26181,-125.56913,,-1,,,Noise
0,104.313354,118.055786,,-1,,,Noise
0,-122.05172,-136.05931,,-1,,,Noise
0,-2.6106415,-33.529892,,-1,,,Noise
0,109.78375,137.46793,,-1,,,Noise
0,20.168625,-19.610611,,-1,,,Noise
0,2.7943115,72.93404,,-1,,,Noise
0,-46.894745,-66.85998,,-1,,,Noise
0,-104.07469,122.23221,,-1,,,Noise
0,-164.42996,-50.41121,,-1,,,Noise
0,-175.63208,64.84108,,-1,,,Noise
0,-139.74632,-148.15279,,-1,,,Noise
0,66.92679,-55.021454,,-1,,,Noise
0,-76.470055,174.43164,,-1,,,Noise
0,168.34082,-101.94718,,-1,,,Noise
0,-113.674446,104.5751,,-1,,,Noise
0,-13.503876,-75.25572,,-1,,,Noise
0,-40.668762,106.86932,,-1,,,Noise
0,-127.56228,27.48288,,-1,,,Noise
0,163.682,-36.84111,,-1,,,Noise
0,92.03995,-77.42574,,-1,,,Noise
0,111.125946,-57.6976,,-1,,,Noise
0,121.1416,-1.0495453,,-1,,,Noise
0,-125.38058,38.25438,,-1,,,Noise
0,-11.956787,-49.710693,,-1,,,Noise
0,-59.089905,90.46005,,-1,,,Noise
0,148.46277,22.821503,,-1,,,Noise
0,121.895386,-53.176453,,-1,,,Noise
0,-140.74088,-89.05558,,-1,,,Noise
0,67.18384,-81.21063,,-1,,,Noise
0,13.827866,7.62265,,-1,,,Noise
0,-88.81734,5.0856323,,-1,,,Noise
0,-57.059753,57.852905,,-1,,,Noise
0,-84.63696,-177.87653,,-1,,,Noise
0,-11.407639,3.2250519,,-1,,,Noise
0,3.760254,60.25496,,-1,,,Noise
0,60.63864,-68.90443,,-1,,,Noise
0,169.51343,139.3971,,-1,,,Noise
0,-46.31604,9.901199,,-1,,,Noise
0,108.50696,150.97299,,-1,,,Noise
0,-130.17313,62.224564,,-1,,,Noise
0,44.059036,-179.67271,,-1,,,Noise
0,-40.598297,100.92398,,-1,,,Noise
0,112.75928,-62.78421,,-1,,,Noise
0,-83.035065,-30.952698,,-1,,,Noise
0,128.76334,-40.464417,,-1,,,Noise
0,-155.99223,38.281876,,-1,,,Noise
0,38.138412,-71.09395,,-1,,,Noise
0,17.055374,-48.307343,,-1,,,Noise
0,-61.933258,64.895065,,-1,,,Noise
0,-109.31667,-129.33449,,-1,,,Noise
0,101.95276,-126.03914,,-1,,,Noise
0,-89.74999,117.22604,,-1,,,Noise
0,137.85052,-63.543945,,-1,,,Noise
0,-87.3004,151.33344,,-1,,,Noise
0,52.110092,71.5159,,-1,,,Noise
0,125.23297,-127.24061,,-1,,,Noise
0,73.193054,-85.604256,,-1,,,Noise
0,-133.70961,8.912201,,-1,,,Noise
0,-148.47548,-132.41669,,-1,,,Noise
0,-29.407028,-98.934586,,-1,,,Noise
0,123.23474,-79.41844,,-1,,,Noise
0,-105.29685,14.912445,,-1,,,Noise
0,156.13684,160.41943,,-1,,,Noise
0,-148.29881,124.89282,,-1,,,Noise
0,94.694244,172.23761,,-1,,,Noise
0,-6.717758,65.25754,,-1,,,Noise
0,-120.00701,120.27359,,-1,,,Noise
0,-5.4071045,-11.030243,,-1,,,Noise
0,14.145554,-75.837715,,-1,,,Noise
0,143.07904,-127.46708,,-1,,,Noise
0,-81.853516,166.39304,,-1,,,Noise
0,109.59073,-178.81998,,-1,,,Noise
0,-26.219055,-81.1722,,-1,,,Noise
0,154.48306,161.0344,,-1,,,Noise
0,-135.05098,80.83356,,-1,,,Noise
0,108.265076,80.7182,,-1,,,Noise
0,24.177765,40.092484,,-1,,,Noise
0,69.61221,-179.09087,,-1,,,Noise
0,1.1343689,66.31839,,-1,,,Noise
0,-171.66077,122.31671,,-1,,,Noise
0,-100.17395,87.923096,,-1,,,Noise
0,-27.358627,-154.09215,,-1,,,Noise
0,-37.370285,56.106506,,-1,,,Noise
0,25.388794,102.56085,,-1,,,Noise
0,94.38251,-20.128723,,-1,,,Noise
0,-86.85466,114.498474,,-1,,,Noise
0,26.709808,90.99707,,-1,,,Noise
0,64.01285,108.42294,,-1,,,Noise
0,147.03296,-25.240265,,-1,,,Noise
0,24.14885,104.79422,,-1,,,Noise
0,167.83527,102.28125,,-1,,,Noise
0,8.729935,40.789062,,-1,,,Noise
0,92.55505,-166.67384,,-1,,,Noise
0,-89.70876,-160.81352,,-1,,,Noise
0,119.58063,-79.79674,,-1,,,Noise
0,-125.20923,37.048492,,-1,,,Noise
0,-2.6121216,-93.98788,,-1,,,Noise
0,-119.987885,-115.809814,,-1,,,Noise
0,-129.74965,-109.06557,,-1,,,Noise
0,-132.16745,-126.81647,,-1,,,Noise
0,96.17096,-158.7652,,-1,,,Noise
0,105.54376,-83.58545,,-1,,,Noise
0,43.4368,-113.64624,,-1,,,Noise
0,-170.43741,94.42023,,-1,,,Noise
0,-70.8914,-138.05339,,-1,,,Noise
0,122.51654,179.98245,,-1,,,Noise
0,0.42274475,49.92015,,-1,,,Noise
0,107.56531,-25.264374,,-1,,,Noise
0,90.86444,142.23032,,-1,,,Noise
0,16.780914,-4.4112854,,-1,,,Noise
0,18.983795,-104.86735,,-1,,,Noise
0,-164.58313,-132.73224,,-1,,,Noise
0,27.128586,-54.3658,,-1,,,Noise
0,-123.88528,-172.72133,,-1,,,Noise
0,-48.66617,-125.94071,,-1,,,Noise
0,-108.98313,28.284012,,-1,,,Noise
0,-64.092575,10.984665,,-1,,,Noise
0,157.45483,-37.703262,,-1,,,Noise
0,86.18744,-86.045296,,-1,,,Noise
0,-105.69963,-124.068405,,-1,,,Noise
0,32.062683,86.52121,,-1,,,Noise
0,-100.39741,110.607025,,-1,,,Noise
0,-167.2087,97.7865,,-1,,,Noise
0,82.66876,153.74908,,-1,,,Noise
0,-50.830643,-158.88426,,-1,,,Noise
0,82.019196,102.388916,,-1,,,Noise
0,-126.9154,55.992615,,-1,,,Noise
0,-151.39633,45.890564,,-1,,,Noise
0,4.7628174,80.452484,,-1,,,Noise
0,112.059814,158.32556,,-1,,,Noise
0,42.43811,-179.42131,,-1,,,Noise
0,-171.26874,117.92877,,-1,,,Noise
0,-69.66368,44.673294,,-1,,,Noise
0,-70.92756,109.28912,,-1,,,Noise
0,96.70007,115.93698,,-1,,,Noise
0,-89.18544,147.10449,,-1,,,Noise
0,-15.197632,-36.563995,,-1,,,Noise
0,-162.03513,-44.305557,,-1,,,Noise
0,-89.45315,79.63208,,-1,,,Noise
0,-90.9079,151.22845,,-1,,,Noise
0,134.80267,-120.797646,,-1,,,Noise
0,-134.16304,37.49524,,-1,,,Noise
0,11.57724,-103.26775,,-1,,,Noise
0,6.9253235,-33.622482,,-1,,,Noise
0,65.45703,-57.855476,,-1,,,Noise
0,-155.63577,57.964447,,-1,,,Noise
0,-97.39916,47.428986,,-1,,,Noise
0,10.747803,57.865234,,-1,,,Noise
0,152.78821,-91.29081,,-1,,,Noise
0,24.103378,-38.55333,,-1,,,Noise
0,88.208954,-84.969406,,-1,,,Noise
0,-136.32466,54.53279,,-1,,,Noise
0,165.31934,-51.36377,,-1,,,Noise
0,89.11389,-65.75612,,-1,,,Noise
0,159.16858,-36.552673,,-1,,,Noise
0,-146.3842,-26.086365,,-1,,,Noise
0,-149.38873,38.886246,,-1,,,Noise
0,123.310394,-137.34045,,-1,,,Noise
0,155.97388,-112.573586,,-1,,,Noise
0,177.1005,-133.7724,,-1,,,Noise
0,-56.78189,30.971985,,-1,,,Noise
0,-82.48116,-163.2944,,-1,,,Noise
0,-22.628647,102.085266,,-1,,,Noise
0,95.58667,144.54547,,-1,,,Noise
0,40.913467,-87.44647,,-1,,,Noise
0,166.74075,137.95569,,-1,,,Noise
0,9.214096,-92.06243,,-1,,,Noise
0,-120.940834,-135.48705,,-1,,,Noise
0,-51.440643,-115.24359,,-1,,,Noise
0,-138.723,94.138916,,-1,,,Noise
0,-33.381927,-119.64868,,-1,,,Noise
0,-0.3780365,-41.256622,,-1,,,Noise
0,100.966675,118.84155,,-1,,,Noise
0,-166.89171,-30.615234,,-1,,,Noise
0,1.9079285,80.56433,,-1,,,Noise
0,-102.412544,127.29474,,-1,,,Noise
0,-103.537544,46.22986,,-1,,,Noise
0,-22.307877,1.2007294,,-1,,,Noise
0,0.69921875,-22.988373,,-1,,,Noise
0,171.11746,-112.39873,,-1,,,Noise
0,-162.32309,-114.22778,,-1,,,Noise
0,10.456543,78.377686,,-1,,,Noise
0,-55.51394,106.06995,,-1,,,Noise
0,169.78113,72.11194,,-1,,,Noise
0,-10.8311615,-102.142624,,-1,,,Noise
0,167.68295,-119.739006,,-1,,,Noise
0,-50.618576,177.6265,,-1,,,Noise
0,-82.910126,132.89856,,-1,,,Noise
0,-35.302155,-124.89062,,-1,,,Noise
0,-90.05276,-83.296,,-1,,,Noise
0,146.57104,110.01135,,-1,,,Noise
0,26.133484,17.055023,,-1,,,Noise
0,-66.72563,144.60626,,-1,,,Noise
0,-116.91226,171.63367,,-1,,,Noise
0,22.806366,127.9126,,-1,,,Noise
0,169.25113,138.0423,,-1,,,Noise
0,-73.651276,146.51715,,-1,,,Noise
0,-47.821762,70.0173,,-1,,,Noise
0,0.6393738,-20.311783,,-1,,,Noise
0,-116.83303,-126.981964,,-1,,,Noise
0,53.96846,-158.45941,,-1,,,Noise
0,-103.22469,122.50342,,-1,,,Noise
0,66.67239,-154.83551,,-1,,,Noise
0,122.65988,-88.752365,,-1,,,Noise
0,136.66016,-152.6958,,-1,,,Noise
0,-29.33374,-142.06853,,-1,,,Noise
0,-99.88678,118.32599,,-1,,,Noise
0,-127.72182,108.48859,,-1,,,Noise
0,56.03882,-20.03386,,-1,,,Noise
0,0.2723236,126.395996,,-1,,,Noise
0,-54.73633,-63.753555,,-1,,,Noise
0,40.747314,154.25397,,-1,,,Noise
0,-103.408165,94.352234,,-1,,,Noise
0,-46.698425,102.67465,,-1,,,Noise
0,-138.15396,-9.696655,,-1,,,Noise
0,-14.580994,-106.41255,,-1,,,Noise
0,89.2092,130.92633,,-1,,,Noise
0,67.44031,-118.34648,,-1,,,Noise
0,-27.908234,38.768402,,-1,,,Noise
0,-77.84293,99.10864,,-1,,,Noise
0,-162.14029,16.892227,,-1,,,Noise
0,-110.73329,130.89694,,-1,,,Noise
0,-138.18756,-107.45086,,-1,,,Noise
0,52.238495,-72.73223,,-1,,,Noise
0,2.216751,84.298676,,-1,,,Noise
0,63.361008,165.53027,,-1,,,Noise
0,-64.71366,-0.54338074,,-1,,,Noise
0,-15.643036,72.713394,,-1,,,Noise
0,-129.74684,13.059235,,-1,,,Noise
0,171.70587,110.31,,-1,,,Noise
0,-40.366486,21.760391,,-1,,,Noise
0,-146.96808,117.072784,,-1,,,Noise
0,77.15964,-45.49591,,-1,,,Noise
0,122.79312,174.23804,,-1,,,Noise
0,-70.5848,64.81612,,-1,,,Noise
0,176.81265,-63.60956,,-1,,,Noise
0,-0.5707092,-55.184586,,-1,,,Noise
0,17.511642,57.842255,,-1,,,Noise
0,123.01541,-43.51808,,-1,,,Noise
0,-115.18098,136.12988,,-1,,,Noise
0,-47.80455,63.91075,,-1,,,Noise
0,42.774033,123.13992,,-1,,,Noise
0,-48.128677,107.3418,,-1,,,Noise
0,-89.37482,81.5491,,-1,,,Noise
0,-121.18065,-18.36316,,-1,,,Noise
0,44.969894,-55.308517,,-1,,,Noise
0,-48.00699,74.39395,,-1,,,Noise
0,-69.70395,-149.21094,,-1,,,Noise
0,-136.90933,120.71356,,-1,,,Noise
0,122.42236,-66.25588,,-1,,,Noise
0,-22.751709,58.113434,,-1,,,Noise
0,62.870956,-50.6185,,-1,,,Noise
0,0.03678894,86.90808,,-1,,,Noise
0,-69.88886,-137.30655,,-1,,,Noise
0,135.07031,28.043076,,-1,,,Noise
0,-169.91998,-144.89417,,-1,,,Noise
0,-76.26203,113.00256,,-1,,,Noise
0,-70.56425,-44.208237,,-1,,,Noise
0,-173.78717,21.66478,,-1,,,Noise
0,134.72784,101.0249,,-1,,,Noise
0,-175.04892,107.40604,,-1,,,Noise
0,-69.25748,132.73865,,-1,,,Noise
0,-167.32954,39.106415,,-1,,,Noise
0,115.98511,-95.336334,,-1,,,Noise
0,-74.66853,132.9671,,-1,,,Noise
0,80.58554,-119.19221,,-1,,,Noise
0,173.31113,-130.66096,,-1,,,Noise
0,-175.4292,34.132004,,-1,,,Noise
0,127.18457,-97.48847,,-1,,,Noise
0,-160.46652,-125.494736,,-1,,,Noise
0,83.744415,-179.81093,,-1,,,Noise
0,-33.361664,-69.838745,,-1,,,Noise
0,26.681107,15.663086,,-1,,,Noise
0,144.83856,-121.24688,,-1,,,Noise
0,-148.23018,118.885254,,-1,,,Noise
0,6.1672363,82.02899,,-1,,,Noise
0,-174.09685,77.31561,,-1,,,Noise
0,-36.17328,-8.135803,,-1,,,Noise
0,-5.1806946,-108.780624,,-1,,,Noise
0,141.92145,41.99504,,-1,,,Noise
0,41.705627,126.6626,,-1,,,Noise
0,152.30951,151.38065,,-1,,,Noise
0,10.016785,-55.00502,,-1,,,Noise
0,-77.51354,179.04828,,-1,,,Noise
0,-139.20404,100.68024,,-1,,,Noise
0,112.19702,-96.68799,,-1,,,Noise
0,-156.92287,98.41733,,-1,,,Noise
0,-96.53869,133.48462,,-1,,,Noise
0,-163.17645,26.020187,,-1,,,Noise
0,-23.250717,72.6122,,-1,,,Noise
0,31.729187,138.46402,,-1,,,Noise
0,-60.493454,-10.179794,,-1,,,Noise
0,-85.06817,103.977234,,-1,,,Noise
0,35.035614,-96.124,,-1,,,Noise
0,-70.92558,82.21091,,-1,,,Noise
0,-66.709305,132.76428,,-1,,,Noise
0,103.359314,-41.94687,,-1,,,Noise
0,95.84534,172.67825,,-1,,,Noise
0,146.72003,-118.04696,,-1,,,Noise
0,72.56256,-139.46222,,-1,,,Noise
0,-114.277435,83.21332,,-1,,,Noise
0,-69.807495,-166.39519,,-1,,,Noise
0,45.53012,150.77863,,-1,,,Noise
0,-21.98375,22.278381,,-1,,,Noise
0,-72.08468,-6.7402496,,-1,,,Noise
0,42.92679,-97.252884,,-1,,,Noise
0,-25.582123,-119.94545,,-1,,,Noise
0,-44.50879,63.14435,,-1,,,Noise
0,-163.01353,-69.6298,,-1,,,Noise
0,167.24707,145.41861,,-1,,,Noise
0,102.3609,-2.2371063,,-1,,,Noise
0,-148.50006,-66.23427,,-1,,,Noise
0,-119.08563,-70.081505,,-1,,,Noise
0,8.21521,24.74556,,-1,,,Noise
0,110.30768,72.469025,,-1,,,Noise
0,112.73706,-59.024216,,-1,,,Noise
0,3.904419,-19.809402,,-1,,,Noise
0,-2.685135,-78.05322,,-1,,,Noise
0,-57.70746,-5.9353027,,-1,,,Noise
0,-104.11132,8.778976,,-1,,,Noise
0,-148.82535,107.232605,,-1,,,Noise
0,-95.80429,142.84033,,-1,,,Noise
0,125.08954,142.95087,,-1,,,Noise
0,104.19821,176.39145,,-1,,,Noise
0,69.806305,146.31598,,-1,,,Noise
0,-0.15013123,-49.054245,,-1,,,Noise
0,-76.85209,-174.73447,,-1,,,Noise
0,-22.152252,93.43701,,-1,,,Noise
0,-155.12326,26.46376,,-1,,,Noise
0,-7.1009216,4.641464,,-1,,,Noise
0,-0.8964386,9.865509,,-1,,,Noise
0,179.52136,135.44351,,-1,,,Noise
0,89.63672,170.2912,,-1,,,Noise
0,-104.99058,170.48987,,-1,,,Noise
0,27.486008,-91.427704,,-1,,,Noise
0,-40.76828,-150.35445,,-1,,,Noise
0,-65.25549,61.638443,,-1,,,Noise
0,-86.37991,172.63913,,-1,,,Noise
0,-103.790985,106.113495,,-1,,,Noise
0,112.17572,-64.19785,,-1,,,Noise
0,-30.319183,-35.192596,,-1,,,Noise
0,139.6243,-122.00156,,-1,,,Noise
0,-89.71187,-50.68622,,-1,,,Noise
0,42.68927,-179.82701,,-1,,,Noise
0,-169.58884,75.501724,,-1,,,Noise
0,-172.88995,-141.1786,,-1,,,Noise
5,1.1638641,153.9469,1.0,0,-4.991673670136682,170.98839371562275,Unknown
5,-15.216995,136.78519,1.0,0,-4.991673670136682,170.98839371562275,Unknown
5,-29.740753,144.31863,1.0,0,-4.991673670136682,170.98839371562275,Unknown
5,0.30685425,176.95993,1.0,0,-4.991673670136682,170.98839371562275,Unknown
5,-17.764389,107.40292,1.0,0,-4.991673670136682,170.98839371562275,Unknown
5,12.189575,156.64352,1.0,0,-4.991673670136682,170.98839371562275,Unknown
5,-1.4486694,116.16553,1.0,0,-4.991673670136682,170.98839371562275,Unknown
5,0.9011383,-163.70163,1.0,0,-4.991673670136682,170.98839371562275,Unknown
5,-46.28264,138.81598,1.0,0,-4.991673670136682,170.98839371562275,Unknown
5,11.168884,-171.4806,1.0,0,-4.991673670136682,170.98839371562275,Unknown
5,-15.609314,123.230286,1.0,0,-4.991673670136682,170.98839371562275,Unknown
5,39.728012,-157.66719,1.0,0,-4.991673670136682,170.98839371562275,Unknown
5,-36.654144,122.96838,1.0,0,-4.991673670136682,170.98839371562275,Unknown
5,-7.187958,-152.69832,1.0,0,-4.991673670136682,170.98839371562275,Unknown
5,17.648483,-151.83928,1.0,0,-4.991673670136682,170.98839371562275,Unknown
5,7.377426,-163.17885,1.0,0,-4.991673670136682,170.98839371562275,Unknown
5,-27.607666,137.70535,1.0,0,-4.991673670136682,170.98839371562275,Unknown
5,-18.094925,174.44159,1.0,0,-4.991673670136682,170.98839371562275,Unknown
5,-26.091278,145.97498,1.0,0,-4.991673670136682,170.98839371562275,Unknown
5,10.132385,-154.26273,1.0,0,-4.991673670136682,170.98839371562275,Unknown
5,-39.10675,138.99976,1.0,0,-4.991673670136682,170.98839371562275,Unknown
5,-28.889801,124.34375,1.0,0,-4.991673670136682,170.98839371562275,Unknown
5,-2.0289764,153.61316,1.0,0,-4.991673670136682,170.98839371562275,Unknown
5,-4.5522614,139.97937,1.0,0,-4.991673670136682,170.98839371562275,Unknown
5,18.046097,-141.8044,1.0,0,-4.991673670136682,170.98839371562275,Unknown
5,-35.79384,132.54651,1.0,0,-4.991673670136682,170.98839371562275,Unknown
5,-13.708603,-149.45331,1.0,0,-4.991673670136682,170.98839371562275,Unknown
5,-44.702972,155.53577,1.0,0,-4.991673670136682,170.98839371562275,Unknown
5,12.674698,-163.70972,1.0,0,-4.991673670136682,170.98839371562275,Unknown
5,-10.31575,-167.28555,1.0,0,-4.991673670136682,170.98839371562275,Unknown
5,-18.614258,152.93066,1.0,0,-4.991673670136682,170.98839371562275,Unknown
5,1.6009064,-144.32779,1.0,0,-4.991673670136682,170.98839371562275,Unknown
5,20.473312,175.01505,1.0,0,-4.991673670136682,170.98839371562275,Unknown
5,-14.184128,-152.12596,1.0,0,-4.991673670136682,170.98839371562275,Unknown
5,-13.060928,131.01782,1.0,0,-4.991673670136682,170.98839371562275,Unknown
5,-22.659973,-178.07512,1.0,0,-4.991673670136682,170.98839371562275,Unknown
5,-16.665817,160.32849,1.0,0,-4.991673670136682,170.98839371562275,Unknown
5,-30.834808,153.28192,1.0,0,-4.991673670136682,170.98839371562275,Unknown
5,-2.5359344,175.2976,1.0,0,-4.991673670136682,170.98839371562275,Unknown
5,14.789017,-157.56444,1.0,0,-4.991673670136682,170.98839371562275,Unknown
5,-7.364929,126.23309,1.0,0,-4.991673670136682,170.98839371562275,Unknown
5,-35.028076,121.804535,1.0,0,-4.991673670136682,170.98839371562275,Unknown
5,-10.307556,163.21576,1.0,0,-4.991673670136682,170.98839371562275,Unknown
5,-12.144333,-159.72333,1.0,0,-4.991673670136682,170.98839371562275,Unknown
5,-15.594284,176.99078,1.0,0,-4.991673670136682,170.98839371562275,Unknown
5,23.984863,-157.05223,1.0,0,-4.991673670136682,170.98839371562275,Unknown
5,-12.155869,165.37231,1.0,0,-4.991673670136682,170.98839371562275,Unknown
5,3.0894928,160.8222,1.0,0,-4.991673670136682,170.98839371562275,Unknown
5,-31.86621,-179.97176,1.0,0,-4.991673670136682,170.98839371562275,Unknown
5,12.04158,-175.69643,1.0,0,-4.991673670136682,170.98839371562275,Unknown
5,-16.063599,-156.33524,1.0,0,-4.991673670136682,170.98839371562275,Unknown
5,2.900528,-160.6948,1.0,0,-4.991673670136682,170.98839371562275,Unknown
5,-7.68486,-141.28403,1.0,0,-4.991673670136682,170.98839371562275,Unknown
5,22.044159,-161.37589,1.0,0,-4.991673670136682,170.98839371562275,Unknown
5,23.031403,-179.83534,1.0,0,-4.991673670136682,170.98839371562275,Unknown
5,43.033813,-158.05162,1.0,0,-4.991673670136682,170.98839371562275,Unknown
5,-2.8091278,-141.04178,1.0,0,-4.991673670136682,170.98839371562275,Unknown
5,18.710114,-177.06604,1.0,0,-4.991673670136682,170.98839371562275,Unknown
5,0.006866455,-167.05183,1.0,0,-4.991673670136682,170.98839371562275,Unknown
5,10.608902,-156.4287,1.0,0,-4.991673670136682,170.98839371562275,Unknown
5,-23.01854,131.08875,1.0,0,-4.991673670136682,170.98839371562275,Unknown
5,-9.521988,124.12787,1.0,0,-4.991673670136682,170.98839371562275,Unknown
5,-14.69368,153.68771,1.0,0,-4.991673670136682,170.98839371562275,Unknown
5,-34.781113,134.13568,1.0,0,-4.991673670136682,170.98839371562275,Unknown
5,-19.3815,153.15796,1.0,0,-4.991673670136682,170.98839371562275,Unknown
5,1.8531189,177.76093,1.0,0,-4.991673670136682,170.98839371562275,Unknown
5,-39.834076,159.13861,1.0,0,-4.991673670136682,170.98839371562275,Unknown
5,16.417969,163.88892,1.0,0,-4.991673670136682,170.98839371562275,Unknown
5,-4.701645,-149.01729,1.0,0,-4.991673670136682,170.98839371562275,Unknown
5,19.655548,179.2331,1.0,0,-4.991673670136682,170.98839371562275,Unknown
5,6.3726654,172.58243,1.0,0,-4.991673670136682,170.98839371562275,Unknown
5,-19.381805,122.32181,1.0,0,-4.991673670136682,170.98839371562275,Unknown
5,27.97026,-169.10959,1.0,0,-4.991673670136682,170.98839371562275,Unknown
5,11.1502075,156.52597,1.0,0,-4.991673670136682,170.98839371562275,Unknown
5,-6.97937,124.28418,1.0,0,-4.991673670136682,170.98839371562275,Unknown
5,17.57132,-157.00046,1.0,0,-4.991673670136682,170.98839371562275,Unknown
5,18.89711,178.33557,1.0,0,-4.991673670136682,170.98839371562275,Unknown
5,24.224533,-157.34166,1.0,0,-4.991673670136682,170.98839371562275,Unknown
5,10.556686,166.87299,1.0,0,-4.991673670136682,170.98839371562275,Unknown
5,-19.429764,175.78546,1.0,0,-4.991673670136682,170.98839371562275,Unknown
5,-24.21968,148.31393,1.0,0,-4.991673670136682,170.98839371562275,Unknown
5,29.839493,-155.27663,1.0,0,-4.991673670136682,170.98839371562275,Unknown
5,22.643768,-159.99641,1.0,0,-4.991673670136682,170.98839371562275,Unknown
5,-22.233154,145.6766,1.0,0,-4.991673670136682,170.98839371562275,Unknown
5,-17.798721,138.03638,1.0,0,-4.991673670136682,170.98839371562275,Unknown
5,-8.330429,-174.68379,1.0,0,-4.991673670136682,170.98839371562275,Unknown
5,-17.39824,168.60196,1.0,0,-4.991673670136682,170.98839371562275,Unknown
5,-29.463013,162.47397,1.0,0,-4.991673670136682,170.98839371562275,Unknown
5,-27.926086,130.86346,1.0,0,-4.991673670136682,170.98839371562275,Unknown
5,15.2808075,-169.86984,1.0,0,-4.991673670136682,170.98839371562275,Unknown
5,19.873291,175.22498,1.0,0,-4.991673670136682,170.98839371562275,Unknown
5,19.825577,176.1117,1.0,0,-4.991673670136682,170.98839371562275,Unknown
5,0.8277893,-165.92415,1.0,0,-4.991673670136682,170.98839371562275,Unknown
5,-20.939407,-145.72536,1.0,0,-4.991673670136682,170.98839371562275,Unknown
5,-10.235458,132.67822,1.0,0,-4.991673670136682,170.98839371562275,Unknown
5,-16.065292,156.71848,1.0,0,-4.991673670136682,170.98839371562275,Unknown
5,-47.735565,124.85571,1.0,0,-4.991673670136682,170.98839371562275,Unknown
5,-31.137146,132.72397,1.0,0,-4.991673670136682,170.98839371562275,Unknown
5,-7.9074707,154.2489,1.0,0,-4.991673670136682,170.98839371562275,Unknown
5,-19.60707,172.36197,1.0,0,-4.991673670136682,170.98839371562275,Unknown
5,-9.07576,148.1839,1.0,0,-4.991673670136682,170.98839371562275,Unknown
5,-12.905121,-173.22118,1.0,0,-4.991673670136682,170.98839371562275,Unknown
5,-4.414551,-170.84938,1.0,0,-4.991673670136682,170.98839371562275,Unknown
5,30.506058,-146.87524,1.0,0,-4.991673670136682,170.98839371562275,Unknown
5,37.887634,178.59308,1.0,0,-4.991673670136682,170.98839371562275,Unknown
5,-16.029617,-142.76135,1.0,0,-4.991673670136682,170.98839371562275,Unknown
5,-9.432785,133.30249,1.0,0,-4.991673670136682,170.98839371562275,Unknown
5,13.595764,-164.99689,1.0,0,-4.991673670136682,170.98839371562275,Unknown
5,23.146942,163.76645,1.0,0,-4.991673670136682,170.98839371562275,Unknown
5,0.91734314,-167.19484,1.0,0,-4.991673670136682,170.98839371562275,Unknown
5,29.65857,-163.93153,1.0,0,-4.991673670136682,170.98839371562275,Unknown
5,-27.735687,149.79004,1.0,0,-4.991673670136682,170.98839371562275,Unknown
5,-39.526398,159.0882,1.0,0,-4.991673670136682,170.98839371562275,Unknown
5,-5.6251984,174.41266,1.0,0,-4.991673670136682,170.98839371562275,Unknown
5,39.414597,-154.65247,1.0,0,-4.991673670136682,170.98839371562275,Unknown
5,-24.352829,-159.4141,1.0,0,-4.991673670136682,170.98839371562275,Unknown
5,-4.112625,140.69315,1.0,0,-4.991673670136682,170.98839371562275,Unknown
5,-25.841904,178.70874,1.0,0,-4.991673670136682,170.98839371562275,Unknown
5,8.069778,150.12732,1.0,0,-4.991673670136682,170.98839371562275,Unknown
5,-8.776901,164.21631,1.0,0,-4.991673670136682,170.98839371562275,Unknown
5,-13.942627,-159.71318,1.0,0,-4.991673670136682,170.98839371562275,Unknown
5,38.098633,-148.81631,1.0,0,-4.991673670136682,170.98839371562275,Unknown
5,-5.2781525,-175.54768,1.0,0,-4.991673670136682,170.98839371562275,Unknown
5,3.9680328,-175.78508,1.0,0,-4.991673670136682,170.98839371562275,Unknown
5,-51.414734,130.27698,1.0,0,-4.991673670136682,170.98839371562275,Unknown
5,13.079666,-172.05313,1.0,0,-4.991673670136682,170.98839371562275,Unknown
5,-6.250717,-177.07796,1.0,0,-4.991673670136682,170.98839371562275,Unknown
5,-37.830948,122.83093,1.0,0,-4.991673670136682,170.98839371562275,Unknown
5,-46.990417,140.01477,1.0,0,-4.991673670136682,170.98839371562275,Unknown
5,-4.9459076,-166.28677,1.0,0,-4.991673670136682,170.98839371562275,Unknown
5,15.618057,-165.26933,1.0,0,-4.991673670136682,170.98839371562275,Unknown
5,2.1267853,176.98502,1.0,0,-4.991673670136682,170.98839371562275,Unknown
5,-7.249405,126.210754,1.0,0,-4.991673670136682,170.98839371562275,Unknown
5,1.1255646,139.29144,1.0,0,-4.991673670136682,170.98839371562275,Unknown
5,28.906998,-156.00307,1.0,0,-4.991673670136682,170.98839371562275,Unknown
5,177.6419,162.00778,2.0,1,179.96313606736635,178.33421826802845,Beta/C5
5,173.36548,177.78302,2.0,1,179.96313606736635,178.33421826802845,Beta/C5
5,-172.0705,155.5423,2.0,1,179.96313606736635,178.33421826802845,Beta/C5
5,165.53528,-150.8024,2.0,1,179.96313606736635,178.33421826802845,Beta/C5
5,-157.35362,-170.93681,2.0,1,179.96313606736635,178.33421826802845,Beta/C5
5,-177.73952,158.26349,2.0,1,179.96313606736635,178.33421826802845,Beta/C5
5,-156.5551,171.81512,2.0,1,179.96313606736635,178.33421826802845,Beta/C5
5,-170.0692,161.2185,2.0,1,179.96313606736635,178.33421826802845,Beta/C5
5,-166.91592,-167.99738,2.0,1,179.96313606736635,178.33421826802845,Beta/C5
5,-177.36267,179.63031,2.0,1,179.96313606736635,178.33421826802845,Beta/C5
5,169.60785,-177.40352,2.0,1,179.96313606736635,178.33421826802845,Beta/C5
5,173.89502,-162.62608,2.0,1,179.96313606736635,178.33421826802845,Beta/C5
5,153.40509,-171.6184,2.0,1,179.96313606736635,178.33421826802845,Beta/C5
5,-163.45938,166.72113,2.0,1,179.96313606736635,178.33421826802845,Beta/C5
5,-158.21803,-162.2265,2.0,1,179.96313606736635,178.33421826802845,Beta/C5
5,-147.44969,157.03809,2.0,1,179.96313606736635,178.33421826802845,Beta/C5
5,-165.9932,-161.5478,2.0,1,179.96313606736635,178.33421826802845,Beta/C5
5,-172.62993,177.63483,2.0,1,179.96313606736635,178.33421826802845,Beta/C5
5,-167.06653,160.00897,2.0,1,179.96313606736635,178.33421826802845,Beta/C5
5,-176.9979,162.0998,2.0,1,179.96313606736635,178.33421826802845,Beta/C5
5,-171.95619,146.93472,2.0,1,179.96313606736635,178.33421826802845,Beta/C5
5,-161.71529,-167.02379,2.0,1,179.96313606736635,178.33421826802845,Beta/C5
5,155.82278,-155.08455,2.0,1,179.96313606736635,178.33421826802845,Beta/C5
5,177.16193,144.1347,2.0,1,179.96313606736635,178.33421826802845,Beta/C5
5,-169.08916,167.08807,2.0,1,179.96313606736635,178.33421826802845,Beta/C5
5,147.41998,-142.5708,2.0,1,179.96313606736635,178.33421826802845,Beta/C5
5,-171.12486,-178.86607,2.0,1,179.96313606736635,178.33421826802845,Beta/C5
5,-168.32852,-153.58469,2.0,1,179.96313606736635,178.33421826802845,Beta/C5
5,-170.48694,133.65527,2.0,1,179.96313606736635,178.33421826802845,Beta/C5
5,179.962,156.7157,2.0,1,179.96313606736635,178.33421826802845,Beta/C5
5,153.39746,-147.76468,2.0,1,179.96313606736635,178.33421826802845,Beta/C5
5,-170.02115,176.93079,2.0,1,179.96313606736635,178.33421826802845,Beta/C5
5,178.68793,161.70746,2.0,1,179.96313606736635,178.33421826802845,Beta/C5
5,151.08844,-158.70438,2.0,1,179.96313606736635,178.33421826802845,Beta/C5
5,-173.53346,-160.21622,2.0,1,179.96313606736635,178.33421826802845,Beta/C5
5,160.72064,-170.57668,2.0,1,179.96313606736635,178.33421826802845,Beta/C5
5,159.5299,175.25433,2.0,1,179.96313606736635,178.33421826802845,Beta/C5
5,-159.93158,159.42429,2.0,1,179.96313606736635,178.33421826802845,Beta/C5
5,158.19275,-139.20764,2.0,1,179.96313606736635,178.33421826802845,Beta/C5
5,167.31326,-165.72142,2.0,1,179.96313606736635,178.33421826802845,Beta/C5
5,173.20627,145.75552,2.0,1,179.96313606736635,178.33421826802845,Beta/C5
5,165.95895,-178.1907,2.0,1,179.96313606736635,178.33421826802845,Beta/C5
5,160.14972,-144.9511,2.0,1,179.96313606736635,178.33421826802845,Beta/C5
5,145.64789,-167.48009,2.0,1,179.96313606736635,178.33421826802845,Beta/C5
5,140.82953,-160.75893,2.0,1,179.96313606736635,178.33421826802845,Beta/C5
5,167.10977,147.34747,2.0,1,179.96313606736635,178.33421826802845,Beta/C5
5,164.4057,-155.05005,2.0,1,179.96313606736635,178.33421826802845,Beta/C5
5,176.86108,145.1297,2.0,1,179.96313606736635,178.33421826802845,Beta/C5
5,171.07922,-174.97678,2.0,1,179.96313606736635,178.33421826802845,Beta/C5
5,148.21661,-178.43802,2.0,1,179.96313606736635,178.33421826802845,Beta/C5
5,-176.3825,178.11328,2.0,1,179.96313606736635,178.33421826802845,Beta/C5
5,-157.62978,144.02838,2.0,1,179.96313606736635,178.33421826802845,Beta/C5
5,-147.33028,164.81479,2.0,1,179.96313606736635,178.33421826802845,Beta/C5
5,-164.81972,-174.15039,2.0,1,179.96313606736635,178.33421826802845,Beta/C5
5,163.65991,-168.73303,2.0,1,179.96313606736635,178.33421826802845,Beta/C5
5,150.36945,-164.60309,2.0,1,179.96313606736635,178.33421826802845,Beta/C5
5,162.26443,-156.99458,2.0,1,179.96313606736635,178.33421826802845,Beta/C5
5,-165.18277,160.31812,2.0,1,179.96313606736635,178.33421826802845,Beta/C5
5,-177.01292,-168.50859,2.0,1,179.96313606736635,178.33421826802845,Beta/C5
5,-162.55917,142.6506,2.0,1,179.96313606736635,178.33421826802845,Beta/C5
5,-153.67616,164.66443,2.0,1,179.96313606736635,178.33421826802845,Beta/C5
5,-155.51624,144.65347,2.0,1,179.96313606736635,178.33421826802845,Beta/C5
5,-168.4506,-163.62845,2.0,1,179.96313606736635,178.33421826802845,Beta/C5
5,-172.06107,178.14594,2.0,1,179.96313606736635,178.33421826802845,Beta/C5
5,-171.48372,153.00537,2.0,1,179.96313606736635,178.33421826802845,Beta/C5
5,179.255,-171.85536,2.0,1,179.96313606736635,178.33421826802845,Beta/C5
5,169.11487,166.61829,2.0,1,179.96313606736635,178.33421826802845,Beta/C5
5,-148.70818,156.3227,2.0,1,179.96313606736635,178.33421826802845,Beta/C5
5,163.23306,-172.7592,2.0,1,179.96313606736635,178.33421826802845,Beta/C5
5,-179.32042,-165.74295,2.0,1,179.96313606736635,178.33421826802845,Beta/C5
5,-165.62164,158.38971,2.0,1,179.96313606736635,178.33421826802845,Beta/C5
5,159.4049,-161.75845,2.0,1,179.96313606736635,178.33421826802845,Beta/C5
5,-159.47035,-173.9756,2.0,1,179.96313606736635,178.33421826802845,Beta/C5
5,-89.36364,79.3862,3.0,2,-87.35142582750684,96.73160790755827,Beta/C5
5,-75.99451,92.22217,3.0,2,-87.35142582750684,96.73160790755827,Beta/C5
5,-101.79424,96.29782,3.0,2,-87.35142582750684,96.73160790755827,Beta/C5
5,-87.8568,90.44229,3.0,2,-87.35142582750684,96.73160790755827,Beta/C5
5,-90.456474,111.1033,3.0,2,-87.35142582750684,96.73160790755827,Beta/C5
5,-82.052124,79.15915,3.0,2,-87.35142582750684,96.73160790755827,Beta/C5
5,-86.209724,87.25342,3.0,2,-87.35142582750684,96.73160790755827,Beta/C5
5,-106.92709,99.15201,3.0,2,-87.35142582750684,96.73160790755827,Beta/C5
5,-90.7647,96.467255,3.0,2,-87.35142582750684,96.73160790755827,Beta/C5
5,-92.10878,87.31009,3.0,2,-87.35142582750684,96.73160790755827,Beta/C5
5,-95.52718,89.12094,3.0,2,-87.35142582750684,96.73160790755827,Beta/C5
5,-95.26381,98.94495,3.0,2,-87.35142582750684,96.73160790755827,Beta/C5
5,-64.08855,93.26239,3.0,2,-87.35142582750684,96.73160790755827,Beta/C5
5,-92.13646,95.36429,3.0,2,-87.35142582750684,96.73160790755827,Beta/C5
5,-109.24302,109.44409,3.0,2,-87.35142582750684,96.73160790755827,Beta/C5
5,-97.03437,119.743195,3.0,2,-87.35142582750684,96.73160790755827,Beta/C5
5,-105.76033,108.29187,3.0,2,-87.35142582750684,96.73160790755827,Beta/C5
5,-92.73714,74.47543,3.0,2,-87.35142582750684,96.73160790755827,Beta/C5
5,-98.08852,96.29678,3.0,2,-87.35142582750684,96.73160790755827,Beta/C5
5,-68.71066,89.32654,3.0,2,-87.35142582750684,96.73160790755827,Beta/C5
5,-94.0193,105.87167,3.0,2,-87.35142582750684,96.73160790755827,Beta/C5
5,-86.15341,103.14819,3.0,2,-87.35142582750684,96.73160790755827,Beta/C5
5,-78.582886,113.425415,3.0,2,-87.35142582750684,96.73160790755827,Beta/C5
5,-98.18268,79.99759,3.0,2,-87.35142582750684,96.73160790755827,Beta/C5
5,-82.96766,101.37042,3.0,2,-87.35142582750684,96.73160790755827,Beta/C5
5,-63.397606,84.108215,3.0,2,-87.35142582750684,96.73160790755827,Beta/C5
5,-60.685738,93.06232,3.0,2,-87.35142582750684,96.73160790755827,Beta/C5
5,-92.50438,124.4086,3.0,2,-87.35142582750684,96.73160790755827,Beta/C5
5,-65.5669,83.95502,3.0,2,-87.35142582750684,96.73160790755827,Beta/C5
5,-89.62702,97.40738,3.0,2,-87.35142582750684,96.73160790755827,Beta/C5
5,-84.102196,81.774445,3.0,2,-87.35142582750684,96.73160790755827,Beta/C5
5,-86.91285,122.611176,3.0,2,-87.35142582750684,96.73160790755827,Beta/C5
5,-72.04998,78.40213,3.0,2,-87.35142582750684,96.73160790755827,Beta/C5
5,-89.126915,104.755554,3.0,2,-87.35142582750684,96.73160790755827,Beta/C5
5,-89.520065,119.90271,3.0,2,-87.35142582750684,96.73160790755827,Beta/C5
5,-166.32104,-19.114548,4.0,3,-173.91724983127833,-2.219562800741172,Unknown
5,-166.90323,-0.21131897,4.0,3,-173.91724983127833,-2.219562800741172,Unknown
5,-155.88217,-11.301956,4.0,3,-173.91724983127833,-2.219562800741172,Unknown
5,-164.91983,14.394791,4.0,3,-173.91724983127833,-2.219562800741172,Unknown
5,173.7396,18.83078,4.0,3,-173.91724983127833,-2.219562800741172,Unknown
5,-166.48044,14.082855,4.0,3,-173.91724983127833,-2.219562800741172,Unknown
5,-164.58963,-7.2746887,4.0,3,-173.91724983127833,-2.219562800741172,Unknown
5,174.65997,22.02301,4.0,3,-173.91724983127833,-2.219562800741172,Unknown
5,-154.02467,-9.711227,4.0,3,-173.91724983127833,-2.219562800741172,Unknown
5,-177.93413,-3.8118896,4.0,3,-173.91724983127833,-2.219562800741172,Unknown
5,175.95697,21.401505,4.0,3,-173.91724983127833,-2.219562800741172,Unknown
5,-176.31857,-1.6154175,4.0,3,-173.91724983127833,-2.219562800741172,Unknown
5,-158.57985,-20.530853,4.0,3,-173.91724983127833,-2.219562800741172,Unknown
5,-178.5611,8.922394,4.0,3,-173.91724983127833,-2.219562800741172,Unknown
5,163.80814,-3.9915466,4.0,3,-173.91724983127833,-2.219562800741172,Unknown
5,-159.8023,13.421066,4.0,3,-173.91724983127833,-2.219562800741172,Unknown
5,171.47568,-7.4092712,4.0,3,-173.91724983127833,-2.219562800741172,Unknown
5,-171.31723,-18.78357,4.0,3,-173.91724983127833,-2.219562800741172,Unknown
5,-152.51993,-17.631302,4.0,3,-173.91724983127833,-2.219562800741172,Unknown
5,-157.88562,-13.389526,4.0,3,-173.91724983127833,-2.219562800741172,Unknown
5,178.76013,-6.1925964,4.0,3,-173.91724983127833,-2.219562800741172,Unknown
5,175.07343,-9.769196,4.0,3,-173.91724983127833,-2.219562800741172,Unknown
5,178.30597,-7.700409,4.0,3,-173.91724983127833,-2.219562800741172,Unknown
5,-167.9707,-16.235489,4.0,3,-173.91724983127833,-2.219562800741172,Unknown
5,-166.91205,-10.317322,4.0,3,-173.91724983127833,-2.219562800741172,Unknown
5,165.46814,-0.2984619,4.0,3,-173.91724983127833,-2.219562800741172,Unknown
5,-170.56041,-0.47436523,4.0,3,-173.91724983127833,-2.219562800741172,Unknown
5,172.07184,-19.153778,4.0,3,-173.91724983127833,-2.219562800741172,Unknown
5,179.55225,-2.428543,4.0,3,-173.91724983127833,-2.219562800741172,Unknown
5,-167.28644,4.0941925,4.0,3,-173.91724983127833,-2.219562800741172,Unknown
5,-177.03539,-1.329773,4.0,3,-173.91724983127833,-2.219562800741172,Unknown
5,-174.46948,14.740356,4.0,3,-173.91724983127833,-2.219562800741172,Unknown
5,168.08838,4.805786,4.0,3,-173.91724983127833,-2.219562800741172,Unknown
5,-146.23526,-150.15125,,4,,,Minor/Noise
5,-129.99786,-158.04529,,4,,,Minor/Noise
5,-134.73988,-153.78079,,4,,,Minor/Noise
5,-149.26598,-160.76454,,4,,,Minor/Noise
5,-125.909515,-157.32425,,4,,,Minor/Noise
5,-136.71416,-169.4736,,4,,,Minor/Noise
5,-141.72794,-150.39206,,4,,,Minor/Noise
5,-123.30173,-154.80997,,4,,,Minor/Noise
5,-145.76265,-157.50912,,4,,,Minor/Noise
5,-136.5128,-162.7399,,4,,,Minor/Noise
5,-135.01591,-163.56543,,4,,,Minor/Noise
5,-122.68126,-167.57344,,4,,,Minor/Noise
5,-140.29266,-159.6018,,4,,,Minor/Noise
5,-150.28493,-165.25897,,4,,,Minor/Noise
5,-136.62143,176.45483,,4,,,Minor/Noise
5,-141.75989,175.26996,,4,,,Minor/Noise
5,-142.34836,175.56775,,4,,,Minor/Noise
5,-136.40018,-178.9567,,4,,,Minor/Noise
5,-123.80489,-161.41904,,4,,,Minor/Noise
5,-119.63337,81.13483,5.0,5,-122.16642032322291,78.24012093322423,Unknown
5,-126.127304,89.188354,5.0,5,-122.16642032322291,78.24012093322423,Unknown
5,-121.89414,61.2731,5.0,5,-122.16642032322291,78.24012093322423,Unknown
5,-131.65047,92.0965,5.0,5,-122.16642032322291,78.24012093322423,Unknown
5,-120.60574,96.30325,5.0,5,-122.16642032322291,78.24012093322423,Unknown
5,-119.94921,84.67117,5.0,5,-122.16642032322291,78.24012093322423,Unknown
5,-113.17552,74.50255,5.0,5,-122.16642032322291,78.24012093322423,Unknown
5,-116.91781,88.267914,5.0,5,-122.16642032322291,78.24012093322423,Unknown
5,-131.00632,93.09247,5.0,5,-122.16642032322291,78.24012093322423,Unknown
5,-134.64024,67.931915,5.0,5,-122.16642032322291,78.24012093322423,Unknown
5,-118.836586,62.738052,5.0,5,-122.16642032322291,78.24012093322423,Unknown
5,-117.912895,96.45416,5.0,5,-122.16642032322291,78.24012093322423,Unknown
5,-127.672005,71.22562,5.0,5,-122.16642032322291,78.24012093322423,Unknown
5,-134.13936,68.15474,5.0,5,-122.16642032322291,78.24012093322423,Unknown
5,-112.93429,71.7948,5.0,5,-122.16642032322291,78.24012093322423,Unknown
5,-117.65999,85.60974,5.0,5,-122.16642032322291,78.24012093322423,Unknown
5,-134.75482,69.7193,5.0,5,-122.16642032322291,78.24012093322423,Unknown
5,-122.605995,76.08618,5.0,5,-122.16642032322291,78.24012093322423,Unknown
5,-114.17533,65.66788,5.0,5,-122.16642032322291,78.24012093322423,Unknown
5,-109.28227,75.47911,5.0,5,-122.16642032322291,78.24012093322423,Unknown
5,-120.066605,71.984344,5.0,5,-122.16642032322291,78.24012093322423,Unknown
5,-155.41386,81.10669,,-1,,,Noise
5,-161.1866,52.716858,,-1,,,Noise
5,109.59668,-146.76935,,-1,,,Noise
5,-67.76383,149.61005,,-1,,,Noise
5,-36.2162,53.46216,,-1,,,Noise
5,119.92407,-92.84276,,-1,,,Noise
5,17.600693,-11.111618,,-1,,,Noise
5,-168.39018,122.42432,,-1,,,Noise
5,147.71774,131.80185,,-1,,,Noise
5,-17.912369,-117.81463,,-1,,,Noise
5,-45.61238,38.954422,,-1,,,Noise
5,-53.37143,106.81787,,-1,,,Noise
5,132.18552,-75.59179,,-1,,,Noise
5,46.71466,-172.40286,,-1,,,Noise
5,-67.79138,130.77515,,-1,,,Noise
5,-178.85675,62.926987,,-1,,,Noise
5,-168.15121,49.058838,,-1,,,Noise
5,-94.47333,48.264664,,-1,,,Noise
5,25.530167,133.25665,,-1,,,Noise
5,54.698364,170.45844,,-1,,,Noise
5,-91.51785,173.27225,,-1,,,Noise
5,-175.33025,-25.07811,,-1,,,Noise
5,165.49878,144.6665,,-1,,,Noise
5,26.956787,-30.094055,,-1,,,Noise
5,129.73065,-79.444336,,-1,,,Noise
5,6.6601562,-50.18344,,-1,,,Noise
5,-67.05179,133.09296,,-1,,,Noise
5,-135.24261,35.00406,,-1,,,Noise
5,-144.39236,83.18182,,-1,,,Noise
5,-171.34515,114.751434,,-1,,,Noise
5,129.78857,-67.45685,,-1,,,Noise
5,-25.671066,-119.56067,,-1,,,Noise
5,154.08423,-93.59615,,-1,,,Noise
5,-141.4079,116.935425,,-1,,,Noise
5,-0.8331299,-57.277023,,-1,,,Noise
5,123.14569,-126.54346,,-1,,,Noise
5,84.5849,18.975983,,-1,,,Noise
5,-160.29945,-130.3896,,-1,,,Noise
5,-113.02369,171.20264,,-1,,,Noise
5,-158.0594,121.19348,,-1,,,Noise
5,91.81311,-75.08975,,-1,,,Noise
5,-106.84391,151.53958,,-1,,,Noise
5,-143.12216,15.980423,,-1,,,Noise
5,-63.16053,35.866653,,-1,,,Noise
5,157.09332,-48.535767,,-1,,,Noise
5,117.94104,125.36832,,-1,,,Noise
5,93.94644,-107.94339,,-1,,,Noise
5,173.24509,-73.40608,,-1,,,Noise
5,-146.89326,129.51013,,-1,,,Noise
5,39.76056,-110.95571,,-1,,,Noise
5,148.81665,18.569977,,-1,,,Noise
5,122.91278,24.852097,,-1,,,Noise
5,0.2223053,1.2839203,,-1,,,Noise
5,6.5434875,-132.18694,,-1,,,Noise
5,-102.80063,153.0437,,-1,,,Noise
5,118.031525,-74.963135,,-1,,,Noise
5,-44.220108,7.6987915,,-1,,,Noise
5,-172.88757,-58.77594,,-1,,,Noise
5,-43.8078,-4.019333,,-1,,,Noise
5,125.7901,-85.7355,,-1,,,Noise
5,68.12219,103.13464,,-1,,,Noise
5,46.698822,-48.69217,,-1,,,Noise
5,-159.86748,113.57977,,-1,,,Noise
5,100.48743,-108.05747,,-1,,,Noise
5,129.18036,125.874146,,-1,,,Noise
5,37.851913,-18.912659,,-1,,,Noise
5,19.52655,-114.49182,,-1,,,Noise
5,-28.385529,96.77692,,-1,,,Noise
5,-45.311157,84.118225,,-1,,,Noise
5,-101.84093,53.655212,,-1,,,Noise
5,-85.61264,169.18274,,-1,,,Noise
5,118.53369,-125.48832,,-1,,,Noise
5,15.81987,-36.40187,,-1,,,Noise
5,102.10455,-67.003235,,-1,,,Noise
5,59.834885,-119.35267,,-1,,,Noise
5,-172.96895,-100.01912,,-1,,,Noise
5,-17.35202,20.38565,,-1,,,Noise
5,159.6059,-82.8979,,-1,,,Noise
5,-129.22173,156.35693,,-1,,,Noise
5,21.434479,-125.35466,,-1,,,Noise
5,-85.37722,-166.85326,,-1,,,Noise
5,13.12764,138.72375,,-1,,,Noise
5,24.268066,-52.882195,,-1,,,Noise
5,99.69696,-138.31912,,-1,,,Noise
5,-137.03018,38.322357,,-1,,,Noise
5,-19.145035,86.53027,,-1,,,Noise
5,-137.88637,65.63689,,-1,,,Noise
5,68.91222,-33.039,,-1,,,Noise
5,-146.62805,150.34705,,-1,,,Noise
5,67.58893,-77.86274,,-1,,,Noise
5,-81.185326,20.534027,,-1,,,Noise
5,38.343216,-106.67487,,-1,,,Noise
5,7.9866943,-73.47994,,-1,,,Noise
5,86.925354,-16.708435,,-1,,,Noise
5,30.169876,34.0309,,-1,,,Noise
5,-132.9815,-4.4660645,,-1,,,Noise
5,-4.1862946,-44.033997,,-1,,,Noise
5,-36.50383,-147.00922,,-1,,,Noise
5,-59.839096,-178.6379,,-1,,,Noise
5,-174.91862,-142.629,,-1,,,Noise
5,138.55725,-147.95207,,-1,,,Noise
5,66.57324,-56.811554,,-1,,,Noise
5,-149.67352,33.746338,,-1,,,Noise
5,100.9895,-122.94458,,-1,,,Noise
5,119.92459,126.49475,,-1,,,Noise
5,35.602585,-26.70819,,-1,,,Noise
5,-0.50154114,1.443222,,-1,,,Noise
5,-122.25346,-5.2486725,,-1,,,Noise
5,173.0393,-122.83317,,-1,,,Noise
5,92.19632,-95.78251,,-1,,,Noise
5,132.29578,124.93823,,-1,,,Noise
5,85.02429,-40.38472,,-1,,,Noise
5,173.95432,-85.30445,,-1,,,Noise
5,2.7308502,49.730774,,-1,,,Noise
5,1.404892,-13.500092,,-1,,,Noise
5,107.90137,158.97385,,-1,,,Noise
5,-161.81938,-43.111267,,-1,,,Noise
5,-62.48745,-172.1616,,-1,,,Noise
5,11.082367,-47.49797,,-1,,,Noise
5,-4.851471,47.79608,,-1,,,Noise
5,-62.36525,26.603912,,-1,,,Noise
5,-5.543747,-93.493805,,-1,,,Noise
5,-73.28374,165.95258,,-1,,,Noise
5,24.65181,134.37994,,-1,,,Noise
5,-143.34361,-113.3155,,-1,,,Noise
5,20.88739,-44.206543,,-1,,,Noise
5,-119.820656,-151.10979,,-1,,,Noise
5,-172.90674,-56.341347,,-1,,,Noise
5,-147.41179,127.1073,,-1,,,Noise
5,-91.91184,69.661224,,-1,,,Noise
5,37.963257,115.19171,,-1,,,Noise
5,48.756744,28.092834,,-1,,,Noise
5,-139.74797,-134.78215,,-1,,,Noise
5,-57.81125,147.8045,,-1,,,Noise
5,139.26477,-126.1774,,-1,,,Noise
5,26.213776,89.707275,,-1,,,Noise
5,45.784744,-37.104065,,-1,,,Noise
5,94.72336,-76.41314,,-1,,,Noise
5,-107.834724,-62.401657,,-1,,,Noise
5,-158.05136,22.20842,,-1,,,Noise
5,-76.91452,-137.08293,,-1,,,Noise
5,-83.53896,44.03131,,-1,,,Noise
5,-55.569252,113.81287,,-1,,,Noise
5,-62.188446,9.990768,,-1,,,Noise
5,-162.59497,-53.419403,,-1,,,Noise
5,103.19656,-96.141655,,-1,,,Noise
5,-153.76523,51.68799,,-1,,,Noise
5,-83.19007,34.527786,,-1,,,Noise
5,91.037994,-78.52922,,-1,,,Noise
5,-9.91153,2.5752106,,-1,,,Noise
5,-35.319687,-132.72049,,-1,,,Noise
5,-82.49208,129.62866,,-1,,,Noise
5,108.75827,-77.34078,,-1,,,Noise
5,-172.57127,118.8887,,-1,,,Noise
5,-7.5982513,-9.019608,,-1,,,Noise
5,-66.53816,76.56772,,-1,,,Noise
5,66.42822,158.578,,-1,,,Noise
5,162.6452,-74.009346,,-1,,,Noise
5,69.1488,-58.68741,,-1,,,Noise
5,26.416397,-119.73405,,-1,,,Noise
5,11.004623,-112.17236,,-1,,,Noise
5,97.763824,97.993286,,-1,,,Noise
5,17.56688,1.3506165,,-1,,,Noise
5,-52.763077,85.70419,,-1,,,Noise
5,52.340088,-75.059105,,-1,,,Noise
5,87.287964,-146.479,,-1,,,Noise
5,18.935211,-108.91186,,-1,,,Noise
5,83.89819,-121.51944,,-1,,,Noise
5,-151.96408,56.76619,,-1,,,Noise
5,149.78812,-132.06088,,-1,,,Noise
5,157.53796,-117.42322,,-1,,,Noise
5,-13.840637,25.092606,,-1,,,Noise
5,103.95047,131.31488,,-1,,,Noise
5,-22.686813,24.206131,,-1,,,Noise
5,7.3154907,76.24109,,-1,,,Noise
5,31.158127,40.24872,,-1,,,Noise
5,31.70961,104.353516,,-1,,,Noise
5,108.77045,39.899536,,-1,,,Noise
5,-109.849625,121.7218,,-1,,,Noise
5,-140.97252,131.12573,,-1,,,Noise
5,63.192566,66.13132,,-1,,,Noise
5,-113.77719,177.00424,,-1,,,Noise
5,179.12164,29.450836,,-1,,,Noise
5,-2.214386,-56.83542,,-1,,,Noise
5,68.95404,-133.249,,-1,,,Noise
5,-159.98245,108.33728,,-1,,,Noise
5,58.29802,-72.978745,,-1,,,Noise
5,-119.314766,132.20325,,-1,,,Noise
5,-6.490555,36.848373,,-1,,,Noise
5,89.8327,105.73425,,-1,,,Noise
5,-65.35151,124.353485,,-1,,,Noise
5,-153.33713,82.41901,,-1,,,Noise
5,104.60965,-142.11784,,-1,,,Noise
5,-66.3451,44.252716,,-1,,,Noise
5,-71.739365,25.73233,,-1,,,Noise
5,35.665085,155.49591,,-1,,,Noise
5,-69.22703,-174.38075,,-1,,,Noise
5,-149.35785,-119.69611,,-1,,,Noise
5,26.100677,-57.48465,,-1,,,Noise
5,145.71841,-49.4832,,-1,,,Noise
5,-101.77402,147.16736,,-1,,,Noise
5,178.01495,110.77399,,-1,,,Noise
5,-4.54657,30.58841,,-1,,,Noise
5,169.63327,98.05243,,-1,,,Noise
5,34.73419,130.95572,,-1,,,Noise
5,155.10962,-43.725067,,-1,,,Noise
5,16.852844,-3.1771698,,-1,,,Noise
5,15.62381,-92.3684,,-1,,,Noise
5,134.47015,140.01544,,-1,,,Noise
5,155.91699,163.31912,,-1,,,Noise
5,-135.26903,21.358307,,-1,,,Noise
5,-7.6515656,-19.285309,,-1,,,Noise
5,-117.053795,-177.15015,,-1,,,Noise
5,-161.06241,112.479095,,-1,,,Noise
5,122.99875,37.28723,,-1,,,Noise
5,124.23346,172.91534,,-1,,,Noise
5,95.49219,-169.39247,,-1,,,Noise
5,-162.94655,95.276215,,-1,,,Noise
5,-142.55397,39.926544,,-1,,,Noise
5,132.17377,-53.20955,,-1,,,Noise
5,157.51227,110.094055,,-1,,,Noise
5,-48.58586,75.93622,,-1,,,Noise
5,-31.775482,-148.55104,,-1,,,Noise
5,107.24783,-71.385284,,-1,,,Noise
5,-127.34736,51.24066,,-1,,,Noise
5,-78.12188,163.32803,,-1,,,Noise
5,-44.135574,96.52896,,-1,,,Noise
5,130.76263,-102.06354,,-1,,,Noise
5,52.507706,-59.84381,,-1,,,Noise
5,-92.72541,137.74484,,-1,,,Noise
5,51.44165,-163.85986,,-1,,,Noise
5,-27.642761,1.1385193,,-1,,,Noise
5,-167.26761,117.467834,,-1,,,Noise
5,100.93869,143.24872,,-1,,,Noise
5,-110.4133,136.66937,,-1,,,Noise
5,120.386475,-135.02377,,-1,,,Noise
5,-11.183731,49.91748,,-1,,,Noise
5,112.625946,-74.69181,,-1,,,Noise
5,45.49437,-39.41284,,-1,,,Noise
5,20.972015,41.056137,,-1,,,Noise
5,101.19623,-150.08003,,-1,,,Noise
5,-129.03229,17.230255,,-1,,,Noise
5,-149.58163,51.684753,,-1,,,Noise
5,-81.94081,29.637573,,-1,,,Noise
5,152.6419,-66.52807,,-1,,,Noise
5,38.790863,137.48444,,-1,,,Noise
5,91.09073,127.33478,,-1,,,Noise
5,115.78128,109.9017,,-1,,,Noise
5,-9.072159,37.26416,,-1,,,Noise
5,-177.82356,-111.30326,,-1,,,Noise
5,-68.916016,61.639984,,-1,,,Noise
5,-63.40956,41.74672,,-1,,,Noise
5,11.91568,-49.032135,,-1,,,Noise
5,-119.339676,122.4993,,-1,,,Noise
5,178.07642,-129.0963,,-1,,,Noise
5,150.88727,35.829834,,-1,,,Noise
5,23.51648,64.804016,,-1,,,Noise
5,-110.92382,120.73447,,-1,,,Noise
5,-5.107376,31.783646,,-1,,,Noise
5,-39.843933,-77.496155,,-1,,,Noise
5,121.6131,-54.109634,,-1,,,Noise
5,77.09158,-122.65953,,-1,,,Noise
5,-60.111763,33.199738,,-1,,,Noise
5,162.45035,0.050750732,,-1,,,Noise
5,153.72491,134.90125,,-1,,,Noise
5,-60.195717,-133.27858,,-1,,,Noise
5,175.4184,76.6445,,-1,,,Noise
5,60.609985,-132.94498,,-1,,,Noise
5,4.9613037,88.36273,,-1,,,Noise
5,-5.43013,-24.774414,,-1,,,Noise
5,91.37985,-72.82841,,-1,,,Noise
5,-55.097275,101.696045,,-1,,,Noise
5,-176.9568,-123.68361,,-1,,,Noise
5,-132.69447,126.61307,,-1,,,Noise
5,-152.27223,50.544235,,-1,,,Noise
5,104.489136,-146.25232,,-1,,,Noise
5,-49.451706,30.087173,,-1,,,Noise
5,48.30182,135.93274,,-1,,,Noise
5,69.52692,-127.08273,,-1,,,Noise
5,-58.09646,-169.50429,,-1,,,Noise
5,101.66147,-17.45581,,-1,,,Noise
5,-2.4754791,-2.7736816,,-1,,,Noise
5,83.6423,-165.02084,,-1,,,Noise
5,19.712112,-80.604,,-1,,,Noise
5,145.9491,-123.36301,,-1,,,Noise
5,53.555923,-67.92792,,-1,,,Noise
5,34.267136,122.81186,,-1,,,Noise
5,-53.376648,-48.741287,,-1,,,Noise
5,-123.26718,42.46646,,-1,,,Noise
5,131.3927,119.78482,,-1,,,Noise
5,-15.66246,98.16217,,-1,,,Noise
5,62.130325,-54.127693,,-1,,,Noise
5,6.907196,-27.382935,,-1,,,Noise
5,87.8728,-38.29515,,-1,,,Noise
5,-16.456482,74.44713,,-1,,,Noise
5,-73.306366,-163.41907,,-1,,,Noise
5,-135.86555,-89.9155,,-1,,,Noise
5,-34.211273,65.0271,,-1,,,Noise
5,58.301086,-157.88815,,-1,,,Noise
5,112.40292,-104.368286,,-1,,,Noise
5,-122.72923,143.086,,-1,,,Noise
5,-122.13783,108.73523,,-1,,,Noise
5,1.8475494,110.08951,,-1,,,Noise
5,-125.72148,141.78754,,-1,,,Noise
5,-65.33858,-127.33739,,-1,,,Noise
5,-83.120094,-151.03584,,-1,,,Noise
5,-122.97265,-64.561615,,-1,,,Noise
5,-4.346405,95.28076,,-1,,,Noise
5,119.40677,118.59665,,-1,,,Noise
5,156.4974,-122.2444,,-1,,,Noise
5,67.88194,-46.564026,,-1,,,Noise
5,176.89542,96.43042,,-1,,,Noise
5,-37.521988,68.10149,,-1,,,Noise
5,-115.12907,114.44556,,-1,,,Noise
5,170.44666,-110.0329,,-1,,,Noise
5,148.94348,57.355988,,-1,,,Noise
5,106.50629,171.5437,,-1,,,Noise
5,-113.08349,-87.2522,,-1,,,Noise
5,-52.337555,31.06427,,-1,,,Noise
5,-29.45578,48.32196,,-1,,,Noise
5,-111.88195,144.37671,,-1,,,Noise
5,-38.775345,45.48703,,-1,,,Noise
5,-45.090683,-96.1913,,-1,,,Noise
5,149.93292,93.1192,,-1,,,Noise
5,-56.41783,146.97836,,-1,,,Noise
5,17.480164,144.57147,,-1,,,Noise
5,56.54872,-174.14622,,-1,,,Noise
5,-161.2157,-76.97721,,-1,,,Noise
5,-157.97842,-148.23186,,-1,,,Noise
5,16.133087,0.02468872,,-1,,,Noise
5,-45.24518,37.798615,,-1,,,Noise
5,85.33276,-35.230255,,-1,,,Noise
5,11.649017,110.240234,,-1,,,Noise
5,149.55856,-53.978043,,-1,,,Noise
5,-87.80019,165.27277,,-1,,,Noise
5,132.51251,-33.37587,,-1,,,Noise
5,-154.28056,99.00897,,-1,,,Noise
5,9.766129,-70.81123,,-1,,,Noise
5,-114.78679,170.49286,,-1,,,Noise
5,8.204468,-128.97687,,-1,,,Noise
5,13.701935,123.8461,,-1,,,Noise
5,-127.174576,44.811157,,-1,,,Noise
5,86.66519,-29.366348,,-1,,,Noise
5,21.75061,-57.122932,,-1,,,Noise
5,-152.35977,80.36667,,-1,,,Noise
5,118.549255,-93.74218,,-1,,,Noise
5,142.5423,-129.37834,,-1,,,Noise
5,-5.8508606,109.28363,,-1,,,Noise
5,51.290222,-176.61073,,-1,,,Noise
5,175.91827,-60.908524,,-1,,,Noise
5,40.6308,-131.16885,,-1,,,Noise
5,123.38864,-104.07316,,-1,,,Noise
5,1.4223633,-48.86786,,-1,,,Noise
5,56.631866,75.64194,,-1,,,Noise
5,94.73126,-35.03778,,-1,,,Noise
5,-64.75977,118.149536,,-1,,,Noise
5,120.86154,-43.111313,,-1,,,Noise
5,-129.9131,100.214905,,-1,,,Noise
5,101.12604,-174.02196,,-1,,,Noise
5,-16.97377,-61.767548,,-1,,,Noise
5,7.065933,-45.196396,,-1,,,Noise
5,29.934784,-10.276993,,-1,,,Noise
5,135.63684,-15.397903,,-1,,,Noise
5,46.326096,-71.15074,,-1,,,Noise
5,-138.563,117.81207,,-1,,,Noise
5,141.78662,-78.12013,,-1,,,Noise
5,83.00308,151.96188,,-1,,,Noise
5,-58.30252,36.707413,,-1,,,Noise
5,170.28961,-45.778534,,-1,,,Noise
5,139.98535,-174.13461,,-1,,,Noise
5,-134.37982,31.026138,,-1,,,Noise
5,-139.75156,84.880585,,-1,,,Noise
5,-91.31007,-177.02763,,-1,,,Noise
5,-1.8573914,-8.852707,,-1,,,Noise
5,-151.46796,122.74417,,-1,,,Noise
5,-81.66487,145.26392,,-1,,,Noise
5,-86.36705,-145.08694,,-1,,,Noise
5,72.92355,157.16791,,-1,,,Noise
5,160.24316,108.393036,,-1,,,Noise
5,-41.91855,78.936676,,-1,,,Noise
5,-158.55743,48.240036,,-1,,,Noise
5,18.175323,46.67914,,-1,,,Noise
5,58.61023,168.66208,,-1,,,Noise
5,-24.79515,59.18509,,-1,,,Noise
5,-151.5825,-77.32065,,-1,,,Noise
5,161.46289,-128.39182,,-1,,,Noise
5,-161.46396,-70.01725,,-1,,,Noise
5,-76.30734,20.37503,,-1,,,Noise
5,-18.55693,88.47839,,-1,,,Noise
5,-0.8344879,-99.24488,,-1,,,Noise
5,93.167694,162.94421,,-1,,,Noise
5,-62.192116,123.08002,,-1,,,Noise
5,-31.871307,-89.80485,,-1,,,Noise
5,31.447922,-124.36395,,-1,,,Noise
5,-129.18314,54.8835,,-1,,,Noise
5,-67.84312,-149.38947,,-1,,,Noise
5,-65.10161,60.085358,,-1,,,Noise
5,-0.120910645,2.7922516,,-1,,,Noise
5,-148.81346,-117.941055,,-1,,,Noise
5,-8.803055,-3.4304504,,-1,,,Noise
5,26.276611,91.0813,,-1,,,Noise
5,24.31215,-114.89189,,-1,,,Noise
5,129.94727,170.63837,,-1,,,Noise
5,28.044281,-43.05475,,-1,,,Noise
5,-147.90068,-50.067078,,-1,,,Noise
5,130.96667,-36.667526,,-1,,,Noise
5,70.503845,-148.6738,,-1,,,Noise
5,24.98645,151.38849,,-1,,,Noise
5,-95.423325,54.54767,,-1,,,Noise
5,175.83447,38.808228,,-1,,,Noise
5,169.82358,-35.263336,,-1,,,Noise
5,-6.6550293,61.392,,-1,,,Noise
5,-6.8492126,91.706116,,-1,,,Noise
5,91.15387,-119.62556,,-1,,,Noise
5,-144.39256,-9.684845,,-1,,,Noise
5,3.8032532,19.647003,,-1,,,Noise
5,32.7601,-10.300461,,-1,,,Noise
5,174.05508,115.91339,,-1,,,Noise
5,127.14044,-136.40411,,-1,,,Noise
5,-26.305954,19.77768,,-1,,,Noise
5,-179.44421,-133.91747,,-1,,,Noise
5,67.86566,-75.08847,,-1,,,Noise
5,-157.15474,123.75748,,-1,,,Noise
5,108.788574,172.76465,,-1,,,Noise
5,124.89569,-85.34561,,-1,,,Noise
5,-156.73633,-71.72465,,-1,,,Noise
5,87.59357,120.66235,,-1,,,Noise
5,-28.824783,-104.60271,,-1,,,Noise
5,-64.6609,-159.21568,,-1,,,Noise
5,179.58884,-127.21642,,-1,,,Noise
5,-24.054901,-39.01245,,-1,,,Noise
5,140.77936,-38.42978,,-1,,,Noise
5,49.884827,-131.50763,,-1,,,Noise
5,50.003693,-148.61504,,-1,,,Noise
5,-160.97981,-36.118988,,-1,,,Noise
5,-8.701569,101.069214,,-1,,,Noise
5,93.15906,-137.09929,,-1,,,Noise
5,17.404404,149.68771,,-1,,,Noise
5,-127.76464,153.53845,,-1,,,Noise
5,126.253296,-167.42047,,-1,,,Noise
5,70.47652,-84.860535,,-1,,,Noise
5,-87.04348,128.79517,,-1,,,Noise
5,89.829834,-115.18447,,-1,,,Noise
5,148.0357,-81.610466,,-1,,,Noise
5,-14.056076,-31.23822,,-1,,,Noise
5,-81.43746,177.0224,,-1,,,Noise
5,-33.908234,-157.56961,,-1,,,Noise
5,-133.39877,43.40068,,-1,,,Noise
5,127.86334,-100.265205,,-1,,,Noise
5,-41.771347,-156.0269,,-1,,,Noise
5,88.15924,-53.60063,,-1,,,Noise
5,-19.372864,-35.44931,,-1,,,Noise
5,-86.196884,34.933716,,-1,,,Noise
5,14.666992,-120.74613,,-1,,,Noise
5,82.955505,-97.51799,,-1,,,Noise
5,-94.16144,-148.56795,,-1,,,Noise
5,-39.066437,-84.5404,,-1,,,Noise
5,51.789215,-124.94833,,-1,,,Noise
5,152.79633,-50.721146,,-1,,,Noise
5,-126.03196,7.3345184,,-1,,,Noise
5,-45.606094,47.80629,,-1,,,Noise
5,69.217285,-33.95288,,-1,,,Noise
5,59.255554,-145.71204,,-1,,,Noise
5,-85.18379,-150.6907,,-1,,,Noise
5,-157.1631,26.783844,,-1,,,Noise
5,88.74713,-88.69,,-1,,,Noise
5,151.0729,114.309875,,-1,,,Noise
5,74.17505,-84.15568,,-1,,,Noise
5,36.583725,-117.88999,,-1,,,Noise
5,113.16351,-56.995888,,-1,,,Noise
5,-137.91293,154.44757,,-1,,,Noise
5,-90.699425,-77.70314,,-1,,,Noise
5,67.93317,-118.28621,,-1,,,Noise
5,-145.80629,91.83508,,-1,,,Noise
5,17.097626,-9.397537,,-1,,,Noise
5,37.180603,-8.3719635,,-1,,,Noise
5,-47.14633,78.43329,,-1,,,Noise
5,10.900925,95.355286,,-1,,,Noise
5,70.44617,-93.83225,,-1,,,Noise
5,66.92824,77.53247,,-1,,,Noise
5,7.079605,-44.184845,,-1,,,Noise
5,65.2997,-0.20207214,,-1,,,Noise
5,99.04486,72.77724,,-1,,,Noise
5,30.231522,121.478455,,-1,,,Noise
5,-144.80754,-139.04536,,-1,,,Noise
5,-19.47757,36.707077,,-1,,,Noise
5,124.59708,132.40106,,-1,,,Noise
5,-74.43879,123.32422,,-1,,,Noise
5,87.94653,-172.42448,,-1,,,Noise
5,163.12836,-129.11975,,-1,,,Noise
5,122.62244,76.82724,,-1,,,Noise
5,121.87518,-146.51457,,-1,,,Noise
5,174.15582,-104.61714,,-1,,,Noise
5,-126.312706,160.51251,,-1,,,Noise
5,-118.062996,55.28195,,-1,,,Noise
5,106.714294,-86.40901,,-1,,,Noise
5,67.56549,-72.82582,,-1,,,Noise
5,-92.05637,-171.09048,,-1,,,Noise
5,-86.44973,-156.94073,,-1,,,Noise
5,107.329895,-37.86458,,-1,,,Noise
5,74.11423,-127.137,,-1,,,Noise
5,-140.09207,-54.627487,,-1,,,Noise
5,24.973557,-116.82133,,-1,,,Noise
5,174.1178,-32.82953,,-1,,,Noise
5,55.83609,154.81732,,-1,,,Noise
5,67.53189,28.470734,,-1,,,Noise
5,66.66847,-113.57765,,-1,,,Noise
5,-118.31526,21.01056,,-1,,,Noise
5,-58.110397,120.28296,,-1,,,Noise
5,-178.99098,-146.52228,,-1,,,Noise
5,117.99353,-167.71187,,-1,,,Noise
5,-28.998734,7.639496,,-1,,,Noise
5,60.740616,-101.18236,,-1,,,Noise
5,-105.43677,141.45929,,-1,,,Noise
5,-54.150787,165.01324,,-1,,,Noise
5,-129.32591,-77.16527,,-1,,,Noise
5,69.80554,-131.14938,,-1,,,Noise
5,-110.327644,119.28375,,-1,,,Noise
5,114.68201,159.62811,,-1,,,Noise
5,-174.17484,-55.717125,,-1,,,Noise
5,161.61835,-121.59986,,-1,,,Noise
5,94.01053,-63.05214,,-1,,,Noise
5,-78.080986,67.44977,,-1,,,Noise
5,143.6488,-66.31948,,-1,,,Noise
5,156.69409,166.23651,,-1,,,Noise
5,-151.24149,5.6615295,,-1,,,Noise
5,144.55615,-49.85956,,-1,,,Noise
5,67.123474,90.34134,,-1,,,Noise
5,97.378815,-69.1733,,-1,,,Noise
5,-124.448,152.48865,,-1,,,Noise
5,-137.74536,-81.51066,,-1,,,Noise
5,-150.32292,0.53533936,,-1,,,Noise
5,127.04434,-152.25186,,-1,,,Noise
5,14.852219,-117.61768,,-1,,,Noise
5,70.590454,-155.77405,,-1,,,Noise
5,-40.77774,167.40955,,-1,,,Noise
5,16.131668,139.44226,,-1,,,Noise
5,-33.028,35.642303,,-1,,,Noise
5,35.8649,127.45529,,-1,,,Noise
5,168.24927,95.960144,,-1,,,Noise
5,-144.16463,73.60788,,-1,,,Noise
5,-3.5688477,109.98758,,-1,,,Noise
5,126.22131,-142.83366,,-1,,,Noise
5,-164.13112,100.10501,,-1,,,Noise
5,-136.60847,173.55817,,-1,,,Noise
5,60.768326,-113.16767,,-1,,,Noise
5,-70.715096,37.737244,,-1,,,Noise
5,116.37796,109.369354,,-1,,,Noise
5,1.464798,13.804169,,-1,,,Noise
5,80.1127,-17.994614,,-1,,,Noise
5,-13.836197,94.24878,,-1,,,Noise
5,-127.55703,152.73798,,-1,,,Noise
5,55.074738,-129.6444,,-1,,,Noise
5,121.94876,-90.915436,,-1,,,Noise
5,179.15976,79.34802,,-1,,,Noise
5,104.97864,-41.221542,,-1,,,Noise
5,-47.21666,-75.98333,,-1,,,Noise
5,-142.22937,147.4248,,-1,,,Noise
5,3.8266296,49.149994,,-1,,,Noise
5,-78.765144,-148.87961,,-1,,,Noise
5,-45.820084,10.788132,,-1,,,Noise
5,-66.643036,21.412613,,-1,,,Noise
5,-36.425674,169.46732,,-1,,,Noise
5,-156.838,-53.055656,,-1,,,Noise
5,123.151245,-151.48045,,-1,,,Noise
5,127.74667,-48.66861,,-1,,,Noise
5,117.283875,-144.73761,,-1,,,Noise
5,7.021408,67.21126,,-1,,,Noise
5,70.93312,38.036926,,-1,,,Noise
5,168.65881,-122.47433,,-1,,,Noise
5,66.43234,-167.30345,,-1,,,Noise
5,-51.09787,47.426514,,-1,,,Noise
5,130.5971,-131.87675,,-1,,,Noise
5,-67.84009,115.60339,,-1,,,Noise
5,80.35431,-34.946777,,-1,,,Noise
5,78.286804,-51.948166,,-1,,,Noise
5,98.956726,-161.73238,,-1,,,Noise
5,-146.37227,72.06763,,-1,,,Noise
5,136.30841,-149.95877,,-1,,,Noise
5,43.99649,-13.034302,,-1,,,Noise
5,-63.89553,151.59961,,-1,,,Noise
5,130.81781,-16.43068,,-1,,,Noise
5,2.86615,58.885284,,-1,,,Noise
5,162.5629,48.190063,,-1,,,Noise
5,-120.521385,170.2193,,-1,,,Noise
5,44.216248,174.09021,,-1,,,Noise
5,-20.194092,10.247772,,-1,,,Noise
5,21.856964,-86.71775,,-1,,,Noise
5,4.6673126,-86.211296,,-1,,,Noise
5,-69.4938,-119.33452,,-1,,,Noise
5,174.12225,25.498215,,-1,,,Noise
5,-165.47934,47.11023,,-1,,,Noise
5,-0.72743225,-29.66333,,-1,,,Noise
5,117.29242,128.55902,,-1,,,Noise
5,-158.94516,68.36459,,-1,,,Noise
5,44.3266,-146.44836,,-1,,,Noise
5,-117.44021,-170.1928,,-1,,,Noise
5,87.94354,-132.9085,,-1,,,Noise
5,6.6339264,-35.612106,,-1,,,Noise
5,-102.07236,137.07175,,-1,,,Noise
5,73.680756,-11.6532135,,-1,,,Noise
5,-171.82404,29.396225,,-1,,,Noise
5,-47.62091,35.81859,,-1,,,Noise
5,131.15881,-179.37914,,-1,,,Noise
5,-45.724014,176.71567,,-1,,,Noise
5,159.54333,57.81105,,-1,,,Noise
5,-110.81422,154.276,,-1,,,Noise
5,-106.18893,-173.99059,,-1,,,Noise
5,103.89551,-142.2423,,-1,,,Noise
5,56.392914,118.48193,,-1,,,Noise
5,78.36429,133.63318,,-1,,,Noise
5,90.031555,-108.929726,,-1,,,Noise
5,-1.7393341,-48.811584,,-1,,,Noise
5,-129.27296,-116.60543,,-1,,,Noise
5,-167.17125,-105.4277,,-1,,,Noise
5,-129.83055,134.695,,-1,,,Noise
5,-150.9482,-97.07189,,-1,,,Noise
5,-42.66249,-158.68376,,-1,,,Noise
5,46.240936,-108.237724,,-1,,,Noise
5,146.61548,-94.93259,,-1,,,Noise
5,-54.865067,127.2186,,-1,,,Noise
5,67.58247,-71.42399,,-1,,,Noise
5,-65.15177,0.6638794,,-1,,,Noise
5,176.04938,-46.210693,,-1,,,Noise
5,-147.8304,35.63669,,-1,,,Noise
5,154.10358,-88.351585,,-1,,,Noise
5,-87.08908,22.183762,,-1,,,Noise
5,131.26996,-21.704636,,-1,,,Noise
5,-55.735718,56.709686,,-1,,,Noise
5,151.71692,68.548096,,-1,,,Noise
5,-40.6196,77.53693,,-1,,,Noise
5,-167.59564,99.7453,,-1,,,Noise
5,-42.970245,46.175873,,-1,,,Noise
5,-72.1076,121.063324,,-1,,,Noise
5,78.681305,-96.40089,,-1,,,Noise
5,-65.489,54.485397,,-1,,,Noise
5,34.41591,-17.47702,,-1,,,Noise
5,39.523087,-27.896484,,-1,,,Noise
5,-25.614502,-73.643036,,-1,,,Noise
5,-56.67521,-70.13627,,-1,,,Noise
5,-132.13205,-124.05842,,-1,,,Noise
5,38.53409,-115.43038,,-1,,,Noise
5,62.52803,-134.22165,,-1,,,Noise
5,-13.268387,-20.04039,,-1,,,Noise
5,-122.11229,-7.662369,,-1,,,Noise
5,-143.16792,136.89227,,-1,,,Noise
5,8.713043,-105.958954,,-1,,,Noise
5,-166.73729,44.259598,,-1,,,Noise
5,-121.30127,112.41632,,-1,,,Noise
5,-132.3364,-28.031357,,-1,,,Noise
5,-143.60449,-146.48529,,-1,,,Noise
5,-19.406693,-131.64183,,-1,,,Noise
5,13.323639,135.42667,,-1,,,Noise
5,70.16116,-73.552475,,-1,,,Noise
5,-13.869858,53.318115,,-1,,,Noise
5,-100.33586,43.57849,,-1,,,Noise
5,58.24109,-44.492813,,-1,,,Noise
5,-29.544952,71.09723,,-1,,,Noise
5,-73.194435,-175.42984,,-1,,,Noise
5,172.9508,-138.79008,,-1,,,Noise
5,157.93164,37.483414,,-1,,,Noise
5,80.7045,-77.44968,,-1,,,Noise
5,86.43637,149.1749,,-1,,,Noise
5,-1.9050446,41.291534,,-1,,,Noise
5,104.54166,-154.72913,,-1,,,Noise
5,123.381226,-51.284576,,-1,,,Noise
5,-25.108551,59.492584,,-1,,,Noise
5,-47.413864,-161.68675,,-1,,,Noise
5,120.97876,146.18738,,-1,,,Noise
5,129.20428,-121.76657,,-1,,,Noise
5,-61.598495,100.15588,,-1,,,Noise
5,107.18204,80.28528,,-1,,,Noise
5,-18.655396,60.39331,,-1,,,Noise
5,-161.77867,-42.87799,,-1,,,Noise
5,151.672,-46.944687,,-1,,,Noise
5,-173.85518,-95.1146,,-1,,,Noise
5,-35.64824,-163.56087,,-1,,,Noise
5,130.28076,45.07007,,-1,,,Noise
5,-111.91381,-137.2158,,-1,,,Noise
5,156.26733,-114.3083,,-1,,,Noise
5,-99.97274,-154.96007,,-1,,,Noise
5,-155.61955,98.39667,,-1,,,Noise
5,128.65729,-41.060104,,-1,,,Noise
5,-90.048195,29.022491,,-1,,,Noise
10,174.97159,135.99646,2.0,0,-179.95648522817658,174.31003469842236,Beta/C5
10,-177.60318,-169.95816,2.0,0,-179.95648522817658,174.31003469842236,Beta/C5
10,158.54767,-160.48604,2.0,0,-179.95648522817658,174.31003469842236,Beta/C5
10,150.80688,169.13803,2.0,0,-179.95648522817658,174.31003469842236,Beta/C5
10,-146.18233,171.43237,2.0,0,-179.95648522817658,174.31003469842236,Beta/C5
10,-166.60197,153.11652,2.0,0,-179.95648522817658,174.31003469842236,Beta/C5
10,177.0246,153.71619,2.0,0,-179.95648522817658,174.31003469842236,Beta/C5
10,160.53693,176.24005,2.0,0,-179.95648522817658,174.31003469842236,Beta/C5
10,-141.56355,144.17065,2.0,0,-179.95648522817658,174.31003469842236,Beta/C5
10,155.70905,-156.57086,2.0,0,-179.95648522817658,174.31003469842236,Beta/C5
10,146.45297,-177.45108,2.0,0,-179.95648522817658,174.31003469842236,Beta/C5
10,173.51337,-159.75584,2.0,0,-179.95648522817658,174.31003469842236,Beta/C5
10,-145.2549,161.0998,2.0,0,-179.95648522817658,174.31003469842236,Beta/C5
10,-154.03886,169.91583,2.0,0,-179.95648522817658,174.31003469842236,Beta/C5
10,-178.25053,-153.21901,2.0,0,-179.95648522817658,174.31003469842236,Beta/C5
10,-171.60677,166.62628,2.0,0,-179.95648522817658,174.31003469842236,Beta/C5
10,-175.52382,-159.66774,2.0,0,-179.95648522817658,174.31003469842236,Beta/C5
10,165.26068,-174.0536,2.0,0,-179.95648522817658,174.31003469842236,Beta/C5
10,171.79584,-174.8225,2.0,0,-179.95648522817658,174.31003469842236,Beta/C5
10,179.1253,142.71692,2.0,0,-179.95648522817658,174.31003469842236,Beta/C5
10,149.87854,172.23889,2.0,0,-179.95648522817658,174.31003469842236,Beta/C5
10,140.28928,-170.80875,2.0,0,-179.95648522817658,174.31003469842236,Beta/C5
10,172.53735,159.62466,2.0,0,-179.95648522817658,174.31003469842236,Beta/C5
10,177.27359,-149.23454,2.0,0,-179.95648522817658,174.31003469842236,Beta/C5
10,-151.932,150.99738,2.0,0,-179.95648522817658,174.31003469842236,Beta/C5
10,-176.05121,161.99521,2.0,0,-179.95648522817658,174.31003469842236,Beta/C5
10,-145.67824,167.86801,2.0,0,-179.95648522817658,174.31003469842236,Beta/C5
10,169.68817,-165.09012,2.0,0,-179.95648522817658,174.31003469842236,Beta/C5
10,140.14099,-172.89478,2.0,0,-179.95648522817658,174.31003469842236,Beta/C5
10,-155.76598,154.73444,2.0,0,-179.95648522817658,174.31003469842236,Beta/C5
10,170.1022,152.90411,2.0,0,-179.95648522817658,174.31003469842236,Beta/C5
10,166.04428,154.01068,2.0,0,-179.95648522817658,174.31003469842236,Beta/C5
10,164.08615,137.50677,2.0,0,-179.95648522817658,174.31003469842236,Beta/C5
10,-161.37697,169.72101,2.0,0,-179.95648522817658,174.31003469842236,Beta/C5
10,165.21326,-160.64812,2.0,0,-179.95648522817658,174.31003469842236,Beta/C5
10,154.53772,-161.23193,2.0,0,-179.95648522817658,174.31003469842236,Beta/C5
10,-173.82237,134.13239,2.0,0,-179.95648522817658,174.31003469842236,Beta/C5
10,-151.75671,140.27277,2.0,0,-179.95648522817658,174.31003469842236,Beta/C5
10,-169.1441,-159.12196,2.0,0,-179.95648522817658,174.31003469842236,Beta/C5
10,173.20767,-167.85757,2.0,0,-179.95648522817658,174.31003469842236,Beta/C5
10,-174.70561,146.64713,2.0,0,-179.95648522817658,174.31003469842236,Beta/C5
10,174.37924,-155.36089,2.0,0,-179.95648522817658,174.31003469842236,Beta/C5
10,153.98175,176.48334,2.0,0,-179.95648522817658,174.31003469842236,Beta/C5
10,-169.24721,165.28104,2.0,0,-179.95648522817658,174.31003469842236,Beta/C5
10,-152.31049,154.7662,2.0,0,-179.95648522817658,174.31003469842236,Beta/C5
10,175.91278,-143.23302,2.0,0,-179.95648522817658,174.31003469842236,Beta/C5
10,-133.37158,163.2638,2.0,0,-179.95648522817658,174.31003469842236,Beta/C5
10,153.55963,161.7876,2.0,0,-179.95648522817658,174.31003469842236,Beta/C5
10,150.42606,162.63898,2.0,0,-179.95648522817658,174.31003469842236,Beta/C5
10,-167.65556,174.3794,2.0,0,-179.95648522817658,174.31003469842236,Beta/C5
10,-178.25507,165.31787,2.0,0,-179.95648522817658,174.31003469842236,Beta/C5
10,156.73648,-148.96439,2.0,0,-179.95648522817658,174.31003469842236,Beta/C5
10,157.01862,-169.88187,2.0,0,-179.95648522817658,174.31003469842236,Beta/C5
10,174.2312,-175.78633,2.0,0,-179.95648522817658,174.31003469842236,Beta/C5
10,174.21423,129.60922,2.0,0,-179.95648522817658,174.31003469842236,Beta/C5
10,-138.8419,159.84503,2.0,0,-179.95648522817658,174.31003469842236,Beta/C5
10,-154.01604,140.27802,2.0,0,-179.95648522817658,174.31003469842236,Beta/C5
10,132.64868,-161.94371,2.0,0,-179.95648522817658,174.31003469842236,Beta/C5
10,-167.13516,157.30383,2.0,0,-179.95648522817658,174.31003469842236,Beta/C5
10,-168.71925,167.74109,2.0,0,-179.95648522817658,174.31003469842236,Beta/C5
10,178.99811,146.03952,2.0,0,-179.95648522817658,174.31003469842236,Beta/C5
10,145.62366,-165.76266,2.0,0,-179.95648522817658,174.31003469842236,Beta/C5
10,-165.49974,-165.25781,2.0,0,-179.95648522817658,174.31003469842236,Beta/C5
10,171.69788,160.0485,2.0,0,-179.95648522817658,174.31003469842236,Beta/C5
10,158.88123,175.84961,2.0,0,-179.95648522817658,174.31003469842236,Beta/C5
10,175.419,-173.49338,2.0,0,-179.95648522817658,174.31003469842236,Beta/C5
10,176.78943,-159.33105,2.0,0,-179.95648522817658,174.31003469842236,Beta/C5
10,149.48358,-178.8684,2.0,0,-179.95648522817658,174.31003469842236,Beta/C5
10,-179.70253,-171.92421,2.0,0,-179.95648522817658,174.31003469842236,Beta/C5
10,-177.90588,158.16699,2.0,0,-179.95648522817658,174.31003469842236,Beta/C5
10,-139.27385,172.9787,2.0,0,-179.95648522817658,174.31003469842236,Beta/C5
10,154.74515,-172.64384,2.0,0,-179.95648522817658,174.31003469842236,Beta/C5
10,170.37543,-167.14696,2.0,0,-179.95648522817658,174.31003469842236,Beta/C5
10,-162.55202,152.42227,2.0,0,-179.95648522817658,174.31003469842236,Beta/C5
10,-178.40643,159.9209,2.0,0,-179.95648522817658,174.31003469842236,Beta/C5
10,-166.12103,173.249,2.0,0,-179.95648522817658,174.31003469842236,Beta/C5
10,178.13696,172.61761,2.0,0,-179.95648522817658,174.31003469842236,Beta/C5
10,-148.3112,179.03503,2.0,0,-179.95648522817658,174.31003469842236,Beta/C5
10,165.01279,-158.29926,2.0,0,-179.95648522817658,174.31003469842236,Beta/C5
10,-168.07257,139.44849,2.0,0,-179.95648522817658,174.31003469842236,Beta/C5
10,154.94556,-175.63206,2.0,0,-179.95648522817658,174.31003469842236,Beta/C5
10,146.37122,163.24255,2.0,0,-179.95648522817658,174.31003469842236,Beta/C5
10,-177.57516,169.55933,2.0,0,-179.95648522817658,174.31003469842236,Beta/C5
10,-158.24472,-176.96204,2.0,0,-179.95648522817658,174.31003469842236,Beta/C5
10,-175.64543,148.3565,2.0,0,-179.95648522817658,174.31003469842236,Beta/C5
10,170.80664,162.8435,2.0,0,-179.95648522817658,174.31003469842236,Beta/C5
10,-166.82434,135.94965,2.0,0,-179.95648522817658,174.31003469842236,Beta/C5
10,-155.36285,158.57095,2.0,0,-179.95648522817658,174.31003469842236,Beta/C5
10,-171.71454,158.57642,2.0,0,-179.95648522817658,174.31003469842236,Beta/C5
10,-169.89743,152.12506,2.0,0,-179.95648522817658,174.31003469842236,Beta/C5
10,-175.41493,-175.35106,2.0,0,-179.95648522817658,174.31003469842236,Beta/C5
10,-158.80887,170.93213,2.0,0,-179.95648522817658,174.31003469842236,Beta/C5
10,177.46255,-159.17003,2.0,0,-179.95648522817658,174.31003469842236,Beta/C5
10,145.78809,-152.70605,2.0,0,-179.95648522817658,174.31003469842236,Beta/C5
10,-178.38196,178.89767,2.0,0,-179.95648522817658,174.31003469842236,Beta/C5
10,-147.6566,165.96692,2.0,0,-179.95648522817658,174.31003469842236,Beta/C5
10,-160.25293,178.17993,2.0,0,-179.95648522817658,174.31003469842236,Beta/C5
10,-167.85031,171.50586,2.0,0,-179.95648522817658,174.31003469842236,Beta/C5
10,-166.62605,-177.68225,2.0,0,-179.95648522817658,174.31003469842236,Beta/C5
10,158.86493,-142.573,2.0,0,-179.95648522817658,174.31003469842236,Beta/C5
10,-152.3668,168.14752,2.0,0,-179.95648522817658,174.31003469842236,Beta/C5
10,162.8086,-174.47197,2.0,0,-179.95648522817658,174.31003469842236,Beta/C5
10,-174.55731,-162.74248,2.0,0,-179.95648522817658,174.31003469842236,Beta/C5
10,171.8587,-151.48589,2.0,0,-179.95648522817658,174.31003469842236,Beta/C5
10,-159.17203,-163.74483,2.0,0,-179.95648522817658,174.31003469842236,Beta/C5
10,137.48154,-170.60588,2.0,0,-179.95648522817658,174.31003469842236,Beta/C5
10,158.65686,-156.55916,2.0,0,-179.95648522817658,174.31003469842236,Beta/C5
10,-160.99187,-166.31122,2.0,0,-179.95648522817658,174.31003469842236,Beta/C5
10,-173.79407,141.7821,2.0,0,-179.95648522817658,174.31003469842236,Beta/C5
10,-155.3516,167.72006,2.0,0,-179.95648522817658,174.31003469842236,Beta/C5
10,-155.89703,172.70267,2.0,0,-179.95648522817658,174.31003469842236,Beta/C5
10,167.81396,147.77887,2.0,0,-179.95648522817658,174.31003469842236,Beta/C5
10,-58.369003,136.90033,1.0,1,-13.72700627765748,168.24295788027598,Unknown
10,-26.02452,175.79959,1.0,1,-13.72700627765748,168.24295788027598,Unknown
10,-58.440155,122.9079,1.0,1,-13.72700627765748,168.24295788027598,Unknown
10,11.632309,-162.28586,1.0,1,-13.72700627765748,168.24295788027598,Unknown
10,-12.797394,-171.35522,1.0,1,-13.72700627765748,168.24295788027598,Unknown
10,-34.7352,147.65347,1.0,1,-13.72700627765748,168.24295788027598,Unknown
10,-29.635666,159.60278,1.0,1,-13.72700627765748,168.24295788027598,Unknown
10,-25.252625,-165.92036,1.0,1,-13.72700627765748,168.24295788027598,Unknown
10,-22.44954,140.20334,1.0,1,-13.72700627765748,168.24295788027598,Unknown
10,-40.044678,113.18237,1.0,1,-13.72700627765748,168.24295788027598,Unknown
10,-19.920853,-156.5576,1.0,1,-13.72700627765748,168.24295788027598,Unknown
10,1.3027191,172.23752,1.0,1,-13.72700627765748,168.24295788027598,Unknown
10,-43.775208,149.70898,1.0,1,-13.72700627765748,168.24295788027598,Unknown
10,-6.9698486,173.1665,1.0,1,-13.72700627765748,168.24295788027598,Unknown
10,24.82779,-161.01976,1.0,1,-13.72700627765748,168.24295788027598,Unknown
10,-55.02397,161.10013,1.0,1,-13.72700627765748,168.24295788027598,Unknown
10,-38.869324,-163.57724,1.0,1,-13.72700627765748,168.24295788027598,Unknown
10,-56.175568,133.58148,1.0,1,-13.72700627765748,168.24295788027598,Unknown
10,-38.556137,-148.006,1.0,1,-13.72700627765748,168.24295788027598,Unknown
10,-37.950485,131.8158,1.0,1,-13.72700627765748,168.24295788027598,Unknown
10,-4.706436,148.8664,1.0,1,-13.72700627765748,168.24295788027598,Unknown
10,0.019424438,166.35101,1.0,1,-13.72700627765748,168.24295788027598,Unknown
10,13.955551,-169.06999,1.0,1,-13.72700627765748,168.24295788027598,Unknown
10,-27.212341,165.4408,1.0,1,-13.72700627765748,168.24295788027598,Unknown
10,-2.820877,171.9057,1.0,1,-13.72700627765748,168.24295788027598,Unknown
10,47.072754,-141.35399,1.0,1,-13.72700627765748,168.24295788027598,Unknown
10,-49.331238,157.27966,1.0,1,-13.72700627765748,168.24295788027598,Unknown
10,-16.678848,127.984985,1.0,1,-13.72700627765748,168.24295788027598,Unknown
10,-59.927658,115.46872,1.0,1,-13.72700627765748,168.24295788027598,Unknown
10,-16.178589,-161.12456,1.0,1,-13.72700627765748,168.24295788027598,Unknown
10,21.714066,-139.46954,1.0,1,-13.72700627765748,168.24295788027598,Unknown
10,25.016342,-150.23085,1.0,1,-13.72700627765748,168.24295788027598,Unknown
10,-34.818176,105.893616,1.0,1,-13.72700627765748,168.24295788027598,Unknown
10,-28.430756,144.9382,1.0,1,-13.72700627765748,168.24295788027598,Unknown
10,-36.02719,-169.44757,1.0,1,-13.72700627765748,168.24295788027598,Unknown
10,-5.602646,-170.62192,1.0,1,-13.72700627765748,168.24295788027598,Unknown
10,-59.721054,122.69333,1.0,1,-13.72700627765748,168.24295788027598,Unknown
10,-4.301056,151.9419,1.0,1,-13.72700627765748,168.24295788027598,Unknown
10,29.70845,-153.04715,1.0,1,-13.72700627765748,168.24295788027598,Unknown
10,1.6596985,167.52783,1.0,1,-13.72700627765748,168.24295788027598,Unknown
10,-11.310715,150.75067,1.0,1,-13.72700627765748,168.24295788027598,Unknown
10,-21.258194,164.06622,1.0,1,-13.72700627765748,168.24295788027598,Unknown
10,-26.757614,131.24875,1.0,1,-13.72700627765748,168.24295788027598,Unknown
10,-52.712112,127.36304,1.0,1,-13.72700627765748,168.24295788027598,Unknown
10,-41.04756,145.3689,1.0,1,-13.72700627765748,168.24295788027598,Unknown
10,-22.84082,154.96869,1.0,1,-13.72700627765748,168.24295788027598,Unknown
10,-26.791382,151.28708,1.0,1,-13.72700627765748,168.24295788027598,Unknown
10,-7.340454,173.84698,1.0,1,-13.72700627765748,168.24295788027598,Unknown
10,-22.523193,157.4237,1.0,1,-13.72700627765748,168.24295788027598,Unknown
10,-32.377625,170.5473,1.0,1,-13.72700627765748,168.24295788027598,Unknown
10,-24.499527,130.44958,1.0,1,-13.72700627765748,168.24295788027598,Unknown
10,-65.64087,133.02332,1.0,1,-13.72700627765748,168.24295788027598,Unknown
10,-23.156052,-165.47064,1.0,1,-13.72700627765748,168.24295788027598,Unknown
10,0.43243408,-177.63063,1.0,1,-13.72700627765748,168.24295788027598,Unknown
10,-17.872574,-178.49702,1.0,1,-13.72700627765748,168.24295788027598,Unknown
10,-17.042465,176.36438,1.0,1,-13.72700627765748,168.24295788027598,Unknown
10,-17.39772,121.03912,1.0,1,-13.72700627765748,168.24295788027598,Unknown
10,-17.18309,-171.8446,1.0,1,-13.72700627765748,168.24295788027598,Unknown
10,20.70369,167.85239,1.0,1,-13.72700627765748,168.24295788027598,Unknown
10,-38.197067,143.8974,1.0,1,-13.72700627765748,168.24295788027598,Unknown
10,-24.503265,177.88074,1.0,1,-13.72700627765748,168.24295788027598,Unknown
10,-10.735092,164.03302,1.0,1,-13.72700627765748,168.24295788027598,Unknown
10,9.147003,-159.39986,1.0,1,-13.72700627765748,168.24295788027598,Unknown
10,-36.604523,133.30847,1.0,1,-13.72700627765748,168.24295788027598,Unknown
10,2.7991943,150.3121,1.0,1,-13.72700627765748,168.24295788027598,Unknown
10,-35.55362,122.810486,1.0,1,-13.72700627765748,168.24295788027598,Unknown
10,-17.33667,-177.57468,1.0,1,-13.72700627765748,168.24295788027598,Unknown
10,-9.132996,-155.00894,1.0,1,-13.72700627765748,168.24295788027598,Unknown
10,16.65567,166.2486,1.0,1,-13.72700627765748,168.24295788027598,Unknown
10,-17.15802,150.31757,1.0,1,-13.72700627765748,168.24295788027598,Unknown
10,-30.560547,-170.52725,1.0,1,-13.72700627765748,168.24295788027598,Unknown
10,29.295197,-157.07782,1.0,1,-13.72700627765748,168.24295788027598,Unknown
10,-36.52475,157.37054,1.0,1,-13.72700627765748,168.24295788027598,Unknown
10,-32.376236,151.16223,1.0,1,-13.72700627765748,168.24295788027598,Unknown
10,-49.650314,118.826965,1.0,1,-13.72700627765748,168.24295788027598,Unknown
10,1.6175232,150.69531,1.0,1,-13.72700627765748,168.24295788027598,Unknown
10,10.128677,-138.10724,1.0,1,-13.72700627765748,168.24295788027598,Unknown
10,-2.2816315,174.5044,1.0,1,-13.72700627765748,168.24295788027598,Unknown
10,-30.077682,120.59158,1.0,1,-13.72700627765748,168.24295788027598,Unknown
10,-30.724472,126.40097,1.0,1,-13.72700627765748,168.24295788027598,Unknown
10,5.1839905,-141.64784,1.0,1,-13.72700627765748,168.24295788027598,Unknown
10,-26.492294,164.10822,1.0,1,-13.72700627765748,168.24295788027598,Unknown
10,-10.325592,178.66937,1.0,1,-13.72700627765748,168.24295788027598,Unknown
10,27.118149,-143.77855,1.0,1,-13.72700627765748,168.24295788027598,Unknown
10,29.482056,178.11426,1.0,1,-13.72700627765748,168.24295788027598,Unknown
10,-40.276184,117.78769,1.0,1,-13.72700627765748,168.24295788027598,Unknown
10,-31.332825,-160.7323,1.0,1,-13.72700627765748,168.24295788027598,Unknown
10,13.344498,-151.2234,1.0,1,-13.72700627765748,168.24295788027598,Unknown
10,19.083633,-164.54756,1.0,1,-13.72700627765748,168.24295788027598,Unknown
10,23.183975,-157.46568,1.0,1,-13.72700627765748,168.24295788027598,Unknown
10,-17.074036,140.28723,1.0,1,-13.72700627765748,168.24295788027598,Unknown
10,-26.002777,156.19232,1.0,1,-13.72700627765748,168.24295788027598,Unknown
10,-21.893814,156.40305,1.0,1,-13.72700627765748,168.24295788027598,Unknown
10,-46.032852,114.27075,1.0,1,-13.72700627765748,168.24295788027598,Unknown
10,6.0786285,148.17664,1.0,1,-13.72700627765748,168.24295788027598,Unknown
10,37.347717,-160.31874,1.0,1,-13.72700627765748,168.24295788027598,Unknown
10,41.968323,-144.00916,1.0,1,-13.72700627765748,168.24295788027598,Unknown
10,6.3117523,167.6084,1.0,1,-13.72700627765748,168.24295788027598,Unknown
10,-29.595245,143.51868,1.0,1,-13.72700627765748,168.24295788027598,Unknown
10,-0.17892456,152.71341,1.0,1,-13.72700627765748,168.24295788027598,Unknown
10,38.626923,-154.84425,1.0,1,-13.72700627765748,168.24295788027598,Unknown
10,-33.508743,105.45154,1.0,1,-13.72700627765748,168.24295788027598,Unknown
10,10.954041,150.58011,1.0,1,-13.72700627765748,168.24295788027598,Unknown
10,46.018265,-149.73155,1.0,1,-13.72700627765748,168.24295788027598,Unknown
10,6.2134857,-142.05391,1.0,1,-13.72700627765748,168.24295788027598,Unknown
10,4.2200775,-160.54793,1.0,1,-13.72700627765748,168.24295788027598,Unknown
10,-39.541748,119.63077,1.0,1,-13.72700627765748,168.24295788027598,Unknown
10,-15.835892,173.1499,1.0,1,-13.72700627765748,168.24295788027598,Unknown
10,-1.5831451,178.37091,1.0,1,-13.72700627765748,168.24295788027598,Unknown
10,39.050934,-168.86263,1.0,1,-13.72700627765748,168.24295788027598,Unknown
10,-23.177795,-164.48267,1.0,1,-13.72700627765748,168.24295788027598,Unknown
10,-51.858917,138.45447,1.0,1,-13.72700627765748,168.24295788027598,Unknown
10,-12.813171,177.73993,1.0,1,-13.72700627765748,168.24295788027598,Unknown
10,5.233536,164.83417,1.0,1,-13.72700627765748,168.24295788027598,Unknown
10,21.369934,-158.09608,1.0,1,-13.72700627765748,168.24295788027598,Unknown
10,-43.2881,134.44131,1.0,1,-13.72700627765748,168.24295788027598,Unknown
10,-19.382126,-150.8336,1.0,1,-13.72700627765748,168.24295788027598,Unknown
10,-33.373688,-176.56668,1.0,1,-13.72700627765748,168.24295788027598,Unknown
10,6.34404,-161.30447,1.0,1,-13.72700627765748,168.24295788027598,Unknown
10,16.81546,166.42996,1.0,1,-13.72700627765748,168.24295788027598,Unknown
10,-17.307526,112.48401,1.0,1,-13.72700627765748,168.24295788027598,Unknown
10,-33.683304,145.31708,1.0,1,-13.72700627765748,168.24295788027598,Unknown
10,39.87091,-148.36597,1.0,1,-13.72700627765748,168.24295788027598,Unknown
10,-25.172699,-161.73428,1.0,1,-13.72700627765748,168.24295788027598,Unknown
10,-22.25821,166.12354,1.0,1,-13.72700627765748,168.24295788027598,Unknown
10,19.214981,-163.56873,1.0,1,-13.72700627765748,168.24295788027598,Unknown
10,-37.414215,-157.11142,1.0,1,-13.72700627765748,168.24295788027598,Unknown
10,18.492523,-171.13719,1.0,1,-13.72700627765748,168.24295788027598,Unknown
10,-34.805573,110.962524,1.0,1,-13.72700627765748,168.24295788027598,Unknown
10,-16.404419,117.866394,1.0,1,-13.72700627765748,168.24295788027598,Unknown
10,-16.99414,170.13358,1.0,1,-13.72700627765748,168.24295788027598,Unknown
10,16.878098,157.01117,1.0,1,-13.72700627765748,168.24295788027598,Unknown
10,20.492798,-177.09695,1.0,1,-13.72700627765748,168.24295788027598,Unknown
10,5.5575104,-164.1025,1.0,1,-13.72700627765748,168.24295788027598,Unknown
10,4.064316,-155.83638,1.0,1,-13.72700627765748,168.24295788027598,Unknown
10,6.617386,-159.25264,1.0,1,-13.72700627765748,168.24295788027598,Unknown
10,-36.815735,169.39084,1.0,1,-13.72700627765748,168.24295788027598,Unknown
10,-33.187225,104.20114,1.0,1,-13.72700627765748,168.24295788027598,Unknown
10,-26.890518,146.91199,1.0,1,-13.72700627765748,168.24295788027598,Unknown
10,-22.170547,164.0597,1.0,1,-13.72700627765748,168.24295788027598,Unknown
10,-2.4290924,-178.58337,1.0,1,-13.72700627765748,168.24295788027598,Unknown
10,-24.407639,-177.45016,1.0,1,-13.72700627765748,168.24295788027598,Unknown
10,-35.236725,-179.81554,1.0,1,-13.72700627765748,168.24295788027598,Unknown
10,-13.614243,147.96173,1.0,1,-13.72700627765748,168.24295788027598,Unknown
10,-36.617004,159.68805,1.0,1,-13.72700627765748,168.24295788027598,Unknown
10,1.9373627,174.62091,1.0,1,-13.72700627765748,168.24295788027598,Unknown
10,-43.248688,149.43774,1.0,1,-13.72700627765748,168.24295788027598,Unknown
10,-35.7341,-145.70042,1.0,1,-13.72700627765748,168.24295788027598,Unknown
10,-19.354141,174.13135,1.0,1,-13.72700627765748,168.24295788027598,Unknown
10,38.93213,-139.85703,1.0,1,-13.72700627765748,168.24295788027598,Unknown
10,-53.875687,122.30127,1.0,1,-13.72700627765748,168.24295788027598,Unknown
10,-46.995667,156.93457,1.0,1,-13.72700627765748,168.24295788027598,Unknown
10,3.0763245,-172.49341,1.0,1,-13.72700627765748,168.24295788027598,Unknown
10,28.597046,-175.78879,1.0,1,-13.72700627765748,168.24295788027598,Unknown
10,-13.443237,167.60614,1.0,1,-13.72700627765748,168.24295788027598,Unknown
10,-23.117676,136.90427,1.0,1,-13.72700627765748,168.24295788027598,Unknown
10,0.37838745,-177.23898,1.0,1,-13.72700627765748,168.24295788027598,Unknown
10,-44.291565,123.23889,1.0,1,-13.72700627765748,168.24295788027598,Unknown
10,-41.236633,-158.03845,1.0,1,-13.72700627765748,168.24295788027598,Unknown
10,-15.660309,155.81488,1.0,1,-13.72700627765748,168.24295788027598,Unknown
10,-11.765244,141.3833,1.0,1,-13.72700627765748,168.24295788027598,Unknown
10,14.078369,-166.80815,1.0,1,-13.72700627765748,168.24295788027598,Unknown
10,-37.925232,166.07349,1.0,1,-13.72700627765748,168.24295788027598,Unknown
10,26.512344,-156.0149,1.0,1,-13.72700627765748,168.24295788027598,Unknown
10,-43.08966,159.83325,1.0,1,-13.72700627765748,168.24295788027598,Unknown
10,18.360718,-160.58974,1.0,1,-13.72700627765748,168.24295788027598,Unknown
10,-33.996338,150.42343,1.0,1,-13.72700627765748,168.24295788027598,Unknown
10,49.559265,-162.79541,1.0,1,-13.72700627765748,168.24295788027598,Unknown
10,-21.510132,154.22601,1.0,1,-13.72700627765748,168.24295788027598,Unknown
10,-51.89073,140.36096,1.0,1,-13.72700627765748,168.24295788027598,Unknown
10,26.660599,178.94604,1.0,1,-13.72700627765748,168.24295788027598,Unknown
10,92.913025,-134.21045,4.0,2,93.49837583911341,-124.53143475291132,Unknown
10,95.98129,-129.4865,4.0,2,93.49837583911341,-124.53143475291132,Unknown
10,98.9241,-142.21652,4.0,2,93.49837583911341,-124.53143475291132,Unknown
10,98.49841,-114.83944,4.0,2,93.49837583911341,-124.53143475291132,Unknown
10,89.81418,-105.68314,4.0,2,93.49837583911341,-124.53143475291132,Unknown
10,90.28189,-144.07024,4.0,2,93.49837583911341,-124.53143475291132,Unknown
10,86.762695,-121.0626,4.0,2,93.49837583911341,-124.53143475291132,Unknown
10,87.25357,-120.136955,4.0,2,93.49837583911341,-124.53143475291132,Unknown
10,93.84805,-120.313324,4.0,2,93.49837583911341,-124.53143475291132,Unknown
10,84.803314,-127.578384,4.0,2,93.49837583911341,-124.53143475291132,Unknown
10,107.69388,-123.50633,4.0,2,93.49837583911341,-124.53143475291132,Unknown
10,93.916016,-128.32841,4.0,2,93.49837583911341,-124.53143475291132,Unknown
10,87.82703,-127.69075,4.0,2,93.49837583911341,-124.53143475291132,Unknown
10,81.13815,-121.70289,4.0,2,93.49837583911341,-124.53143475291132,Unknown
10,82.12747,-121.48841,4.0,2,93.49837583911341,-124.53143475291132,Unknown
10,103.69849,-118.580315,4.0,2,93.49837583911341,-124.53143475291132,Unknown
10,100.38495,-112.38368,4.0,2,93.49837583911341,-124.53143475291132,Unknown
10,90.142944,-129.68729,4.0,2,93.49837583911341,-124.53143475291132,Unknown
10,110.70059,-123.35381,4.0,2,93.49837583911341,-124.53143475291132,Unknown
10,-88.78211,90.23053,3.0,3,-102.7328956635259,98.7755321105908,Beta/C5
10,-95.82275,92.326385,3.0,3,-102.7328956635259,98.7755321105908,Beta/C5
10,-88.08317,88.262634,3.0,3,-102.7328956635259,98.7755321105908,Beta/C5
10,-91.10209,108.713684,3.0,3,-102.7328956635259,98.7755321105908,Beta/C5
10,-111.11952,84.565765,3.0,3,-102.7328956635259,98.7755321105908,Beta/C5
10,-101.883736,105.70639,3.0,3,-102.7328956635259,98.7755321105908,Beta/C5
10,-104.85685,115.18622,3.0,3,-102.7328956635259,98.7755321105908,Beta/C5
10,-88.03425,90.656494,3.0,3,-102.7328956635259,98.7755321105908,Beta/C5
10,-118.8276,90.7453,3.0,3,-102.7328956635259,98.7755321105908,Beta/C5
10,-122.14036,108.37274,3.0,3,-102.7328956635259,98.7755321105908,Beta/C5
10,-94.27097,100.210815,3.0,3,-102.7328956635259,98.7755321105908,Beta/C5
10,-88.776825,108.884735,3.0,3,-102.7328956635259,98.7755321105908,Beta/C5
10,-99.32255,109.449066,3.0,3,-102.7328956635259,98.7755321105908,Beta/C5
10,-98.30681,80.67746,3.0,3,-102.7328956635259,98.7755321105908,Beta/C5
10,-100.326584,90.01605,3.0,3,-102.7328956635259,98.7755321105908,Beta/C5
10,-111.23032,84.00232,3.0,3,-102.7328956635259,98.7755321105908,Beta/C5
10,-105.005394,85.00369,3.0,3,-102.7328956635259,98.7755321105908,Beta/C5
10,-115.7458,109.72247,3.0,3,-102.7328956635259,98.7755321105908,Beta/C5
10,-102.93812,115.91211,3.0,3,-102.7328956635259,98.7755321105908,Beta/C5
10,-120.122795,94.13049,3.0,3,-102.7328956635259,98.7755321105908,Beta/C5
10,-83.23664,104.10501,3.0,3,-102.7328956635259,98.7755321105908,Beta/C5
10,-108.53167,102.10437,3.0,3,-102.7328956635259,98.7755321105908,Beta/C5
10,-105.15733,95.54828,3.0,3,-102.7328956635259,98.7755321105908,Beta/C5
10,-102.79986,82.0737,3.0,3,-102.7328956635259,98.7755321105908,Beta/C5
10,-98.91117,111.388,3.0,3,-102.7328956635259,98.7755321105908,Beta/C5
10,-101.452774,89.09314,3.0,3,-102.7328956635259,98.7755321105908,Beta/C5
10,-105.055916,112.53992,3.0,3,-102.7328956635259,98.7755321105908,Beta/C5
10,-105.35981,105.573364,3.0,3,-102.7328956635259,98.7755321105908,Beta/C5
10,-122.35693,109.15497,3.0,3,-102.7328956635259,98.7755321105908,Beta/C5
10,-112.75591,151.9495,,4,,,Minor/Noise
10,-117.83454,126.517334,,4,,,Minor/Noise
10,-118.885574,125.87439,,4,,,Minor/Noise
10,-117.47744,139.82019,,4,,,Minor/Noise
10,-102.12863,138.04657,,4,,,Minor/Noise
10,-132.92859,143.89981,,4,,,Minor/Noise
10,-125.39605,148.46475,,4,,,Minor/Noise
10,-113.36817,151.92682,,4,,,Minor/Noise
10,-127.357735,146.5028,,4,,,Minor/Noise
10,-125.681335,147.80377,,4,,,Minor/Noise
10,-125.783394,139.26068,,4,,,Minor/Noise
10,-110.41462,146.43219,,4,,,Minor/Noise
10,-113.28062,154.16284,,4,,,Minor/Noise
10,-116.84712,138.0664,,4,,,Minor/Noise
10,-108.05997,143.02704,,4,,,Minor/Noise
10,176.76163,-13.262512,5.0,5,164.81641706122002,-11.244845748345078,Unknown
10,165.60693,-16.818695,5.0,5,164.81641706122002,-11.244845748345078,Unknown
10,170.48544,2.3904724,5.0,5,164.81641706122002,-11.244845748345078,Unknown
10,158.12732,-9.335037,5.0,5,164.81641706122002,-11.244845748345078,Unknown
10,172.97171,-17.65326,5.0,5,164.81641706122002,-11.244845748345078,Unknown
10,162.33441,-8.270737,5.0,5,164.81641706122002,-11.244845748345078,Unknown
10,167.57684,-13.275497,5.0,5,164.81641706122002,-11.244845748345078,Unknown
10,151.82086,-18.131332,5.0,5,164.81641706122002,-11.244845748345078,Unknown
10,162.4613,2.2859344,5.0,5,164.81641706122002,-11.244845748345078,Unknown
10,174.82446,-14.836456,5.0,5,164.81641706122002,-11.244845748345078,Unknown
10,161.11755,-17.643753,5.0,5,164.81641706122002,-11.244845748345078,Unknown
10,176.21606,-1.3206635,5.0,5,164.81641706122002,-11.244845748345078,Unknown
10,178.00229,-7.7798157,5.0,5,164.81641706122002,-11.244845748345078,Unknown
10,148.60211,-11.412003,5.0,5,164.81641706122002,-11.244845748345078,Unknown
10,154.58981,-13.545868,5.0,5,164.81641706122002,-11.244845748345078,Unknown
10,155.48886,-21.105621,5.0,5,164.81641706122002,-11.244845748345078,Unknown
10,-135.11679,142.10944,,6,,,Minor/Noise
10,-140.93906,124.30005,,6,,,Minor/Noise
10,-143.69037,113.7229,,6,,,Minor/Noise
10,-144.92711,129.4383,,6,,,Minor/Noise
10,-133.75304,137.25006,,6,,,Minor/Noise
10,-135.33795,127.60095,,6,,,Minor/Noise
10,-136.01932,127.174835,,6,,,Minor/Noise
10,-146.1142,116.246765,,6,,,Minor/Noise
10,-139.95302,120.27673,,6,,,Minor/Noise
10,-137.84164,116.5163,,6,,,Minor/Noise
10,-136.93991,131.87195,,6,,,Minor/Noise
10,-152.16068,132.60468,,6,,,Minor/Noise
10,25.224976,162.17215,,-1,,,Noise
10,-131.83772,115.539246,,-1,,,Noise
10,55.10553,115.50659,,-1,,,Noise
10,36.571976,-62.92926,,-1,,,Noise
10,0.35064697,-97.88152,,-1,,,Noise
10,58.448822,-110.92974,,-1,,,Noise
10,-79.68353,-171.62973,,-1,,,Noise
10,-75.27396,102.93048,,-1,,,Noise
10,-65.969185,42.709396,,-1,,,Noise
10,158.29745,-41.268295,,-1,,,Noise
10,105.840454,-174.29366,,-1,,,Noise
10,-48.443893,86.38327,,-1,,,Noise
10,102.66809,145.02832,,-1,,,Noise
10,-89.38105,-178.56534,,-1,,,Noise
10,-174.74301,-89.87437,,-1,,,Noise
10,-143.9055,-135.75424,,-1,,,Noise
10,-31.308655,-6.062607,,-1,,,Noise
10,63.69603,-116.983376,,-1,,,Noise
10,-1.9316101,73.70038,,-1,,,Noise
10,-154.79773,43.716507,,-1,,,Noise
10,16.392334,100.510864,,-1,,,Noise
10,90.053375,161.87836,,-1,,,Noise
10,175.07278,-123.34351,,-1,,,Noise
10,64.290405,-124.9,,-1,,,Noise
10,68.513336,-43.72888,,-1,,,Noise
10,-117.10904,18.02507,,-1,,,Noise
10,36.215637,-119.077446,,-1,,,Noise
10,15.187958,-18.795502,,-1,,,Noise
10,-48.82512,44.38922,,-1,,,Noise
10,-95.97701,24.884277,,-1,,,Noise
10,130.02301,-51.43245,,-1,,,Noise
10,-123.415695,121.312744,,-1,,,Noise
10,-22.375381,71.67534,,-1,,,Noise
10,-149.92683,81.42413,,-1,,,Noise
10,-15.061203,-139.05786,,-1,,,Noise
10,19.970642,107.1846,,-1,,,Noise
10,118.8436,-141.0849,,-1,,,Noise
10,25.11705,-46.898987,,-1,,,Noise
10,-99.68194,-133.648,,-1,,,Noise
10,-8.58345,45.59964,,-1,,,Noise
10,-66.93626,179.67633,,-1,,,Noise
10,70.37152,-83.96041,,-1,,,Noise
10,9.645691,76.77411,,-1,,,Noise
10,20.417847,-123.976425,,-1,,,Noise
10,-87.20894,-119.28621,,-1,,,Noise
10,-23.648682,32.61293,,-1,,,Noise
10,-1.6295776,-127.885475,,-1,,,Noise
10,106.01706,-79.693886,,-1,,,Noise
10,-22.86168,6.315811,,-1,,,Noise
10,149.70944,-108.00555,,-1,,,Noise
10,152.86145,-72.79681,,-1,,,Noise
10,16.963135,-4.9065094,,-1,,,Noise
10,-132.24365,-141.55168,,-1,,,Noise
10,-26.752823,-132.4214,,-1,,,Noise
10,87.339355,13.732849,,-1,,,Noise
10,22.068085,49.94232,,-1,,,Noise
10,12.314682,-127.54139,,-1,,,Noise
10,87.144196,-10.187302,,-1,,,Noise
10,147.64072,-143.96352,,-1,,,Noise
10,172.70581,-44.496613,,-1,,,Noise
10,56.601196,-127.733185,,-1,,,Noise
10,38.615463,-74.09291,,-1,,,Noise
10,166.87976,-116.72345,,-1,,,Noise
10,93.200806,-84.970856,,-1,,,Noise
10,-133.43283,-137.7313,,-1,,,Noise
10,114.08649,-91.34771,,-1,,,Noise
10,139.44324,-116.037735,,-1,,,Noise
10,-64.953094,-38.073883,,-1,,,Noise
10,-65.58697,-153.90564,,-1,,,Noise
10,-135.19765,-41.33658,,-1,,,Noise
10,-174.43842,-110.59628,,-1,,,Noise
10,84.410034,-103.55018,,-1,,,Noise
10,114.796234,-49.002808,,-1,,,Noise
10,120.49017,164.33655,,-1,,,Noise
10,-28.371246,94.38312,,-1,,,Noise
10,-99.51906,-102.06665,,-1,,,Noise
10,-162.90285,114.22189,,-1,,,Noise
10,136.50964,-151.94154,,-1,,,Noise
10,-86.342186,132.71149,,-1,,,Noise
10,169.39984,-69.85143,,-1,,,Noise
10,-24.957,61.756012,,-1,,,Noise
10,-170.24751,-83.41424,,-1,,,Noise
10,43.103516,-61.27957,,-1,,,Noise
10,-38.59369,-144.73961,,-1,,,Noise
10,77.20691,-134.5111,,-1,,,Noise
10,103.72394,-17.907104,,-1,,,Noise
10,151.88605,88.69641,,-1,,,Noise
10,-23.470901,20.300308,,-1,,,Noise
10,-3.1221924,-9.374924,,-1,,,Noise
10,58.43921,-121.34411,,-1,,,Noise
10,54.14978,164.70087,,-1,,,Noise
10,62.54184,-95.69278,,-1,,,Noise
10,-124.979836,3.745453,,-1,,,Noise
10,68.139725,168.24963,,-1,,,Noise
10,43.94049,125.743195,,-1,,,Noise
10,-40.666077,17.722763,,-1,,,Noise
10,5.819412,67.27734,,-1,,,Noise
10,60.353912,-68.92606,,-1,,,Noise
10,25.55922,107.790436,,-1,,,Noise
10,41.49666,125.13934,,-1,,,Noise
10,-34.939392,35.964584,,-1,,,Noise
10,-4.481201,-115.841896,,-1,,,Noise
10,-5.683914,71.61102,,-1,,,Noise
10,99.36328,119.52841,,-1,,,Noise
10,-118.76274,178.00934,,-1,,,Noise
10,21.311981,97.01514,,-1,,,Noise
10,-70.7865,-128.85687,,-1,,,Noise
10,142.73038,-44.77841,,-1,,,Noise
10,-92.769135,41.02719,,-1,,,Noise
10,60.150146,-61.242996,,-1,,,Noise
10,163.133,-127.00414,,-1,,,Noise
10,147.15143,-58.46135,,-1,,,Noise
10,28.080688,-111.95302,,-1,,,Noise
10,-45.766846,52.445663,,-1,,,Noise
10,40.94197,153.89099,,-1,,,Noise
10,32.640137,-32.385437,,-1,,,Noise
10,-1.5458221,52.215317,,-1,,,Noise
10,2.8319855,130.63226,,-1,,,Noise
10,18.405151,29.678879,,-1,,,Noise
10,171.62042,-30.943924,,-1,,,Noise
10,138.51428,82.837616,,-1,,,Noise
10,-7.399933,-111.98083,,-1,,,Noise
10,20.505219,25.364197,,-1,,,Noise
10,-99.86508,141.87097,,-1,,,Noise
10,178.11926,-69.105774,,-1,,,Noise
10,49.040726,-105.87946,,-1,,,Noise
10,141.11282,-84.590614,,-1,,,Noise
10,-1.366745,-78.086685,,-1,,,Noise
10,74.542206,-95.51517,,-1,,,Noise
10,99.31842,-81.98433,,-1,,,Noise
10,61.155884,-125.46724,,-1,,,Noise
10,-163.35422,-20.89618,,-1,,,Noise
10,1.7663879,52.66072,,-1,,,Noise
10,74.78027,-5.2608795,,-1,,,Noise
10,-116.59899,31.706146,,-1,,,Noise
10,7.611496,-108.293144,,-1,,,Noise
10,-153.21423,36.088562,,-1,,,Noise
10,144.79419,-20.553772,,-1,,,Noise
10,-86.055534,159.74738,,-1,,,Noise
10,177.8646,-60.25969,,-1,,,Noise
10,-92.99447,-168.96535,,-1,,,Noise
10,-27.485413,-13.389481,,-1,,,Noise
10,106.0639,171.93774,,-1,,,Noise
10,-72.45905,60.13678,,-1,,,Noise
10,-119.390015,76.33792,,-1,,,Noise
10,44.839783,-36.211548,,-1,,,Noise
10,131.03857,-81.80526,,-1,,,Noise
10,-25.982727,59.715958,,-1,,,Noise
10,-64.0737,85.20557,,-1,,,Noise
10,-72.58126,-116.62173,,-1,,,Noise
10,-77.35853,79.459564,,-1,,,Noise
10,134.62067,118.103485,,-1,,,Noise
10,-59.03978,62.728806,,-1,,,Noise
10,-4.4833527,-93.95695,,-1,,,Noise
10,105.48334,165.84314,,-1,,,Noise
10,-113.44976,38.95842,,-1,,,Noise
10,-33.571533,-10.933701,,-1,,,Noise
10,-120.86292,40.501648,,-1,,,Noise
10,-68.498436,173.12506,,-1,,,Noise
10,107.41348,-108.90183,,-1,,,Noise
10,57.02797,172.30655,,-1,,,Noise
10,33.44745,147.79425,,-1,,,Noise
10,-176.03468,-134.29054,,-1,,,Noise
10,1.8096924,-7.74646,,-1,,,Noise
10,-15.207916,91.85684,,-1,,,Noise
10,151.11157,68.684326,,-1,,,Noise
10,5.0723877,121.1264,,-1,,,Noise
10,15.214066,8.443741,,-1,,,Noise
10,138.55786,-129.09772,,-1,,,Noise
10,-157.88023,15.520676,,-1,,,Noise
10,-30.240845,33.778717,,-1,,,Noise
10,-169.4935,59.220703,,-1,,,Noise
10,56.212234,102.95462,,-1,,,Noise
10,-39.879257,35.022995,,-1,,,Noise
10,140.7265,2.824417,,-1,,,Noise
10,27.922958,-108.61374,,-1,,,Noise
10,-158.1792,-158.08112,,-1,,,Noise
10,134.8612,-140.76532,,-1,,,Noise
10,90.37329,74.80649,,-1,,,Noise
10,-13.430649,3.9750824,,-1,,,Noise
10,124.42847,160.25842,,-1,,,Noise
10,-177.85577,-48.15265,,-1,,,Noise
10,56.521057,-124.65154,,-1,,,Noise
10,45.31456,-84.37207,,-1,,,Noise
10,-19.64981,63.04782,,-1,,,Noise
10,-65.70093,100.26282,,-1,,,Noise
10,160.1875,-134.21875,,-1,,,Noise
10,-1.2411041,81.88077,,-1,,,Noise
10,111.29242,-106.67164,,-1,,,Noise
10,-148.66733,70.66054,,-1,,,Noise
10,-36.635223,-122.20028,,-1,,,Noise
10,48.44934,171.19739,,-1,,,Noise
10,-90.7342,-178.6543,,-1,,,Noise
10,-52.873474,175.95111,,-1,,,Noise
10,-172.49469,-6.7625885,,-1,,,Noise
10,88.46869,121.87036,,-1,,,Noise
10,-6.502655,15.321594,,-1,,,Noise
10,-92.84344,163.06012,,-1,,,Noise
10,-73.5738,75.46399,,-1,,,Noise
10,-9.281616,-48.772232,,-1,,,Noise
10,153.36102,-119.445564,,-1,,,Noise
10,24.75943,-69.04891,,-1,,,Noise
10,-140.78767,81.93228,,-1,,,Noise
10,-58.271057,-149.4567,,-1,,,Noise
10,106.63513,62.151917,,-1,,,Noise
10,72.56944,0.76812744,,-1,,,Noise
10,-35.453674,-136.14865,,-1,,,Noise
10,-37.258087,80.14816,,-1,,,Noise
10,-121.31691,-75.92977,,-1,,,Noise
10,-4.7371826,-123.99065,,-1,,,Noise
10,-126.139015,169.00488,,-1,,,Noise
10,152.44797,-130.94537,,-1,,,Noise
10,16.227448,-107.69695,,-1,,,Noise
10,103.989746,94.82294,,-1,,,Noise
10,-149.21773,22.198334,,-1,,,Noise
10,42.009827,162.09253,,-1,,,Noise
10,-122.5958,-151.25487,,-1,,,Noise
10,-33.12149,47.315277,,-1,,,Noise
10,88.61737,163.10535,,-1,,,Noise
10,18.120544,-19.186249,,-1,,,Noise
10,-101.63011,45.80403,,-1,,,Noise
10,31.75357,112.60538,,-1,,,Noise
10,-87.15446,-172.98778,,-1,,,Noise
10,61.72032,-75.632,,-1,,,Noise
10,-132.35812,62.804886,,-1,,,Noise
10,-90.011505,26.276657,,-1,,,Noise
10,-2.4958801,-142.34373,,-1,,,Noise
10,-112.72649,-68.603775,,-1,,,Noise
10,56.349564,-133.46829,,-1,,,Noise
10,-115.05606,-47.240875,,-1,,,Noise
10,-143.50317,-83.42917,,-1,,,Noise
10,-61.111786,-3.6641388,,-1,,,Noise
10,-78.734505,107.93674,,-1,,,Noise
10,33.87509,145.11804,,-1,,,Noise
10,84.33545,-75.74039,,-1,,,Noise
10,139.64532,-33.547913,,-1,,,Noise
10,-125.787186,-170.11697,,-1,,,Noise
10,-26.348755,31.724594,,-1,,,Noise
10,149.92786,-113.961,,-1,,,Noise
10,-5.50856,10.785522,,-1,,,Noise
10,132.13754,-109.42246,,-1,,,Noise
10,103.3634,-159.14148,,-1,,,Noise
10,-54.601425,42.747437,,-1,,,Noise
10,131.26245,54.515213,,-1,,,Noise
10,-78.86912,151.99164,,-1,,,Noise
10,-174.97182,-0.00730896,,-1,,,Noise
10,43.60852,-92.28933,,-1,,,Noise
10,173.9234,71.803375,,-1,,,Noise
10,33.345978,-125.939735,,-1,,,Noise
10,12.274246,-109.593025,,-1,,,Noise
10,-151.23167,-64.910095,,-1,,,Noise
10,156.87201,-31.841507,,-1,,,Noise
10,108.12955,-96.26477,,-1,,,Noise
10,116.90497,169.64636,,-1,,,Noise
10,35.257935,52.861206,,-1,,,Noise
10,22.94812,-86.315384,,-1,,,Noise
10,108.97476,-71.97467,,-1,,,Noise
10,0.23826599,-132.2683,,-1,,,Noise
10,63.07216,-127.142525,,-1,,,Noise
10,123.73663,-127.72721,,-1,,,Noise
10,75.7359,-94.83607,,-1,,,Noise
10,-69.65076,149.32166,,-1,,,Noise
10,151.9566,-42.998672,,-1,,,Noise
10,-67.98152,109.10785,,-1,,,Noise
10,97.40076,174.70984,,-1,,,Noise
10,-67.881615,23.379837,,-1,,,Noise
10,-167.84166,81.32141,,-1,,,Noise
10,74.812195,127.02368,,-1,,,Noise
10,17.616104,-121.075096,,-1,,,Noise
10,-131.39653,67.77612,,-1,,,Noise
10,12.529236,20.166656,,-1,,,Noise
10,-1.8217621,14.953201,,-1,,,Noise
10,-126.34793,84.30737,,-1,,,Noise
10,-20.643661,43.38147,,-1,,,Noise
10,109.4386,-156.1771,,-1,,,Noise
10,-118.08418,-73.803665,,-1,,,Noise
10,-128.11337,-71.639175,,-1,,,Noise
10,54.659576,-36.54828,,-1,,,Noise
10,-76.793564,147.0116,,-1,,,Noise
10,27.57727,127.27765,,-1,,,Noise
10,75.21512,-151.02473,,-1,,,Noise
10,73.00897,-134.57542,,-1,,,Noise
10,-20.315948,-135.41559,,-1,,,Noise
10,33.84781,-74.250275,,-1,,,Noise
10,138.18408,-55.337402,,-1,,,Noise
10,-123.61215,-127.13806,,-1,,,Noise
10,-94.57017,-67.356575,,-1,,,Noise
10,-6.287628,86.89398,,-1,,,Noise
10,-13.777161,4.015854,,-1,,,Noise
10,-169.08133,124.29669,,-1,,,Noise
10,121.294586,171.44696,,-1,,,Noise
10,-118.5692,-124.46133,,-1,,,Noise
10,47.305298,-107.11981,,-1,,,Noise
10,-108.2518,-171.08124,,-1,,,Noise
10,-41.96466,-72.28119,,-1,,,Noise
10,81.53409,-93.35117,,-1,,,Noise
10,-36.812653,24.007416,,-1,,,Noise
10,71.110535,31.747833,,-1,,,Noise
10,-77.66719,-107.27265,,-1,,,Noise
10,103.773254,-159.4049,,-1,,,Noise
10,-43.32036,39.59381,,-1,,,Noise
10,68.64679,-100.97482,,-1,,,Noise
10,-157.23355,-16.201355,,-1,,,Noise
10,-72.89843,-174.04825,,-1,,,Noise
10,96.06067,-176.90277,,-1,,,Noise
10,-178.64357,28.954376,,-1,,,Noise
10,35.41397,-78.611565,,-1,,,Noise
10,-32.299652,103.27988,,-1,,,Noise
10,-10.356995,41.83432,,-1,,,Noise
10,-65.5411,31.2639,,-1,,,Noise
10,-76.49862,127.918,,-1,,,Noise
10,108.212036,-63.688904,,-1,,,Noise
10,56.8656,-31.702866,,-1,,,Noise
10,146.4028,-84.52159,,-1,,,Noise
10,-154.62392,38.631332,,-1,,,Noise
10,-41.63817,-3.4226685,,-1,,,Noise
10,-8.626068,44.661926,,-1,,,Noise
10,-149.94717,-82.925156,,-1,,,Noise
10,-104.8426,28.360565,,-1,,,Noise
10,20.470596,-27.769669,,-1,,,Noise
10,82.86264,-100.78718,,-1,,,Noise
10,-129.5743,-99.102585,,-1,,,Noise
10,49.488586,21.342072,,-1,,,Noise
10,-114.60067,-136.35518,,-1,,,Noise
10,12.447845,-126.15142,,-1,,,Noise
10,-120.010254,76.3985,,-1,,,Noise
10,-124.9233,165.60852,,-1,,,Noise
10,-168.46895,-33.62767,,-1,,,Noise
10,45.38896,134.76355,,-1,,,Noise
10,148.32776,134.63507,,-1,,,Noise
10,90.72244,-94.13441,,-1,,,Noise
10,-167.11497,102.87518,,-1,,,Noise
10,133.43951,-17.38443,,-1,,,Noise
10,58.02487,-37.522446,,-1,,,Noise
10,-5.5371704,-117.88387,,-1,,,Noise
10,-169.09418,-120.91141,,-1,,,Noise
10,37.492218,-130.84647,,-1,,,Noise
10,-5.5056763,85.45862,,-1,,,Noise
10,112.750305,-23.829407,,-1,,,Noise
10,1.9962006,-100.80889,,-1,,,Noise
10,39.10466,-106.27544,,-1,,,Noise
10,128.836,-171.2731,,-1,,,Noise
10,-154.13647,-154.1581,,-1,,,Noise
10,-69.458725,69.39876,,-1,,,Noise
10,138.82635,-134.12958,,-1,,,Noise
10,108.654755,-158.15002,,-1,,,Noise
10,-152.68716,37.00377,,-1,,,Noise
10,63.06877,-123.263885,,-1,,,Noise
10,47.753113,21.198853,,-1,,,Noise
10,31.415405,122.98624,,-1,,,Noise
10,-160.58983,-2.3060608,,-1,,,Noise
10,-171.58441,96.76636,,-1,,,Noise
10,-49.18669,58.683014,,-1,,,Noise
10,125.076385,-154.57768,,-1,,,Noise
10,104.18155,-11.581894,,-1,,,Noise
10,-171.27995,60.374023,,-1,,,Noise
10,-19.42949,80.5827,,-1,,,Noise
10,33.038254,-109.44388,,-1,,,Noise
10,7.159424,-131.73279,,-1,,,Noise
10,-6.6448364,66.64819,,-1,,,Noise
10,-10.536148,-139.84605,,-1,,,Noise
10,-59.7632,23.211044,,-1,,,Noise
10,23.10962,-99.08175,,-1,,,Noise
10,-171.38135,-84.7825,,-1,,,Noise
10,17.092651,-46.25676,,-1,,,Noise
10,-22.095795,32.0688,,-1,,,Noise
10,61.972717,-83.692604,,-1,,,Noise
10,-77.6341,42.310287,,-1,,,Noise
10,75.52959,-26.442902,,-1,,,Noise
10,-59.932632,-115.039604,,-1,,,Noise
10,-27.422104,-123.411804,,-1,,,Noise
10,-34.844025,45.285522,,-1,,,Noise
10,0.42614746,105.13968,,-1,,,Noise
10,167.46167,-32.681396,,-1,,,Noise
10,-148.96027,34.211517,,-1,,,Noise
10,166.35272,-58.16243,,-1,,,Noise
10,58.65439,80.46695,,-1,,,Noise
10,-26.618683,-13.289612,,-1,,,Noise
10,152.96246,116.370514,,-1,,,Noise
10,-33.227936,75.72464,,-1,,,Noise
10,129.4725,-152.05875,,-1,,,Noise
10,-179.59116,53.190918,,-1,,,Noise
10,19.314087,-99.90317,,-1,,,Noise
10,146.42499,-143.98265,,-1,,,Noise
10,9.610992,-18.750595,,-1,,,Noise
10,138.09232,148.74643,,-1,,,Noise
10,47.601227,-88.22885,,-1,,,Noise
10,132.41107,-39.792007,,-1,,,Noise
10,-89.08011,126.94522,,-1,,,Noise
10,-69.26506,113.60211,,-1,,,Noise
10,157.5404,-36.273193,,-1,,,Noise
10,40.77417,126.22595,,-1,,,Noise
10,136.11249,56.085052,,-1,,,Noise
10,-136.59097,-166.5837,,-1,,,Noise
10,-104.26289,154.91315,,-1,,,Noise
10,-83.73364,-133.88222,,-1,,,Noise
10,93.2103,162.45758,,-1,,,Noise
10,64.4494,176.56042,,-1,,,Noise
10,-145.8399,-93.86055,,-1,,,Noise
10,146.84262,-113.968704,,-1,,,Noise
10,-87.71346,156.70087,,-1,,,Noise
10,157.98615,-65.61259,,-1,,,Noise
10,64.42682,-151.71733,,-1,,,Noise
10,149.28558,-73.660774,,-1,,,Noise
10,-144.8207,101.872375,,-1,,,Noise
10,-140.03001,53.178818,,-1,,,Noise
10,32.799774,60.265472,,-1,,,Noise
10,-83.36562,70.474,,-1,,,Noise
10,-77.35102,70.8736,,-1,,,Noise
10,-116.96912,-157.28964,,-1,,,Noise
10,-72.3203,-132.88496,,-1,,,Noise
10,-136.99396,46.33014,,-1,,,Noise
10,-111.15098,157.36792,,-1,,,Noise
10,100.07703,-36.496124,,-1,,,Noise
10,-43.14702,59.20294,,-1,,,Noise
10,137.112,-27.459503,,-1,,,Noise
10,6.653778,-83.939095,,-1,,,Noise
10,-141.45905,-15.532822,,-1,,,Noise
10,3.0867615,6.529785,,-1,,,Noise
10,-66.583954,88.963745,,-1,,,Noise
10,43.224045,173.83154,,-1,,,Noise
10,108.668945,-76.22326,,-1,,,Noise
10,-86.1203,56.90645,,-1,,,Noise
10,-75.8573,105.3613,,-1,,,Noise
10,124.722595,-75.13919,,-1,,,Noise
10,62.367004,40.789825,,-1,,,Noise
10,-46.93445,-154.5423,,-1,,,Noise
10,-51.744934,-65.686966,,-1,,,Noise
10,177.97534,91.9176,,-1,,,Noise
10,12.230057,69.70325,,-1,,,Noise
10,-2.737793,10.354019,,-1,,,Noise
10,69.73204,-140.34052,,-1,,,Noise
10,161.88141,-104.52633,,-1,,,Noise
10,126.39795,-146.33131,,-1,,,Noise
10,-174.47241,-25.43399,,-1,,,Noise
10,-13.66806,-136.25018,,-1,,,Noise
10,-128.16951,-173.49362,,-1,,,Noise
10,-154.62486,31.623398,,-1,,,Noise
10,-71.853264,98.02875,,-1,,,Noise
10,-157.19827,32.623657,,-1,,,Noise
10,-99.252106,-164.80186,,-1,,,Noise
10,116.58325,-106.66389,,-1,,,Noise
10,-0.38737488,-72.27764,,-1,,,Noise
10,-178.09177,5.241699,,-1,,,Noise
10,135.56305,58.25276,,-1,,,Noise
10,35.608215,-93.47862,,-1,,,Noise
10,50.75624,-27.2471,,-1,,,Noise
10,-96.335815,-37.79695,,-1,,,Noise
10,-1.1000671,-105.15191,,-1,,,Noise
10,-86.28896,16.69783,,-1,,,Noise
10,-165.90158,99.78995,,-1,,,Noise
10,51.571564,171.98685,,-1,,,Noise
10,106.94025,-82.56471,,-1,,,Noise
10,-168.70425,27.730698,,-1,,,Noise
10,100.12555,-149.48543,,-1,,,Noise
10,140.0784,159.83545,,-1,,,Noise
10,24.491455,92.5542,,-1,,,Noise
10,16.026443,-61.103928,,-1,,,Noise
10,2.6736603,93.64938,,-1,,,Noise
10,-60.417282,-138.02095,,-1,,,Noise
10,-178.9365,104.49271,,-1,,,Noise
10,114.21405,126.82092,,-1,,,Noise
10,-30.151566,84.68887,,-1,,,Noise
10,-15.187347,12.515488,,-1,,,Noise
10,-71.15769,-140.28325,,-1,,,Noise
10,-99.90302,126.50473,,-1,,,Noise
10,-50.607742,63.688934,,-1,,,Noise
10,-149.75894,31.189728,,-1,,,Noise
10,-13.977646,29.34082,,-1,,,Noise
10,-108.712456,122.8739,,-1,,,Noise
10,123.867584,118.56906,,-1,,,Noise
10,-50.273315,68.68321,,-1,,,Noise
10,60.08023,-93.89267,,-1,,,Noise
10,-166.6861,-28.233017,,-1,,,Noise
10,-76.837875,91.42236,,-1,,,Noise
10,25.899826,-101.046425,,-1,,,Noise
10,58.81688,-40.33203,,-1,,,Noise
10,-12.439728,-22.909775,,-1,,,Noise
10,-92.3508,168.88806,,-1,,,Noise
10,-30.812836,53.98828,,-1,,,Noise
10,127.92142,90.792114,,-1,,,Noise
10,-11.072327,-4.689789,,-1,,,Noise
10,79.22571,-151.15952,,-1,,,Noise
10,117.54242,-166.06401,,-1,,,Noise
10,-169.50835,65.93298,,-1,,,Noise
10,-26.092987,9.237991,,-1,,,Noise
10,112.479004,-126.58475,,-1,,,Noise
10,106.34534,-3.9048615,,-1,,,Noise
10,-139.88301,90.271576,,-1,,,Noise
10,-120.570435,86.1922,,-1,,,Noise
10,171.04712,-67.77086,,-1,,,Noise
10,-169.99036,-5.9926605,,-1,,,Noise
10,-105.22703,-150.6165,,-1,,,Noise
10,-95.846504,126.4191,,-1,,,Noise
10,82.231445,-32.259323,,-1,,,Noise
10,12.29483,4.9379425,,-1,,,Noise
10,-162.137,12.394531,,-1,,,Noise
10,-39.4261,74.93796,,-1,,,Noise
10,148.02618,-130.96925,,-1,,,Noise
10,32.54599,138.16443,,-1,,,Noise
10,-63.958138,-36.866974,,-1,,,Noise
10,-118.18521,-152.43422,,-1,,,Noise
10,59.16646,-14.92955,,-1,,,Noise
10,-33.167755,-140.64238,,-1,,,Noise
10,-93.75526,-92.525276,,-1,,,Noise
10,64.02171,-153.58092,,-1,,,Noise
10,-145.15744,-144.14673,,-1,,,Noise
10,88.07941,-43.005173,,-1,,,Noise
10,-30.881897,-82.18161,,-1,,,Noise
10,-160.9291,-51.189407,,-1,,,Noise
10,-76.70572,155.71802,,-1,,,Noise
10,-15.353775,77.28699,,-1,,,Noise
10,-53.924698,-5.4457855,,-1,,,Noise
10,31.673447,71.10922,,-1,,,Noise
10,-140.51286,66.87756,,-1,,,Noise
10,-129.79826,80.749054,,-1,,,Noise
10,-0.016098022,-17.864624,,-1,,,Noise
10,47.423676,-23.29831,,-1,,,Noise
10,-6.2555084,25.474884,,-1,,,Noise
10,-52.993134,-94.179245,,-1,,,Noise
10,-149.27173,-89.9772,,-1,,,Noise
10,-47.18274,40.04367,,-1,,,Noise
10,43.96295,-70.53445,,-1,,,Noise
10,-146.13322,70.900894,,-1,,,Noise
10,-15.445221,-105.97926,,-1,,,Noise
10,-18.501633,-66.77823,,-1,,,Noise
10,-76.56496,-72.72073,,-1,,,Noise
10,28.699066,-93.54676,,-1,,,Noise
10,23.634735,172.06082,,-1,,,Noise
10,-66.30119,166.53723,,-1,,,Noise
10,-104.5851,16.800354,,-1,,,Noise
10,-113.178505,-157.49274,,-1,,,Noise
10,56.52336,124.14136,,-1,,,Noise
10,110.45123,-144.12613,,-1,,,Noise
10,39.467224,139.8681,,-1,,,Noise
10,-42.036682,88.55493,,-1,,,Noise
10,-115.76041,-15.199844,,-1,,,Noise
10,160.3902,-49.722412,,-1,,,Noise
10,-6.4239807,61.018234,,-1,,,Noise
10,-118.86812,56.047134,,-1,,,Noise
10,-170.79776,9.484528,,-1,,,Noise
10,-43.01233,-123.197136,,-1,,,Noise
10,-153.99838,71.89726,,-1,,,Noise
10,-155.49683,-91.45366,,-1,,,Noise
10,157.16531,141.76227,,-1,,,Noise
10,63.72003,171.37402,,-1,,,Noise
10,-135.22273,-121.448166,,-1,,,Noise
10,-15.364807,93.8952,,-1,,,Noise
10,14.750671,-2.5602112,,-1,,,Noise
10,116.95856,145.73294,,-1,,,Noise
10,-39.465164,30.640015,,-1,,,Noise
10,-52.185257,-83.358116,,-1,,,Noise
10,107.680725,19.549301,,-1,,,Noise
10,-115.12363,8.608398,,-1,,,Noise
10,-138.1134,-42.205902,,-1,,,Noise
10,30.2639,156.30951,,-1,,,Noise
10,121.304016,-113.655754,,-1,,,Noise
10,-144.59796,107.20279,,-1,,,Noise
10,117.71149,-166.14641,,-1,,,Noise
10,48.39395,178.62903,,-1,,,Noise
10,-123.06643,68.100296,,-1,,,Noise
10,94.71158,-35.83641,,-1,,,Noise
10,-83.2466,157.12955,,-1,,,Noise
10,137.64581,38.46344,,-1,,,Noise
10,113.0784,146.47723,,-1,,,Noise
10,-171.2488,32.41748,,-1,,,Noise
10,65.80603,-13.2165985,,-1,,,Noise
10,68.92279,-99.437485,,-1,,,Noise
10,132.21115,-152.9251,,-1,,,Noise
10,-133.09627,90.36282,,-1,,,Noise
10,-101.71384,40.266953,,-1,,,Noise
10,115.20395,120.78311,,-1,,,Noise
10,-67.37965,97.64929,,-1,,,Noise
10,31.739777,-84.434494,,-1,,,Noise
10,114.10278,-172.01976,,-1,,,Noise
10,-62.656754,48.301224,,-1,,,Noise
10,-18.264862,2.8287811,,-1,,,Noise
10,-72.505486,-18.316193,,-1,,,Noise
10,129.43417,-12.126434,,-1,,,Noise
10,-98.91091,-118.69007,,-1,,,Noise
10,55.448242,114.93652,,-1,,,Noise
10,139.80115,-123.83228,,-1,,,Noise
10,-24.881897,89.42624,,-1,,,Noise
10,-17.746063,96.326935,,-1,,,Noise
10,-176.96178,-126.440834,,-1,,,Noise
10,16.542282,-103.782814,,-1,,,Noise
10,-177.24979,-122.41837,,-1,,,Noise
10,-128.0991,108.93097,,-1,,,Noise
10,47.75421,156.49396,,-1,,,Noise
10,2.7724457,101.61511,,-1,,,Noise
10,-66.037964,164.44147,,-1,,,Noise
10,-165.94388,110.239105,,-1,,,Noise
10,12.363098,18.806702,,-1,,,Noise
10,-11.939896,54.003906,,-1,,,Noise
10,-134.80716,-42.045563,,-1,,,Noise
10,-0.14575195,6.199188,,-1,,,Noise
10,-25.881943,6.969162,,-1,,,Noise
10,80.28839,168.24908,,-1,,,Noise
10,-19.908508,-72.2187,,-1,,,Noise
10,-105.86866,-144.7054,,-1,,,Noise
10,123.84418,-120.946625,,-1,,,Noise
10,-174.07402,40.071945,,-1,,,Noise
10,-5.9539795,19.498642,,-1,,,Noise
10,-174.24693,65.96713,,-1,,,Noise
10,-174.62299,121.77704,,-1,,,Noise
10,4.361206,-107.11163,,-1,,,Noise
10,77.645874,-62.11676,,-1,,,Noise
10,12.656067,-134.02063,,-1,,,Noise
10,-159.85965,87.770874,,-1,,,Noise
10,-132.61804,-153.3383,,-1,,,Noise
10,46.57721,150.63,,-1,,,Noise
10,-93.99487,36.110718,,-1,,,Noise
10,-151.17494,41.312775,,-1,,,Noise
10,137.93188,103.00278,,-1,,,Noise
10,-73.58209,96.40555,,-1,,,Noise
10,95.13693,-179.0723,,-1,,,Noise
10,-158.4719,-89.9419,,-1,,,Noise
10,163.53778,-93.425766,,-1,,,Noise
10,-4.8883667,-86.99119,,-1,,,Noise
10,101.240845,-73.0612,,-1,,,Noise
10,3.6725464,46.07692,,-1,,,Noise
10,125.697815,-83.65255,,-1,,,Noise
10,-90.14075,29.952606,,-1,,,Noise
10,178.09616,-123.219055,,-1,,,Noise
10,24.108612,-129.7661,,-1,,,Noise
10,-160.28268,37.399796,,-1,,,Noise
15,21.074936,-168.74619,1.0,0,-0.36402725699111305,175.48096327542513,Unknown
15,-19.109314,-149.09369,1.0,0,-0.36402725699111305,175.48096327542513,Unknown
15,-6.461792,109.32617,1.0,0,-0.36402725699111305,175.48096327542513,Unknown
15,19.309845,-142.99895,1.0,0,-0.36402725699111305,175.48096327542513,Unknown
15,46.83972,-157.17296,1.0,0,-0.36402725699111305,175.48096327542513,Unknown
15,13.374298,-157.84857,1.0,0,-0.36402725699111305,175.48096327542513,Unknown
15,36.484497,-168.72987,1.0,0,-0.36402725699111305,175.48096327542513,Unknown
15,-18.893066,104.90158,1.0,0,-0.36402725699111305,175.48096327542513,Unknown
15,-30.750916,124.16388,1.0,0,-0.36402725699111305,175.48096327542513,Unknown
15,-17.500961,141.73553,1.0,0,-0.36402725699111305,175.48096327542513,Unknown
15,-9.908676,-178.75516,1.0,0,-0.36402725699111305,175.48096327542513,Unknown
15,13.213959,-131.37286,1.0,0,-0.36402725699111305,175.48096327542513,Unknown
15,6.167984,-169.32913,1.0,0,-0.36402725699111305,175.48096327542513,Unknown
15,-18.815033,171.76184,1.0,0,-0.36402725699111305,175.48096327542513,Unknown
15,4.773102,153.29108,1.0,0,-0.36402725699111305,175.48096327542513,Unknown
15,-22.40097,114.38388,1.0,0,-0.36402725699111305,175.48096327542513,Unknown
15,-31.736664,173.35638,1.0,0,-0.36402725699111305,175.48096327542513,Unknown
15,-9.9179535,155.08237,1.0,0,-0.36402725699111305,175.48096327542513,Unknown
15,19.18515,-123.2315,1.0,0,-0.36402725699111305,175.48096327542513,Unknown
15,-39.0959,143.87848,1.0,0,-0.36402725699111305,175.48096327542513,Unknown
15,-18.08075,-166.36852,1.0,0,-0.36402725699111305,175.48096327542513,Unknown
15,24.44313,-141.27242,1.0,0,-0.36402725699111305,175.48096327542513,Unknown
15,-22.976791,133.66034,1.0,0,-0.36402725699111305,175.48096327542513,Unknown
15,9.205307,-145.89162,1.0,0,-0.36402725699111305,175.48096327542513,Unknown
15,-1.9059753,-141.81981,1.0,0,-0.36402725699111305,175.48096327542513,Unknown
15,-11.052322,93.33734,1.0,0,-0.36402725699111305,175.48096327542513,Unknown
15,30.726501,-123.49775,1.0,0,-0.36402725699111305,175.48096327542513,Unknown
15,-12.520981,169.00195,1.0,0,-0.36402725699111305,175.48096327542513,Unknown
15,37.34378,-168.9131,1.0,0,-0.36402725699111305,175.48096327542513,Unknown
15,33.837097,-139.90144,1.0,0,-0.36402725699111305,175.48096327542513,Unknown
15,-41.566666,120.91165,1.0,0,-0.36402725699111305,175.48096327542513,Unknown
15,-34.12726,101.99017,1.0,0,-0.36402725699111305,175.48096327542513,Unknown
15,46.689407,-118.65467,1.0,0,-0.36402725699111305,175.48096327542513,Unknown
15,3.8946228,179.3432,1.0,0,-0.36402725699111305,175.48096327542513,Unknown
15,37.181595,-135.94635,1.0,0,-0.36402725699111305,175.48096327542513,Unknown
15,-29.178223,88.767,1.0,0,-0.36402725699111305,175.48096327542513,Unknown
15,-9.441101,83.57062,1.0,0,-0.36402725699111305,175.48096327542513,Unknown
15,-4.28981,167.65231,1.0,0,-0.36402725699111305,175.48096327542513,Unknown
15,-23.161377,-162.91974,1.0,0,-0.36402725699111305,175.48096327542513,Unknown
15,43.156616,-151.0473,1.0,0,-0.36402725699111305,175.48096327542513,Unknown
15,-3.3272247,171.15317,1.0,0,-0.36402725699111305,175.48096327542513,Unknown
15,-33.181824,111.72128,1.0,0,-0.36402725699111305,175.48096327542513,Unknown
15,61.74034,-127.75095,1.0,0,-0.36402725699111305,175.48096327542513,Unknown
15,0.97128296,-123.52006,1.0,0,-0.36402725699111305,175.48096327542513,Unknown
15,6.050308,-163.23126,1.0,0,-0.36402725699111305,175.48096327542513,Unknown
15,-23.03302,93.9765,1.0,0,-0.36402725699111305,175.48096327542513,Unknown
15,60.58731,-142.32346,1.0,0,-0.36402725699111305,175.48096327542513,Unknown
15,9.511139,-167.51448,1.0,0,-0.36402725699111305,175.48096327542513,Unknown
15,59.178406,-135.96913,1.0,0,-0.36402725699111305,175.48096327542513,Unknown
15,28.406723,-104.786255,1.0,0,-0.36402725699111305,175.48096327542513,Unknown
15,7.9770355,167.8758,1.0,0,-0.36402725699111305,175.48096327542513,Unknown
15,-4.5399475,158.4599,1.0,0,-0.36402725699111305,175.48096327542513,Unknown
15,-27.393219,127.812805,1.0,0,-0.36402725699111305,175.48096327542513,Unknown
15,-2.2449036,178.16852,1.0,0,-0.36402725699111305,175.48096327542513,Unknown
15,42.666336,-113.72737,1.0,0,-0.36402725699111305,175.48096327542513,Unknown
15,6.69487,-156.34288,1.0,0,-0.36402725699111305,175.48096327542513,Unknown
15,-13.810745,138.50705,1.0,0,-0.36402725699111305,175.48096327542513,Unknown
15,19.622604,-166.26704,1.0,0,-0.36402725699111305,175.48096327542513,Unknown
15,-21.352753,177.43457,1.0,0,-0.36402725699111305,175.48096327542513,Unknown
15,3.6751404,179.07379,1.0,0,-0.36402725699111305,175.48096327542513,Unknown
15,39.892303,-144.03372,1.0,0,-0.36402725699111305,175.48096327542513,Unknown
15,5.3672333,-178.66759,1.0,0,-0.36402725699111305,175.48096327542513,Unknown
15,-18.00235,171.35706,1.0,0,-0.36402725699111305,175.48096327542513,Unknown
15,29.59616,-125.702034,1.0,0,-0.36402725699111305,175.48096327542513,Unknown
15,-55.599472,130.54059,1.0,0,-0.36402725699111305,175.48096327542513,Unknown
15,-2.6817627,-139.74535,1.0,0,-0.36402725699111305,175.48096327542513,Unknown
15,-4.364517,-151.46451,1.0,0,-0.36402725699111305,175.48096327542513,Unknown
15,3.8315735,-121.83362,1.0,0,-0.36402725699111305,175.48096327542513,Unknown
15,26.363129,165.2232,1.0,0,-0.36402725699111305,175.48096327542513,Unknown
15,-11.750122,-159.60385,1.0,0,-0.36402725699111305,175.48096327542513,Unknown
15,14.1371155,-159.11458,1.0,0,-0.36402725699111305,175.48096327542513,Unknown
15,-32.074356,118.24072,1.0,0,-0.36402725699111305,175.48096327542513,Unknown
15,21.527435,-136.82346,1.0,0,-0.36402725699111305,175.48096327542513,Unknown
15,14.987579,-167.82225,1.0,0,-0.36402725699111305,175.48096327542513,Unknown
15,-20.485138,157.62384,1.0,0,-0.36402725699111305,175.48096327542513,Unknown
15,-28.939896,100.322205,1.0,0,-0.36402725699111305,175.48096327542513,Unknown
15,22.755524,-172.36584,1.0,0,-0.36402725699111305,175.48096327542513,Unknown
15,25.33403,-158.36226,1.0,0,-0.36402725699111305,175.48096327542513,Unknown
15,-26.282333,125.8649,1.0,0,-0.36402725699111305,175.48096327542513,Unknown
15,-10.648712,119.75702,1.0,0,-0.36402725699111305,175.48096327542513,Unknown
15,1.3368225,157.09592,1.0,0,-0.36402725699111305,175.48096327542513,Unknown
15,-33.899445,146.66757,1.0,0,-0.36402725699111305,175.48096327542513,Unknown
15,1.8228455,-144.36972,1.0,0,-0.36402725699111305,175.48096327542513,Unknown
15,-1.8112488,-132.37288,1.0,0,-0.36402725699111305,175.48096327542513,Unknown
15,-1.4061279,-179.66766,1.0,0,-0.36402725699111305,175.48096327542513,Unknown
15,-5.858368,144.9538,1.0,0,-0.36402725699111305,175.48096327542513,Unknown
15,-17.487106,-122.843056,1.0,0,-0.36402725699111305,175.48096327542513,Unknown
15,48.156204,-124.22644,1.0,0,-0.36402725699111305,175.48096327542513,Unknown
15,23.839432,-159.44789,1.0,0,-0.36402725699111305,175.48096327542513,Unknown
15,5.3128815,-168.34407,1.0,0,-0.36402725699111305,175.48096327542513,Unknown
15,-0.095825195,-115.54514,1.0,0,-0.36402725699111305,175.48096327542513,Unknown
15,-8.907913,167.92645,1.0,0,-0.36402725699111305,175.48096327542513,Unknown
15,-14.946548,79.33591,1.0,0,-0.36402725699111305,175.48096327542513,Unknown
15,1.3112183,177.86789,1.0,0,-0.36402725699111305,175.48096327542513,Unknown
15,40.3537,-119.80502,1.0,0,-0.36402725699111305,175.48096327542513,Unknown
15,-1.4645233,107.32422,1.0,0,-0.36402725699111305,175.48096327542513,Unknown
15,-7.3319397,-176.20702,1.0,0,-0.36402725699111305,175.48096327542513,Unknown
15,-33.882797,146.18619,1.0,0,-0.36402725699111305,175.48096327542513,Unknown
15,5.005951,-175.6171,1.0,0,-0.36402725699111305,175.48096327542513,Unknown
15,-40.569397,139.04865,1.0,0,-0.36402725699111305,175.48096327542513,Unknown
15,-17.799072,111.915405,1.0,0,-0.36402725699111305,175.48096327542513,Unknown
15,-39.110443,107.140015,1.0,0,-0.36402725699111305,175.48096327542513,Unknown
15,-10.107117,-148.02138,1.0,0,-0.36402725699111305,175.48096327542513,Unknown
15,14.164154,173.80157,1.0,0,-0.36402725699111305,175.48096327542513,Unknown
15,-1.1267242,122.4556,1.0,0,-0.36402725699111305,175.48096327542513,Unknown
15,-0.1823883,171.29489,1.0,0,-0.36402725699111305,175.48096327542513,Unknown
15,-11.190735,154.34839,1.0,0,-0.36402725699111305,175.48096327542513,Unknown
15,-15.489838,152.3573,1.0,0,-0.36402725699111305,175.48096327542513,Unknown
15,-4.8027496,-166.11159,1.0,0,-0.36402725699111305,175.48096327542513,Unknown
15,-18.687805,168.461,1.0,0,-0.36402725699111305,175.48096327542513,Unknown
15,21.181732,-118.79404,1.0,0,-0.36402725699111305,175.48096327542513,Unknown
15,-14.083725,150.57977,1.0,0,-0.36402725699111305,175.48096327542513,Unknown
15,-9.322571,-147.26349,1.0,0,-0.36402725699111305,175.48096327542513,Unknown
15,-24.093979,-179.80006,1.0,0,-0.36402725699111305,175.48096327542513,Unknown
15,-39.57643,-178.16966,1.0,0,-0.36402725699111305,175.48096327542513,Unknown
15,-4.9954224,167.80383,1.0,0,-0.36402725699111305,175.48096327542513,Unknown
15,34.886932,-129.20963,1.0,0,-0.36402725699111305,175.48096327542513,Unknown
15,6.766571,-125.10078,1.0,0,-0.36402725699111305,175.48096327542513,Unknown
15,31.767105,-118.751305,1.0,0,-0.36402725699111305,175.48096327542513,Unknown
15,5.840454,-176.84845,1.0,0,-0.36402725699111305,175.48096327542513,Unknown
15,20.595703,-119.06173,1.0,0,-0.36402725699111305,175.48096327542513,Unknown
15,53.29924,-138.27014,1.0,0,-0.36402725699111305,175.48096327542513,Unknown
15,30.781418,-152.85144,1.0,0,-0.36402725699111305,175.48096327542513,Unknown
15,6.395157,-177.42816,1.0,0,-0.36402725699111305,175.48096327542513,Unknown
15,21.110962,-125.06769,1.0,0,-0.36402725699111305,175.48096327542513,Unknown
15,1.4620972,129.66278,1.0,0,-0.36402725699111305,175.48096327542513,Unknown
15,-13.902313,86.915955,1.0,0,-0.36402725699111305,175.48096327542513,Unknown
15,-3.0186462,161.05423,1.0,0,-0.36402725699111305,175.48096327542513,Unknown
15,30.794327,-123.421616,1.0,0,-0.36402725699111305,175.48096327542513,Unknown
15,-19.681046,141.72925,1.0,0,-0.36402725699111305,175.48096327542513,Unknown
15,14.146851,-177.79828,1.0,0,-0.36402725699111305,175.48096327542513,Unknown
15,-3.966919,131.68,1.0,0,-0.36402725699111305,175.48096327542513,Unknown
15,-30.608673,135.82288,1.0,0,-0.36402725699111305,175.48096327542513,Unknown
15,-43.191483,118.00424,1.0,0,-0.36402725699111305,175.48096327542513,Unknown
15,-21.862167,95.09378,1.0,0,-0.36402725699111305,175.48096327542513,Unknown
15,-5.2578125,-170.2434,1.0,0,-0.36402725699111305,175.48096327542513,Unknown
15,-21.48352,126.81311,1.0,0,-0.36402725699111305,175.48096327542513,Unknown
15,-50.108047,141.98181,1.0,0,-0.36402725699111305,175.48096327542513,Unknown
15,-7.7158203,175.23889,1.0,0,-0.36402725699111305,175.48096327542513,Unknown
15,3.2632446,162.09561,1.0,0,-0.36402725699111305,175.48096327542513,Unknown
15,-44.866608,108.34158,1.0,0,-0.36402725699111305,175.48096327542513,Unknown
15,-14.75769,-127.47013,1.0,0,-0.36402725699111305,175.48096327542513,Unknown
15,-34.851273,143.39676,1.0,0,-0.36402725699111305,175.48096327542513,Unknown
15,13.636841,-162.26205,1.0,0,-0.36402725699111305,175.48096327542513,Unknown
15,-23.349533,74.666595,1.0,0,-0.36402725699111305,175.48096327542513,Unknown
15,-18.338196,88.85507,1.0,0,-0.36402725699111305,175.48096327542513,Unknown
15,-32.302444,-171.3506,1.0,0,-0.36402725699111305,175.48096327542513,Unknown
15,-6.5727844,92.056366,1.0,0,-0.36402725699111305,175.48096327542513,Unknown
15,-18.609192,122.19766,1.0,0,-0.36402725699111305,175.48096327542513,Unknown
15,15.772995,142.13077,1.0,0,-0.36402725699111305,175.48096327542513,Unknown
15,-23.095398,144.56943,1.0,0,-0.36402725699111305,175.48096327542513,Unknown
15,-9.625168,139.81079,1.0,0,-0.36402725699111305,175.48096327542513,Unknown
15,-12.285156,159.0747,1.0,0,-0.36402725699111305,175.48096327542513,Unknown
15,7.8246155,-133.85362,1.0,0,-0.36402725699111305,175.48096327542513,Unknown
15,-8.046097,154.96942,1.0,0,-0.36402725699111305,175.48096327542513,Unknown
15,4.138733,-127.10612,1.0,0,-0.36402725699111305,175.48096327542513,Unknown
15,34.239014,-171.94298,1.0,0,-0.36402725699111305,175.48096327542513,Unknown
15,18.901382,-156.85918,1.0,0,-0.36402725699111305,175.48096327542513,Unknown
15,-1.383667,95.26654,1.0,0,-0.36402725699111305,175.48096327542513,Unknown
15,-9.808945,175.10846,1.0,0,-0.36402725699111305,175.48096327542513,Unknown
15,-16.046509,145.35144,1.0,0,-0.36402725699111305,175.48096327542513,Unknown
15,13.150803,-134.13492,1.0,0,-0.36402725699111305,175.48096327542513,Unknown
15,-19.669937,116.51831,1.0,0,-0.36402725699111305,175.48096327542513,Unknown
15,-16.021255,137.1572,1.0,0,-0.36402725699111305,175.48096327542513,Unknown
15,47.868774,-132.7762,1.0,0,-0.36402725699111305,175.48096327542513,Unknown
15,-27.151764,166.24683,1.0,0,-0.36402725699111305,175.48096327542513,Unknown
15,-16.392609,130.70212,1.0,0,-0.36402725699111305,175.48096327542513,Unknown
15,18.060455,-157.58546,1.0,0,-0.36402725699111305,175.48096327542513,Unknown
15,-2.8138275,134.07669,1.0,0,-0.36402725699111305,175.48096327542513,Unknown
15,11.454605,-161.56161,1.0,0,-0.36402725699111305,175.48096327542513,Unknown
15,-7.217041,175.0484,1.0,0,-0.36402725699111305,175.48096327542513,Unknown
15,25.904358,-168.22765,1.0,0,-0.36402725699111305,175.48096327542513,Unknown
15,-20.35971,152.78842,1.0,0,-0.36402725699111305,175.48096327542513,Unknown
15,-0.3850708,-164.88252,1.0,0,-0.36402725699111305,175.48096327542513,Unknown
15,32.123856,-131.5302,1.0,0,-0.36402725699111305,175.48096327542513,Unknown
15,-14.643158,145.24146,1.0,0,-0.36402725699111305,175.48096327542513,Unknown
15,20.182236,160.76086,1.0,0,-0.36402725699111305,175.48096327542513,Unknown
15,-21.795715,132.83072,1.0,0,-0.36402725699111305,175.48096327542513,Unknown
15,18.655487,-118.282036,1.0,0,-0.36402725699111305,175.48096327542513,Unknown
15,-12.584274,126.980194,1.0,0,-0.36402725699111305,175.48096327542513,Unknown
15,-19.588013,149.36282,1.0,0,-0.36402725699111305,175.48096327542513,Unknown
15,1.1747437,-134.54607,1.0,0,-0.36402725699111305,175.48096327542513,Unknown
15,54.52504,-132.16554,1.0,0,-0.36402725699111305,175.48096327542513,Unknown
15,37.030334,-171.55284,1.0,0,-0.36402725699111305,175.48096327542513,Unknown
15,-41.981934,129.86334,1.0,0,-0.36402725699111305,175.48096327542513,Unknown
15,-3.7586823,-177.98901,1.0,0,-0.36402725699111305,175.48096327542513,Unknown
15,15.907181,145.19476,1.0,0,-0.36402725699111305,175.48096327542513,Unknown
15,5.4958496,-149.1561,1.0,0,-0.36402725699111305,175.48096327542513,Unknown
15,46.857056,-168.7527,1.0,0,-0.36402725699111305,175.48096327542513,Unknown
15,-29.379105,140.87897,1.0,0,-0.36402725699111305,175.48096327542513,Unknown
15,-20.22319,112.90878,1.0,0,-0.36402725699111305,175.48096327542513,Unknown
15,8.086899,167.34772,1.0,0,-0.36402725699111305,175.48096327542513,Unknown
15,40.634552,-157.52005,1.0,0,-0.36402725699111305,175.48096327542513,Unknown
15,18.043365,171.3711,1.0,0,-0.36402725699111305,175.48096327542513,Unknown
15,-17.42244,156.30853,1.0,0,-0.36402725699111305,175.48096327542513,Unknown
15,6.9458923,-106.64997,1.0,0,-0.36402725699111305,175.48096327542513,Unknown
15,3.7994232,90.93353,1.0,0,-0.36402725699111305,175.48096327542513,Unknown
15,11.036926,-170.58804,1.0,0,-0.36402725699111305,175.48096327542513,Unknown
15,-7.8328247,96.88983,1.0,0,-0.36402725699111305,175.48096327542513,Unknown
15,-18.7305,-169.07846,1.0,0,-0.36402725699111305,175.48096327542513,Unknown
15,45.064545,-112.3944,1.0,0,-0.36402725699111305,175.48096327542513,Unknown
15,19.555862,-124.14356,1.0,0,-0.36402725699111305,175.48096327542513,Unknown
15,-27.560486,152.78311,1.0,0,-0.36402725699111305,175.48096327542513,Unknown
15,-16.189407,87.582245,1.0,0,-0.36402725699111305,175.48096327542513,Unknown
15,43.357178,-168.8131,1.0,0,-0.36402725699111305,175.48096327542513,Unknown
15,6.7311707,-171.10526,1.0,0,-0.36402725699111305,175.48096327542513,Unknown
15,38.400604,-109.44165,1.0,0,-0.36402725699111305,175.48096327542513,Unknown
15,40.16072,-134.49586,1.0,0,-0.36402725699111305,175.48096327542513,Unknown
15,-13.357117,161.34985,1.0,0,-0.36402725699111305,175.48096327542513,Unknown
15,-17.51709,-175.35066,1.0,0,-0.36402725699111305,175.48096327542513,Unknown
15,-47.96312,128.83319,1.0,0,-0.36402725699111305,175.48096327542513,Unknown
15,-20.918732,95.0036,1.0,0,-0.36402725699111305,175.48096327542513,Unknown
15,-51.51367,121.17801,1.0,0,-0.36402725699111305,175.48096327542513,Unknown
15,-1.7654724,-125.8096,1.0,0,-0.36402725699111305,175.48096327542513,Unknown
15,37.99388,-143.71017,1.0,0,-0.36402725699111305,175.48096327542513,Unknown
15,-6.2782593,-112.76748,1.0,0,-0.36402725699111305,175.48096327542513,Unknown
15,21.399979,-170.24889,1.0,0,-0.36402725699111305,175.48096327542513,Unknown
15,-54.34233,129.48364,1.0,0,-0.36402725699111305,175.48096327542513,Unknown
15,10.135025,-140.1205,1.0,0,-0.36402725699111305,175.48096327542513,Unknown
15,-16.981583,-174.20143,1.0,0,-0.36402725699111305,175.48096327542513,Unknown
15,17.926498,153.59521,1.0,0,-0.36402725699111305,175.48096327542513,Unknown
15,3.5434265,128.77722,1.0,0,-0.36402725699111305,175.48096327542513,Unknown
15,27.52716,-128.15466,1.0,0,-0.36402725699111305,175.48096327542513,Unknown
15,-22.718887,126.93283,1.0,0,-0.36402725699111305,175.48096327542513,Unknown
15,32.836548,-172.09636,1.0,0,-0.36402725699111305,175.48096327542513,Unknown
15,-18.535278,81.45941,1.0,0,-0.36402725699111305,175.48096327542513,Unknown
15,10.207321,-139.73479,1.0,0,-0.36402725699111305,175.48096327542513,Unknown
15,-25.922943,165.44409,1.0,0,-0.36402725699111305,175.48096327542513,Unknown
15,-8.07486,157.5249,1.0,0,-0.36402725699111305,175.48096327542513,Unknown
15,-9.660507,133.22092,1.0,0,-0.36402725699111305,175.48096327542513,Unknown
15,-6.700058,-144.85289,1.0,0,-0.36402725699111305,175.48096327542513,Unknown
15,3.7676544,-136.1084,1.0,0,-0.36402725699111305,175.48096327542513,Unknown
15,24.862549,174.00195,1.0,0,-0.36402725699111305,175.48096327542513,Unknown
15,-170.47136,167.93146,2.0,1,-172.73465846406222,-172.57288768329303,Beta/C5
15,-160.7629,165.0553,2.0,1,-172.73465846406222,-172.57288768329303,Beta/C5
15,-124.85419,-178.84373,2.0,1,-172.73465846406222,-172.57288768329303,Beta/C5
15,-130.74484,160.63141,2.0,1,-172.73465846406222,-172.57288768329303,Beta/C5
15,-149.83128,-142.14948,2.0,1,-172.73465846406222,-172.57288768329303,Beta/C5
15,-119.14966,160.37576,2.0,1,-172.73465846406222,-172.57288768329303,Beta/C5
15,-146.82549,-176.05458,2.0,1,-172.73465846406222,-172.57288768329303,Beta/C5
15,-158.88249,148.81607,2.0,1,-172.73465846406222,-172.57288768329303,Beta/C5
15,154.29974,-164.59224,2.0,1,-172.73465846406222,-172.57288768329303,Beta/C5
15,-132.15399,178.02112,2.0,1,-172.73465846406222,-172.57288768329303,Beta/C5
15,-120.760376,154.46014,2.0,1,-172.73465846406222,-172.57288768329303,Beta/C5
15,-157.42236,179.1069,2.0,1,-172.73465846406222,-172.57288768329303,Beta/C5
15,175.63522,-170.13678,2.0,1,-172.73465846406222,-172.57288768329303,Beta/C5
15,-167.61957,165.91376,2.0,1,-172.73465846406222,-172.57288768329303,Beta/C5
15,-166.18776,169.26581,2.0,1,-172.73465846406222,-172.57288768329303,Beta/C5
15,-179.22116,-145.59085,2.0,1,-172.73465846406222,-172.57288768329303,Beta/C5
15,161.367,-156.9148,2.0,1,-172.73465846406222,-172.57288768329303,Beta/C5
15,-173.22198,176.59174,2.0,1,-172.73465846406222,-172.57288768329303,Beta/C5
15,-155.73706,163.48914,2.0,1,-172.73465846406222,-172.57288768329303,Beta/C5
15,174.95062,-160.54427,2.0,1,-172.73465846406222,-172.57288768329303,Beta/C5
15,-179.10678,-176.60176,2.0,1,-172.73465846406222,-172.57288768329303,Beta/C5
15,170.99811,159.9748,2.0,1,-172.73465846406222,-172.57288768329303,Beta/C5
15,-150.71774,-139.69952,2.0,1,-172.73465846406222,-172.57288768329303,Beta/C5
15,-125.75632,149.8761,2.0,1,-172.73465846406222,-172.57288768329303,Beta/C5
15,154.25159,-176.30554,2.0,1,-172.73465846406222,-172.57288768329303,Beta/C5
15,153.759,-165.36098,2.0,1,-172.73465846406222,-172.57288768329303,Beta/C5
15,-109.782936,175.93524,2.0,1,-172.73465846406222,-172.57288768329303,Beta/C5
15,-144.9689,179.63757,2.0,1,-172.73465846406222,-172.57288768329303,Beta/C5
15,-132.51906,-168.40852,2.0,1,-172.73465846406222,-172.57288768329303,Beta/C5
15,-163.3008,-138.57663,2.0,1,-172.73465846406222,-172.57288768329303,Beta/C5
15,154.32486,-151.113,2.0,1,-172.73465846406222,-172.57288768329303,Beta/C5
15,143.09271,-153.77716,2.0,1,-172.73465846406222,-172.57288768329303,Beta/C5
15,-174.42567,-148.2785,2.0,1,-172.73465846406222,-172.57288768329303,Beta/C5
15,118.3074,-132.1152,2.0,1,-172.73465846406222,-172.57288768329303,Beta/C5
15,-119.62547,168.27576,2.0,1,-172.73465846406222,-172.57288768329303,Beta/C5
15,-135.31476,160.12494,2.0,1,-172.73465846406222,-172.57288768329303,Beta/C5
15,-156.97125,-148.6165,2.0,1,-172.73465846406222,-172.57288768329303,Beta/C5
15,147.69214,-161.71306,2.0,1,-172.73465846406222,-172.57288768329303,Beta/C5
15,-159.05916,148.03006,2.0,1,-172.73465846406222,-172.57288768329303,Beta/C5
15,-164.38,-159.08266,2.0,1,-172.73465846406222,-172.57288768329303,Beta/C5
15,130.66214,-136.46124,2.0,1,-172.73465846406222,-172.57288768329303,Beta/C5
15,161.95001,-171.86444,2.0,1,-172.73465846406222,-172.57288768329303,Beta/C5
15,115.88541,-155.92993,2.0,1,-172.73465846406222,-172.57288768329303,Beta/C5
15,170.05682,-133.81548,2.0,1,-172.73465846406222,-172.57288768329303,Beta/C5
15,-117.27496,142.79599,2.0,1,-172.73465846406222,-172.57288768329303,Beta/C5
15,-137.38762,169.33292,2.0,1,-172.73465846406222,-172.57288768329303,Beta/C5
15,172.8468,-165.09003,2.0,1,-172.73465846406222,-172.57288768329303,Beta/C5
15,111.08911,-154.53601,2.0,1,-172.73465846406222,-172.57288768329303,Beta/C5
15,133.17276,-152.76129,2.0,1,-172.73465846406222,-172.57288768329303,Beta/C5
15,-179.93831,-170.52155,2.0,1,-172.73465846406222,-172.57288768329303,Beta/C5
15,-142.90393,-178.22769,2.0,1,-172.73465846406222,-172.57288768329303,Beta/C5
15,-173.49615,149.5498,2.0,1,-172.73465846406222,-172.57288768329303,Beta/C5
15,-117.20336,155.15454,2.0,1,-172.73465846406222,-172.57288768329303,Beta/C5
15,-175.20503,-160.07954,2.0,1,-172.73465846406222,-172.57288768329303,Beta/C5
15,169.76907,-152.42433,2.0,1,-172.73465846406222,-172.57288768329303,Beta/C5
15,-123.90411,-174.76617,2.0,1,-172.73465846406222,-172.57288768329303,Beta/C5
15,127.13681,-165.90236,2.0,1,-172.73465846406222,-172.57288768329303,Beta/C5
15,123.678986,-128.93178,2.0,1,-172.73465846406222,-172.57288768329303,Beta/C5
15,131.90826,-130.41484,2.0,1,-172.73465846406222,-172.57288768329303,Beta/C5
15,-158.80391,-151.46019,2.0,1,-172.73465846406222,-172.57288768329303,Beta/C5
15,-127.83571,171.14484,2.0,1,-172.73465846406222,-172.57288768329303,Beta/C5
15,178.45325,-168.70946,2.0,1,-172.73465846406222,-172.57288768329303,Beta/C5
15,164.63312,-149.3213,2.0,1,-172.73465846406222,-172.57288768329303,Beta/C5
15,165.10532,168.03076,2.0,1,-172.73465846406222,-172.57288768329303,Beta/C5
15,-169.8333,171.49942,2.0,1,-172.73465846406222,-172.57288768329303,Beta/C5
15,164.76355,-139.42682,2.0,1,-172.73465846406222,-172.57288768329303,Beta/C5
15,-159.49196,-152.1202,2.0,1,-172.73465846406222,-172.57288768329303,Beta/C5
15,154.63403,175.2464,2.0,1,-172.73465846406222,-172.57288768329303,Beta/C5
15,166.45703,-145.32524,2.0,1,-172.73465846406222,-172.57288768329303,Beta/C5
15,150.68628,-161.29759,2.0,1,-172.73465846406222,-172.57288768329303,Beta/C5
15,-128.67592,175.76355,2.0,1,-172.73465846406222,-172.57288768329303,Beta/C5
15,-166.48366,178.57013,2.0,1,-172.73465846406222,-172.57288768329303,Beta/C5
15,167.1659,-175.6369,2.0,1,-172.73465846406222,-172.57288768329303,Beta/C5
15,-165.29176,-149.35959,2.0,1,-172.73465846406222,-172.57288768329303,Beta/C5
15,-105.2138,149.78854,2.0,1,-172.73465846406222,-172.57288768329303,Beta/C5
15,-102.95746,178.03143,2.0,1,-172.73465846406222,-172.57288768329303,Beta/C5
15,-171.48956,-155.86331,2.0,1,-172.73465846406222,-172.57288768329303,Beta/C5
15,-122.476,178.36523,2.0,1,-172.73465846406222,-172.57288768329303,Beta/C5
15,167.56653,-161.31091,2.0,1,-172.73465846406222,-172.57288768329303,Beta/C5
15,136.62799,-148.50531,2.0,1,-172.73465846406222,-172.57288768329303,Beta/C5
15,178.95142,-165.14352,2.0,1,-172.73465846406222,-172.57288768329303,Beta/C5
15,110.00342,-145.88208,2.0,1,-172.73465846406222,-172.57288768329303,Beta/C5
15,-169.69995,-142.79068,2.0,1,-172.73465846406222,-172.57288768329303,Beta/C5
15,-127.25913,149.73227,2.0,1,-172.73465846406222,-172.57288768329303,Beta/C5
15,-128.56616,-174.56734,2.0,1,-172.73465846406222,-172.57288768329303,Beta/C5
15,120.63635,-144.20033,2.0,1,-172.73465846406222,-172.57288768329303,Beta/C5
15,-167.97017,-178.53998,2.0,1,-172.73465846406222,-172.57288768329303,Beta/C5
15,-121.081116,162.67651,2.0,1,-172.73465846406222,-172.57288768329303,Beta/C5
15,135.59995,-152.9709,2.0,1,-172.73465846406222,-172.57288768329303,Beta/C5
15,-98.47524,170.59195,2.0,1,-172.73465846406222,-172.57288768329303,Beta/C5
15,130.7395,-140.69423,2.0,1,-172.73465846406222,-172.57288768329303,Beta/C5
15,162.84003,158.08386,2.0,1,-172.73465846406222,-172.57288768329303,Beta/C5
15,-170.35114,170.72128,2.0,1,-172.73465846406222,-172.57288768329303,Beta/C5
15,176.05936,-133.93219,2.0,1,-172.73465846406222,-172.57288768329303,Beta/C5
15,-171.37212,175.19403,2.0,1,-172.73465846406222,-172.57288768329303,Beta/C5
15,-169.78764,163.37665,2.0,1,-172.73465846406222,-172.57288768329303,Beta/C5
15,148.69135,-154.1497,2.0,1,-172.73465846406222,-172.57288768329303,Beta/C5
15,141.07642,-170.87437,2.0,1,-172.73465846406222,-172.57288768329303,Beta/C5
15,177.80609,163.39969,2.0,1,-172.73465846406222,-172.57288768329303,Beta/C5
15,-127.08607,161.8935,2.0,1,-172.73465846406222,-172.57288768329303,Beta/C5
15,171.16846,-162.57796,2.0,1,-172.73465846406222,-172.57288768329303,Beta/C5
15,-177.82922,166.91794,2.0,1,-172.73465846406222,-172.57288768329303,Beta/C5
15,126.94278,-136.05145,2.0,1,-172.73465846406222,-172.57288768329303,Beta/C5
15,134.71942,-159.57669,2.0,1,-172.73465846406222,-172.57288768329303,Beta/C5
15,-160.1031,155.52054,2.0,1,-172.73465846406222,-172.57288768329303,Beta/C5
15,-137.66919,168.41809,2.0,1,-172.73465846406222,-172.57288768329303,Beta/C5
15,-142.66376,-175.64604,2.0,1,-172.73465846406222,-172.57288768329303,Beta/C5
15,-155.80783,-152.14954,2.0,1,-172.73465846406222,-172.57288768329303,Beta/C5
15,-140.936,160.64795,2.0,1,-172.73465846406222,-172.57288768329303,Beta/C5
15,136.56818,-147.34517,2.0,1,-172.73465846406222,-172.57288768329303,Beta/C5
15,-178.17694,-145.32745,2.0,1,-172.73465846406222,-172.57288768329303,Beta/C5
15,-164.59808,-144.89247,2.0,1,-172.73465846406222,-172.57288768329303,Beta/C5
15,142.53702,-172.14804,2.0,1,-172.73465846406222,-172.57288768329303,Beta/C5
15,-136.21896,-161.54567,2.0,1,-172.73465846406222,-172.57288768329303,Beta/C5
15,160.13654,-147.72345,2.0,1,-172.73465846406222,-172.57288768329303,Beta/C5
15,-120.469246,166.24161,2.0,1,-172.73465846406222,-172.57288768329303,Beta/C5
15,-178.53522,-158.56573,2.0,1,-172.73465846406222,-172.57288768329303,Beta/C5
15,-109.97735,168.33533,2.0,1,-172.73465846406222,-172.57288768329303,Beta/C5
15,-142.9459,149.19946,2.0,1,-172.73465846406222,-172.57288768329303,Beta/C5
15,-140.21988,142.02939,2.0,1,-172.73465846406222,-172.57288768329303,Beta/C5
15,-179.94356,169.03674,2.0,1,-172.73465846406222,-172.57288768329303,Beta/C5
15,-174.91052,-139.02644,2.0,1,-172.73465846406222,-172.57288768329303,Beta/C5
15,122.19733,-162.44133,2.0,1,-172.73465846406222,-172.57288768329303,Beta/C5
15,-174.169,160.44354,2.0,1,-172.73465846406222,-172.57288768329303,Beta/C5
15,-158.9486,149.20734,2.0,1,-172.73465846406222,-172.57288768329303,Beta/C5
15,-120.98547,-174.89482,2.0,1,-172.73465846406222,-172.57288768329303,Beta/C5
15,-143.8012,153.49353,2.0,1,-172.73465846406222,-172.57288768329303,Beta/C5
15,119.33258,-153.27913,2.0,1,-172.73465846406222,-172.57288768329303,Beta/C5
15,-176.73874,-177.9967,2.0,1,-172.73465846406222,-172.57288768329303,Beta/C5
15,178.40082,166.32416,2.0,1,-172.73465846406222,-172.57288768329303,Beta/C5
15,-161.52704,179.32019,2.0,1,-172.73465846406222,-172.57288768329303,Beta/C5
15,-140.93478,177.2572,2.0,1,-172.73465846406222,-172.57288768329303,Beta/C5
15,120.220764,-146.12791,2.0,1,-172.73465846406222,-172.57288768329303,Beta/C5
15,-159.23956,179.94336,2.0,1,-172.73465846406222,-172.57288768329303,Beta/C5
15,170.37988,-167.71082,2.0,1,-172.73465846406222,-172.57288768329303,Beta/C5
15,167.4802,164.95685,2.0,1,-172.73465846406222,-172.57288768329303,Beta/C5
15,-169.50912,-158.80652,2.0,1,-172.73465846406222,-172.57288768329303,Beta/C5
15,147.38672,-139.89893,2.0,1,-172.73465846406222,-172.57288768329303,Beta/C5
15,131.85364,-145.86926,2.0,1,-172.73465846406222,-172.57288768329303,Beta/C5
15,-116.278854,156.98102,2.0,1,-172.73465846406222,-172.57288768329303,Beta/C5
15,-134.23242,173.76001,2.0,1,-172.73465846406222,-172.57288768329303,Beta/C5
15,-141.99399,154.49158,2.0,1,-172.73465846406222,-172.57288768329303,Beta/C5
15,147.82391,-141.14668,2.0,1,-172.73465846406222,-172.57288768329303,Beta/C5
15,-102.20649,159.34058,2.0,1,-172.73465846406222,-172.57288768329303,Beta/C5
15,-158.68237,155.99423,2.0,1,-172.73465846406222,-172.57288768329303,Beta/C5
15,-179.93166,177.77158,2.0,1,-172.73465846406222,-172.57288768329303,Beta/C5
15,177.72363,-169.3431,2.0,1,-172.73465846406222,-172.57288768329303,Beta/C5
15,130.18494,-148.50739,2.0,1,-172.73465846406222,-172.57288768329303,Beta/C5
15,-166.43031,-140.71722,2.0,1,-172.73465846406222,-172.57288768329303,Beta/C5
15,153.88416,-169.62581,2.0,1,-172.73465846406222,-172.57288768329303,Beta/C5
15,120.219025,-149.32445,2.0,1,-172.73465846406222,-172.57288768329303,Beta/C5
15,-120.19475,-177.33458,2.0,1,-172.73465846406222,-172.57288768329303,Beta/C5
15,-165.48683,172.56232,2.0,1,-172.73465846406222,-172.57288768329303,Beta/C5
15,166.09412,-160.14226,2.0,1,-172.73465846406222,-172.57288768329303,Beta/C5
15,-132.70401,176.59338,2.0,1,-172.73465846406222,-172.57288768329303,Beta/C5
15,126.08496,-146.92914,2.0,1,-172.73465846406222,-172.57288768329303,Beta/C5
15,-130.51308,147.40262,2.0,1,-172.73465846406222,-172.57288768329303,Beta/C5
15,-112.97245,168.16742,2.0,1,-172.73465846406222,-172.57288768329303,Beta/C5
15,138.91904,-150.94394,2.0,1,-172.73465846406222,-172.57288768329303,Beta/C5
15,-150.7478,176.17438,2.0,1,-172.73465846406222,-172.57288768329303,Beta/C5
15,129.04669,-157.7884,2.0,1,-172.73465846406222,-172.57288768329303,Beta/C5
15,-163.19847,163.68536,2.0,1,-172.73465846406222,-172.57288768329303,Beta/C5
15,-161.60648,-128.29723,2.0,1,-172.73465846406222,-172.57288768329303,Beta/C5
15,-154.91725,-156.68723,2.0,1,-172.73465846406222,-172.57288768329303,Beta/C5
15,-170.7693,-2.2213593,4.0,2,177.83073824103857,-4.641422912955631,Unknown
15,173.72028,-4.0092926,4.0,2,177.83073824103857,-4.641422912955631,Unknown
15,171.93466,-10.015152,4.0,2,177.83073824103857,-4.641422912955631,Unknown
15,-177.37103,-5.2080383,4.0,2,177.83073824103857,-4.641422912955631,Unknown
15,167.04568,4.431122,4.0,2,177.83073824103857,-4.641422912955631,Unknown
15,-175.28337,-15.893539,4.0,2,177.83073824103857,-4.641422912955631,Unknown
15,171.64655,3.8578796,4.0,2,177.83073824103857,-4.641422912955631,Unknown
15,177.20679,-5.5881195,4.0,2,177.83073824103857,-4.641422912955631,Unknown
15,178.79669,-0.2437439,4.0,2,177.83073824103857,-4.641422912955631,Unknown
15,-171.76556,-15.884155,4.0,2,177.83073824103857,-4.641422912955631,Unknown
15,173.95709,-15.405304,4.0,2,177.83073824103857,-4.641422912955631,Unknown
15,171.4643,-13.352295,4.0,2,177.83073824103857,-4.641422912955631,Unknown
15,176.82776,8.53801,4.0,2,177.83073824103857,-4.641422912955631,Unknown
15,176.75687,-1.9236755,4.0,2,177.83073824103857,-4.641422912955631,Unknown
15,171.36874,-14.186813,4.0,2,177.83073824103857,-4.641422912955631,Unknown
15,-170.10799,0.895401,4.0,2,177.83073824103857,-4.641422912955631,Unknown
15,177.81827,7.29776,4.0,2,177.83073824103857,-4.641422912955631,Unknown
15,14.850479,-100.02545,3.0,3,21.741380108280346,-81.62545683019319,Unknown
15,20.853882,-98.22475,3.0,3,21.741380108280346,-81.62545683019319,Unknown
15,35.015472,-69.51135,3.0,3,21.741380108280346,-81.62545683019319,Unknown
15,23.254929,-101.93727,3.0,3,21.741380108280346,-81.62545683019319,Unknown
15,14.486984,-70.21766,3.0,3,21.741380108280346,-81.62545683019319,Unknown
15,21.287643,-98.62498,3.0,3,21.741380108280346,-81.62545683019319,Unknown
15,20.777283,-89.67715,3.0,3,21.741380108280346,-81.62545683019319,Unknown
15,27.86267,-65.7085,3.0,3,21.741380108280346,-81.62545683019319,Unknown
15,24.821442,-69.048744,3.0,3,21.741380108280346,-81.62545683019319,Unknown
15,7.0456543,-91.59783,3.0,3,21.741380108280346,-81.62545683019319,Unknown
15,22.204468,-76.07938,3.0,3,21.741380108280346,-81.62545683019319,Unknown
15,26.380493,-75.33794,3.0,3,21.741380108280346,-81.62545683019319,Unknown
15,23.01773,-62.83554,3.0,3,21.741380108280346,-81.62545683019319,Unknown
15,30.365402,-66.59983,3.0,3,21.741380108280346,-81.62545683019319,Unknown
15,9.900742,-92.254776,3.0,3,21.741380108280346,-81.62545683019319,Unknown
15,10.702957,-66.11551,3.0,3,21.741380108280346,-81.62545683019319,Unknown
15,13.659348,-66.86888,3.0,3,21.741380108280346,-81.62545683019319,Unknown
15,33.142258,-91.12816,3.0,3,21.741380108280346,-81.62545683019319,Unknown
15,10.955109,-81.91661,3.0,3,21.741380108280346,-81.62545683019319,Unknown
15,33.192474,-98.57367,3.0,3,21.741380108280346,-81.62545683019319,Unknown
15,17.527405,-80.64391,3.0,3,21.741380108280346,-81.62545683019319,Unknown
15,37.48918,-87.795105,3.0,3,21.741380108280346,-81.62545683019319,Unknown
15,32.775604,-73.84389,3.0,3,21.741380108280346,-81.62545683019319,Unknown
15,22.71576,-82.98019,3.0,3,21.741380108280346,-81.62545683019319,Unknown
15,9.294632,-83.37268,3.0,3,21.741380108280346,-81.62545683019319,Unknown
15,-115.88298,97.40839,,-1,,,Noise
15,129.54193,106.30002,,-1,,,Noise
15,151.92526,169.38876,,-1,,,Noise
15,-79.209984,128.72894,,-1,,,Noise
15,-46.285522,83.12378,,-1,,,Noise
15,111.65622,-78.81663,,-1,,,Noise
15,174.4288,-72.443115,,-1,,,Noise
15,-120.47936,-122.36948,,-1,,,Noise
15,138.98181,71.46495,,-1,,,Noise
15,138.50623,110.5152,,-1,,,Noise
15,-94.51411,-82.17315,,-1,,,Noise
15,-35.35132,-34.062103,,-1,,,Noise
15,-137.41173,30.069519,,-1,,,Noise
15,-122.82941,-99.57864,,-1,,,Noise
15,-95.85618,144.83612,,-1,,,Noise
15,132.99188,-25.038803,,-1,,,Noise
15,-9.756134,47.67276,,-1,,,Noise
15,-157.15662,-78.60618,,-1,,,Noise
15,-74.1473,-164.05197,,-1,,,Noise
15,-140.83519,-71.99999,,-1,,,Noise
15,-158.54372,-117.317474,,-1,,,Noise
15,44.595383,-76.95401,,-1,,,Noise
15,105.47644,-83.57713,,-1,,,Noise
15,-173.53833,124.657104,,-1,,,Noise
15,-154.86891,112.81583,,-1,,,Noise
15,-96.17769,156.93399,,-1,,,Noise
15,-13.860535,62.744568,,-1,,,Noise
15,175.61926,62.92656,,-1,,,Noise
15,24.84607,71.614044,,-1,,,Noise
15,-112.42796,-67.28277,,-1,,,Noise
15,142.56592,-38.684418,,-1,,,Noise
15,-68.71142,-65.63658,,-1,,,Noise
15,-52.90071,74.989426,,-1,,,Noise
15,111.201416,-109.59793,,-1,,,Noise
15,82.68848,-129.34584,,-1,,,Noise
15,11.6263275,123.194275,,-1,,,Noise
15,-58.6763,-173.69757,,-1,,,Noise
15,146.97003,-4.6750183,,-1,,,Noise
15,103.61163,-52.073357,,-1,,,Noise
15,110.09927,-90.84021,,-1,,,Noise
15,-156.76256,55.53058,,-1,,,Noise
15,56.492065,136.24146,,-1,,,Noise
15,-162.878,34.536255,,-1,,,Noise
15,-131.68735,36.567963,,-1,,,Noise
15,84.493774,-121.1934,,-1,,,Noise
15,-61.753265,174.10388,,-1,,,Noise
15,-2.0184784,9.384048,,-1,,,Noise
15,-128.57777,109.5983,,-1,,,Noise
15,-178.50888,123.77783,,-1,,,Noise
15,-40.071777,-173.78247,,-1,,,Noise
15,89.88959,168.28802,,-1,,,Noise
15,-121.91157,-145.22481,,-1,,,Noise
15,167.65741,92.85318,,-1,,,Noise
15,-88.90942,112.47397,,-1,,,Noise
15,-90.599266,92.11978,,-1,,,Noise
15,-94.51845,-119.39756,,-1,,,Noise
15,-170.85359,-31.493668,,-1,,,Noise
15,142.64032,-42.915558,,-1,,,Noise
15,178.7951,-108.34498,,-1,,,Noise
15,137.5437,145.88669,,-1,,,Noise
15,68.307236,-64.27101,,-1,,,Noise
15,149.7915,-75.12067,,-1,,,Noise
15,-153.9742,-66.5598,,-1,,,Noise
15,-142.20425,-124.488235,,-1,,,Noise
15,133.87592,106.73184,,-1,,,Noise
15,-10.831253,7.4286194,,-1,,,Noise
15,93.34238,17.786469,,-1,,,Noise
15,-156.09155,50.757706,,-1,,,Noise
15,122.327484,-76.01586,,-1,,,Noise
15,165.34601,-113.65763,,-1,,,Noise
15,-28.31575,23.398941,,-1,,,Noise
15,-9.742203,27.945282,,-1,,,Noise
15,95.37784,17.641129,,-1,,,Noise
15,-102.931015,-130.69037,,-1,,,Noise
15,150.76044,159.01764,,-1,,,Noise
15,-117.15234,134.68872,,-1,,,Noise
15,83.27072,169.42682,,-1,,,Noise
15,-142.80708,13.393311,,-1,,,Noise
15,57.9449,-104.486206,,-1,,,Noise
15,61.09964,25.507233,,-1,,,Noise
15,-44.12198,-140.00598,,-1,,,Noise
15,115.65045,25.395187,,-1,,,Noise
15,174.63843,75.00922,,-1,,,Noise
15,151.45331,19.105667,,-1,,,Noise
15,-121.56964,74.978775,,-1,,,Noise
15,-61.340843,168.32031,,-1,,,Noise
15,-118.778175,-77.696205,,-1,,,Noise
15,-73.34315,176.94574,,-1,,,Noise
15,96.98819,18.246307,,-1,,,Noise
15,-3.6695251,20.710022,,-1,,,Noise
15,-1.5115662,-58.8022,,-1,,,Noise
15,-141.77881,108.26291,,-1,,,Noise
15,-161.86316,4.7478333,,-1,,,Noise
15,-96.354645,78.282074,,-1,,,Noise
15,-138.37857,89.97357,,-1,,,Noise
15,99.2034,-107.49579,,-1,,,Noise
15,-151.43225,12.5260315,,-1,,,Noise
15,-111.98481,135.17682,,-1,,,Noise
15,72.08151,-71.23623,,-1,,,Noise
15,170.76682,-129.33861,,-1,,,Noise
15,30.801163,94.69745,,-1,,,Noise
15,22.23407,-9.554794,,-1,,,Noise
15,144.23645,58.87422,,-1,,,Noise
15,161.55594,156.53839,,-1,,,Noise
15,-79.48094,19.840286,,-1,,,Noise
15,-145.95653,-27.146042,,-1,,,Noise
15,-127.86928,-42.349182,,-1,,,Noise
15,-16.936493,-31.464554,,-1,,,Noise
15,-130.40921,71.039276,,-1,,,Noise
15,-82.12238,62.154556,,-1,,,Noise
15,65.66493,-118.74849,,-1,,,Noise
15,-155.40019,91.4104,,-1,,,Noise
15,164.2243,131.37567,,-1,,,Noise
15,-54.666534,-118.341194,,-1,,,Noise
15,109.84067,-71.41918,,-1,,,Noise
15,-94.235855,86.76077,,-1,,,Noise
15,-165.22968,28.30017,,-1,,,Noise
15,151.71228,152.3382,,-1,,,Noise
15,-167.5713,-109.98443,,-1,,,Noise
15,-165.26562,105.42319,,-1,,,Noise
15,52.801483,-44.059708,,-1,,,Noise
15,71.43971,-79.31089,,-1,,,Noise
15,46.336594,140.55829,,-1,,,Noise
15,-169.62085,63.367615,,-1,,,Noise
15,50.498413,156.93344,,-1,,,Noise
15,-4.285446,64.21179,,-1,,,Noise
15,-9.443024,5.120331,,-1,,,Noise
15,9.074539,77.52826,,-1,,,Noise
15,121.20865,54.764008,,-1,,,Noise
15,96.3363,-129.77052,,-1,,,Noise
15,99.8967,124.57483,,-1,,,Noise
15,-106.783455,80.81381,,-1,,,Noise
15,102.50281,-174.19588,,-1,,,Noise
15,150.82233,10.842331,,-1,,,Noise
15,-74.41048,-133.33827,,-1,,,Noise
15,44.379303,-102.083755,,-1,,,Noise
15,-41.20018,-135.91362,,-1,,,Noise
15,-139.70175,117.13464,,-1,,,Noise
15,39.652924,155.16852,,-1,,,Noise
15,-36.328995,-95.18343,,-1,,,Noise
15,88.22949,-119.957344,,-1,,,Noise
15,-21.883438,31.667114,,-1,,,Noise
15,-99.50381,119.113525,,-1,,,Noise
15,143.79102,90.25037,,-1,,,Noise
15,177.92303,110.27472,,-1,,,Noise
15,-139.26595,-124.77635,,-1,,,Noise
15,82.069,-157.53313,,-1,,,Noise
15,-163.96043,93.62573,,-1,,,Noise
15,176.68488,-89.6143,,-1,,,Noise
15,2.3632202,-56.398315,,-1,,,Noise
15,26.361816,-6.7674255,,-1,,,Noise
15,163.78094,-89.292625,,-1,,,Noise
15,-120.9445,-89.44117,,-1,,,Noise
15,-61.7855,157.98773,,-1,,,Noise
15,-72.32197,173.6456,,-1,,,Noise
15,97.22406,-74.34415,,-1,,,Noise
15,-90.206825,102.601166,,-1,,,Noise
15,123.64984,-106.488235,,-1,,,Noise
15,45.77031,88.21472,,-1,,,Noise
15,144.26105,88.493225,,-1,,,Noise
15,-150.12988,125.66809,,-1,,,Noise
15,-139.0545,-109.595894,,-1,,,Noise
15,167.52997,-35.032715,,-1,,,Noise
15,30.0495,-26.180115,,-1,,,Noise
15,-174.2729,-108.192154,,-1,,,Noise
15,166.5774,67.88364,,-1,,,Noise
15,-96.447365,-175.02003,,-1,,,Noise
15,-67.405846,-150.59319,,-1,,,Noise
15,104.512024,-162.81616,,-1,,,Noise
15,80.69745,-28.140808,,-1,,,Noise
15,-143.12454,140.86359,,-1,,,Noise
15,30.430023,148.78625,,-1,,,Noise
15,-168.55157,54.085236,,-1,,,Noise
15,131.9961,-113.56379,,-1,,,Noise
15,1.9642029,-54.149147,,-1,,,Noise
15,151.18164,-39.499695,,-1,,,Noise
15,79.38776,69.566666,,-1,,,Noise
15,88.677795,137.94678,,-1,,,Noise
15,7.1774597,88.627716,,-1,,,Noise
15,-62.467773,110.51434,,-1,,,Noise
15,110.380554,131.74594,,-1,,,Noise
15,-58.618233,167.46124,,-1,,,Noise
15,169.87347,28.438004,,-1,,,Noise
15,-174.3998,134.47061,,-1,,,Noise
15,163.51947,26.906311,,-1,,,Noise
15,-67.32452,125.3208,,-1,,,Noise
15,-37.061737,58.795074,,-1,,,Noise
15,-69.56375,-125.10391,,-1,,,Noise
15,-30.807312,-91.89674,,-1,,,Noise
15,107.48428,131.62366,,-1,,,Noise
15,-166.1798,94.77362,,-1,,,Noise
15,-63.407806,-178.68922,,-1,,,Noise
15,80.27106,-94.030876,,-1,,,Noise
15,179.6123,49.9993,,-1,,,Noise
15,-173.38359,45.797775,,-1,,,Noise
15,80.96655,107.819214,,-1,,,Noise
15,116.28232,-94.17152,,-1,,,Noise
15,-151.5121,3.8635254,,-1,,,Noise
15,-135.769,30.919617,,-1,,,Noise
15,79.421936,-100.63082,,-1,,,Noise
15,-22.545654,-133.37819,,-1,,,Noise
15,174.35791,143.28671,,-1,,,Noise
15,-179.24284,124.417175,,-1,,,Noise
15,-24.99115,-86.51333,,-1,,,Noise
15,-38.73462,-31.44629,,-1,,,Noise
15,82.7543,-141.09824,,-1,,,Noise
15,-125.23182,122.49701,,-1,,,Noise
15,-36.294006,47.969086,,-1,,,Noise
15,-137.62737,51.079758,,-1,,,Noise
15,72.74347,-75.41768,,-1,,,Noise
15,0.54145813,60.630096,,-1,,,Noise
15,85.631775,-135.99576,,-1,,,Noise
15,132.43079,-89.8337,,-1,,,Noise
15,-87.112755,-98.45205,,-1,,,Noise
15,-43.912354,77.47821,,-1,,,Noise
15,-38.73706,-113.27432,,-1,,,Noise
15,-2.8586884,-84.130775,,-1,,,Noise
15,-132.12799,-124.976036,,-1,,,Noise
15,-48.90863,-123.29596,,-1,,,Noise
15,123.06592,103.81842,,-1,,,Noise
15,160.68732,130.7605,,-1,,,Noise
15,41.51001,152.96051,,-1,,,Noise
15,150.23462,-67.49472,,-1,,,Noise
15,59.811066,-37.06903,,-1,,,Noise
15,-75.16829,-60.79442,,-1,,,Noise
15,42.932037,-49.072586,,-1,,,Noise
15,130.81042,-111.362595,,-1,,,Noise
15,165.6336,145.59851,,-1,,,Noise
15,-77.17843,148.2334,,-1,,,Noise
15,-31.656265,-125.191666,,-1,,,Noise
15,-69.33359,-86.695274,,-1,,,Noise
15,-174.53531,-79.03128,,-1,,,Noise
15,-159.5285,41.1203,,-1,,,Noise
15,-173.67407,83.71576,,-1,,,Noise
15,1.9842987,27.914337,,-1,,,Noise
15,-45.1705,73.82742,,-1,,,Noise
15,53.94153,-41.966064,,-1,,,Noise
15,56.082397,-90.402504,,-1,,,Noise
15,57.913986,105.7511,,-1,,,Noise
15,73.51897,-156.83708,,-1,,,Noise
15,-67.009155,143.9566,,-1,,,Noise
15,69.01315,-119.53078,,-1,,,Noise
15,-165.7916,108.48663,,-1,,,Noise
15,-49.365585,105.10571,,-1,,,Noise
15,94.61182,-168.40327,,-1,,,Noise
15,70.534485,-113.48087,,-1,,,Noise
15,-110.35827,44.568146,,-1,,,Noise
15,-58.313522,-46.559875,,-1,,,Noise
15,-57.227364,17.41835,,-1,,,Noise
15,123.30789,-29.131973,,-1,,,Noise
15,-64.514725,97.21942,,-1,,,Noise
15,-132.92642,71.415054,,-1,,,Noise
15,60.992188,140.30478,,-1,,,Noise
15,-36.831955,0.38253784,,-1,,,Noise
15,-65.72066,79.92746,,-1,,,Noise
15,84.8475,11.5728,,-1,,,Noise
15,-94.6646,-157.17552,,-1,,,Noise
15,88.35181,-93.11106,,-1,,,Noise
15,-85.60241,-108.15404,,-1,,,Noise
15,-151.3096,-72.26887,,-1,,,Noise
15,153.89374,-90.27481,,-1,,,Noise
15,139.4477,121.73718,,-1,,,Noise
15,-25.087265,62.95224,,-1,,,Noise
15,-111.0119,14.40773,,-1,,,Noise
15,-10.655899,-103.318016,,-1,,,Noise
15,21.15738,-13.748184,,-1,,,Noise
15,159.6774,21.838654,,-1,,,Noise
15,-17.969131,-70.635635,,-1,,,Noise
15,-147.67917,126.89105,,-1,,,Noise
15,-172.65942,116.62088,,-1,,,Noise
15,65.53421,174.02094,,-1,,,Noise
15,-142.34064,-146.1169,,-1,,,Noise
15,-73.493126,87.740295,,-1,,,Noise
15,-105.26325,-137.1778,,-1,,,Noise
15,-104.96138,131.53754,,-1,,,Noise
15,57.39241,120.390686,,-1,,,Noise
15,-102.669235,137.24261,,-1,,,Noise
15,79.85162,-84.68371,,-1,,,Noise
15,-132.76593,103.45148,,-1,,,Noise
15,-57.615173,-53.258125,,-1,,,Noise
15,-122.57538,92.00537,,-1,,,Noise
15,119.693665,-85.65017,,-1,,,Noise
15,-118.707954,-7.5619507,,-1,,,Noise
15,-77.0255,154.15701,,-1,,,Noise
15,-94.05837,105.86539,,-1,,,Noise
15,-96.6708,103.854126,,-1,,,Noise
15,87.2663,-117.92533,,-1,,,Noise
15,10.559448,76.933105,,-1,,,Noise
15,106.3772,-115.43048,,-1,,,Noise
15,-156.59003,130.66272,,-1,,,Noise
15,-157.80084,14.030258,,-1,,,Noise
15,164.88544,-101.712875,,-1,,,Noise
15,108.80658,-98.99012,,-1,,,Noise
15,-120.29775,103.454346,,-1,,,Noise
15,132.62744,147.74945,,-1,,,Noise
15,-65.3676,79.52057,,-1,,,Noise
15,-36.292145,-31.388123,,-1,,,Noise
15,-166.5401,107.51315,,-1,,,Noise
15,-87.99024,96.14041,,-1,,,Noise
15,82.76172,158.94104,,-1,,,Noise
15,-59.076324,145.5686,,-1,,,Noise
15,-4.6086884,-106.36573,,-1,,,Noise
15,-79.87096,128.86197,,-1,,,Noise
15,-31.13295,-86.44436,,-1,,,Noise
15,-159.99341,79.98425,,-1,,,Noise
15,-105.9609,78.37778,,-1,,,Noise
15,-107.39568,62.136078,,-1,,,Noise
15,30.732819,-38.886093,,-1,,,Noise
15,-123.10931,108.05408,,-1,,,Noise
15,-99.47512,-71.43405,,-1,,,Noise
15,-41.200226,-84.12638,,-1,,,Noise
15,-174.2974,-41.270187,,-1,,,Noise
15,-159.96933,-42.73755,,-1,,,Noise
15,31.134796,97.31583,,-1,,,Noise
15,78.39273,135.4508,,-1,,,Noise
15,43.061768,-18.143631,,-1,,,Noise
15,-55.44113,100.86847,,-1,,,Noise
15,-175.55301,42.00049,,-1,,,Noise
15,144.64853,-90.93095,,-1,,,Noise
15,14.154846,135.18948,,-1,,,Noise
15,70.405334,146.08002,,-1,,,Noise
15,-173.02664,39.559143,,-1,,,Noise
15,-24.72081,-136.23666,,-1,,,Noise
15,132.34302,-64.7385,,-1,,,Noise
15,-48.76004,95.2605,,-1,,,Noise
15,169.40292,99.151184,,-1,,,Noise
15,-151.40053,86.57004,,-1,,,Noise
15,-106.096886,88.73004,,-1,,,Noise
15,-13.658417,63.330505,,-1,,,Noise
15,169.48438,-19.779114,,-1,,,Noise
15,-65.61615,66.82506,,-1,,,Noise
15,-158.98141,120.35315,,-1,,,Noise
15,-77.01917,-171.34067,,-1,,,Noise
15,-48.970093,-113.896774,,-1,,,Noise
15,158.59863,164.39099,,-1,,,Noise
15,-30.1689,60.29428,,-1,,,Noise
15,-43.158386,-8.149841,,-1,,,Noise
15,154.9245,-19.75505,,-1,,,Noise
15,-109.98855,86.77771,,-1,,,Noise
15,114.201355,-93.54615,,-1,,,Noise
15,131.63388,-25.840622,,-1,,,Noise
15,-149.72348,30.0289,,-1,,,Noise
15,22.02069,157.84882,,-1,,,Noise
15,153.44092,8.767975,,-1,,,Noise
15,-152.51227,-68.54517,,-1,,,Noise
15,61.11116,141.42761,,-1,,,Noise
15,-175.28064,81.80478,,-1,,,Noise
15,60.25174,-115.439926,,-1,,,Noise
15,-68.306885,-41.325348,,-1,,,Noise
15,76.43179,-95.09801,,-1,,,Noise
15,165.29282,143.63611,,-1,,,Noise
15,101.51547,-38.80658,,-1,,,Noise
15,168.7555,134.85077,,-1,,,Noise
15,55.71649,-84.537926,,-1,,,Noise
15,122.64935,-112.05299,,-1,,,Noise
15,-148.71011,131.24533,,-1,,,Noise
15,-60.891335,86.84357,,-1,,,Noise
15,-136.11949,120.54944,,-1,,,Noise
15,-167.43036,44.51172,,-1,,,Noise
15,48.821136,-41.849854,,-1,,,Noise
15,-19.102371,-4.726944,,-1,,,Noise
15,106.097626,-110.918335,,-1,,,Noise
15,-114.88086,-124.36596,,-1,,,Noise
15,-89.67685,89.1351,,-1,,,Noise
15,46.31819,151.81812,,-1,,,Noise
15,-87.62528,178.10727,,-1,,,Noise
15,147.78766,-48.844803,,-1,,,Noise
15,-148.5103,145.13962,,-1,,,Noise
15,59.515686,46.497116,,-1,,,Noise
15,142.29944,137.80762,,-1,,,Noise
15,130.91547,142.71753,,-1,,,Noise
15,129.45749,-179.98419,,-1,,,Noise
15,-149.38518,13.09581,,-1,,,Noise
15,-139.0155,30.453354,,-1,,,Noise
15,-84.76943,176.57959,,-1,,,Noise
15,-138.87659,117.91214,,-1,,,Noise
15,-49.33319,174.00635,,-1,,,Noise
15,75.96158,53.491882,,-1,,,Noise
15,4.4670258,-45.967987,,-1,,,Noise
15,107.820435,151.33057,,-1,,,Noise
15,-45.410263,-178.52396,,-1,,,Noise
15,-73.50994,135.52771,,-1,,,Noise
15,172.16455,82.118195,,-1,,,Noise
15,-76.37672,-91.89181,,-1,,,Noise
15,116.43671,-95.17806,,-1,,,Noise
15,-73.35566,-168.31221,,-1,,,Noise
15,108.993866,118.32266,,-1,,,Noise
15,102.17645,-164.95619,,-1,,,Noise
15,-3.8484344,45.373016,,-1,,,Noise
15,172.22717,-105.978615,,-1,,,Noise
15,-35.096207,55.220764,,-1,,,Noise
15,-142.94028,106.95648,,-1,,,Noise
15,-136.77061,99.21759,,-1,,,Noise
15,147.02481,-69.15023,,-1,,,Noise
15,-152.15219,52.358948,,-1,,,Noise
15,90.25305,-37.03337,,-1,,,Noise
15,-121.21275,104.66919,,-1,,,Noise
15,98.95282,-94.807335,,-1,,,Noise
15,46.794846,103.38101,,-1,,,Noise
15,-90.33847,61.0318,,-1,,,Noise
15,-162.18417,45.56186,,-1,,,Noise
15,59.81453,-155.41684,,-1,,,Noise
15,106.36502,147.76697,,-1,,,Noise
15,108.74771,-123.889595,,-1,,,Noise
15,179.55847,87.71863,,-1,,,Noise
15,-111.14744,110.16272,,-1,,,Noise
15,21.670395,-49.824615,,-1,,,Noise
15,45.09619,94.69064,,-1,,,Noise
15,72.489456,-108.48951,,-1,,,Noise
15,88.70752,-176.71066,,-1,,,Noise
15,-64.560356,174.63031,,-1,,,Noise
15,119.2449,56.55165,,-1,,,Noise
15,149.41269,-114.73564,,-1,,,Noise
15,11.983994,124.98663,,-1,,,Noise
15,118.25659,-86.97756,,-1,,,Noise
15,-59.267,34.890427,,-1,,,Noise
15,-134.28531,-24.407639,,-1,,,Noise
15,156.74878,106.029724,,-1,,,Noise
15,-27.03125,-45.144073,,-1,,,Noise
15,165.69125,-128.8379,,-1,,,Noise
15,50.594696,121.01602,,-1,,,Noise
15,-154.29482,-107.14616,,-1,,,Noise
15,94.19391,-127.04887,,-1,,,Noise
15,-50.036377,40.149612,,-1,,,Noise
15,-149.97653,-57.597122,,-1,,,Noise
15,-16.004211,-8.17804,,-1,,,Noise
15,41.497223,159.32278,,-1,,,Noise
15,55.552032,-35.21176,,-1,,,Noise
15,-61.07685,147.66388,,-1,,,Noise
15,-82.026215,53.004517,,-1,,,Noise
15,30.337418,150.78653,,-1,,,Noise
15,-114.17673,124.9086,,-1,,,Noise
15,115.31897,112.32431,,-1,,,Noise
15,0.12794495,-86.68354,,-1,,,Noise
15,-158.47324,122.92316,,-1,,,Noise
15,-88.18539,134.70587,,-1,,,Noise
15,70.26042,-117.52922,,-1,,,Noise
15,118.09476,141.51105,,-1,,,Noise
15,163.00833,-113.30606,,-1,,,Noise
15,-65.52821,-169.94383,,-1,,,Noise
15,-147.37468,-24.616592,,-1,,,Noise
15,87.30655,-141.66248,,-1,,,Noise
15,62.259933,-102.87914,,-1,,,Noise
15,-138.29561,38.67778,,-1,,,Noise
15,108.00186,-171.21495,,-1,,,Noise
15,169.15051,-120.8498,,-1,,,Noise
15,-56.050064,39.010895,,-1,,,Noise
15,106.0726,-132.9384,,-1,,,Noise
15,151.11456,-78.23564,,-1,,,Noise
15,71.30423,178.00653,,-1,,,Noise
15,94.970215,-176.75058,,-1,,,Noise
15,33.11064,36.475998,,-1,,,Noise
15,45.86351,171.01807,,-1,,,Noise
15,-39.926865,62.54306,,-1,,,Noise
15,-161.65482,-84.10409,,-1,,,Noise
15,25.85524,-31.10147,,-1,,,Noise
15,-63.009247,154.4159,,-1,,,Noise
15,-133.85925,-147.88838,,-1,,,Noise
15,-51.01938,-124.60272,,-1,,,Noise
15,122.46631,-179.12695,,-1,,,Noise
15,170.51776,101.03342,,-1,,,Noise
15,-107.04092,104.61084,,-1,,,Noise
15,-143.94672,131.20209,,-1,,,Noise
15,-46.992645,52.247665,,-1,,,Noise
15,-57.30754,171.32971,,-1,,,Noise
15,143.86993,71.63672,,-1,,,Noise
15,175.55246,22.650192,,-1,,,Noise
15,163.36969,-43.53769,,-1,,,Noise
15,-130.26685,70.60547,,-1,,,Noise
15,84.96228,-133.2075,,-1,,,Noise
15,-168.79407,86.26599,,-1,,,Noise
15,65.15332,134.71622,,-1,,,Noise
15,-86.51254,-169.99553,,-1,,,Noise
15,-149.59871,125.801636,,-1,,,Noise
15,-117.845924,113.55667,,-1,,,Noise
15,-127.59846,68.62761,,-1,,,Noise
15,57.50659,-54.84475,,-1,,,Noise
15,153.72125,151.84741,,-1,,,Noise
15,72.54849,36.83545,,-1,,,Noise
15,-153.23871,129.42517,,-1,,,Noise
15,-30.518082,-1.6407471,,-1,,,Noise
15,152.90494,-105.1878,,-1,,,Noise
15,128.22998,-58.129303,,-1,,,Noise
15,120.44949,81.54584,,-1,,,Noise
15,81.943726,-136.2552,,-1,,,Noise
15,-73.09518,123.79324,,-1,,,Noise
15,-138.90811,93.35803,,-1,,,Noise
15,61.675568,156.45697,,-1,,,Noise
15,-162.54218,89.36676,,-1,,,Noise
15,-50.034576,3.1003723,,-1,,,Noise
15,77.461426,-87.942024,,-1,,,Noise
15,119.1051,47.878357,,-1,,,Noise
15,71.40469,-154.08983,,-1,,,Noise
15,-104.90474,-83.711914,,-1,,,Noise
15,85.40399,-130.38887,,-1,,,Noise
15,-116.54603,54.77896,,-1,,,Noise
15,-141.43301,110.368774,,-1,,,Noise
15,-57.627228,159.9726,,-1,,,Noise
15,-124.80023,-27.254684,,-1,,,Noise
15,-113.90749,42.5054,,-1,,,Noise
15,-18.178635,62.132385,,-1,,,Noise
15,55.437042,-167.5784,,-1,,,Noise
15,53.18817,-158.07416,,-1,,,Noise
15,-73.107,176.15555,,-1,,,Noise
15,-97.316574,-128.17899,,-1,,,Noise
15,-82.57533,124.54169,,-1,,,Noise
15,-100.561745,-163.48181,,-1,,,Noise
15,-48.85202,152.04095,,-1,,,Noise
15,-166.23607,38.821472,,-1,,,Noise
15,161.65363,56.44252,,-1,,,Noise
15,2.4061737,23.294159,,-1,,,Noise
15,101.285095,-82.292984,,-1,,,Noise
15,52.321457,-49.48912,,-1,,,Noise
15,18.565506,-58.424896,,-1,,,Noise
15,-153.52234,-112.42928,,-1,,,Noise
15,-73.25828,33.558273,,-1,,,Noise
15,-55.16587,101.63837,,-1,,,Noise
15,88.19922,-62.0253,,-1,,,Noise
15,-114.142624,90.9263,,-1,,,Noise
15,-103.9766,119.609924,,-1,,,Noise
15,-113.819725,128.18585,,-1,,,Noise
15,67.60098,-164.60616,,-1,,,Noise
15,-170.10315,-60.853134,,-1,,,Noise
15,175.3346,-93.55912,,-1,,,Noise
15,-168.2878,136.66772,,-1,,,Noise
15,-104.69449,-117.95385,,-1,,,Noise
15,86.921295,-79.56775,,-1,,,Noise
15,-1.0489044,-25.754929,,-1,,,Noise
15,50.78563,-104.594635,,-1,,,Noise
15,152.711,106.291046,,-1,,,Noise
15,-56.867424,-159.38788,,-1,,,Noise
15,-116.9635,80.0603,,-1,,,Noise
15,-13.520493,-100.63406,,-1,,,Noise
15,-154.0463,-98.02869,,-1,,,Noise
15,77.385376,93.9668,,-1,,,Noise
15,35.292267,127.55203,,-1,,,Noise
15,131.83963,149.94568,,-1,,,Noise
15,34.063873,-100.9428,,-1,,,Noise
15,143.85596,176.4664,,-1,,,Noise
15,-138.81497,35.662415,,-1,,,Noise
15,-83.62315,120.4989,,-1,,,Noise
15,-95.663475,59.12346,,-1,,,Noise
15,123.17938,-114.56234,,-1,,,Noise
15,-111.58408,-158.56487,,-1,,,Noise
15,148.7254,-61.831207,,-1,,,Noise
15,70.65993,-32.3844,,-1,,,Noise
15,-101.02053,145.89087,,-1,,,Noise
15,-19.747742,-2.7281647,,-1,,,Noise
15,-49.92566,101.63629,,-1,,,Noise
15,141.13806,-117.40484,,-1,,,Noise
15,115.59186,169.19983,,-1,,,Noise
15,-42.784637,-77.43081,,-1,,,Noise
15,-178.59154,-65.70072,,-1,,,Noise
15,19.425781,-51.445557,,-1,,,Noise
15,144.69894,136.0149,,-1,,,Noise
15,178.47003,-128.51515,,-1,,,Noise
15,59.05681,121.1413,,-1,,,Noise
15,155.97556,138.6258,,-1,,,Noise
15,155.9396,136.93207,,-1,,,Noise
15,-125.66656,-118.754005,,-1,,,Noise
15,22.376495,-39.094193,,-1,,,Noise
20,-21.976334,117.99512,1.0,0,-1.9739303768399017,175.7788161086457,Unknown
20,4.5768585,-169.52463,1.0,0,-1.9739303768399017,175.7788161086457,Unknown
20,34.58333,-149.4856,1.0,0,-1.9739303768399017,175.7788161086457,Unknown
20,-34.273193,109.83014,1.0,0,-1.9739303768399017,175.7788161086457,Unknown
20,-1.3571014,161.39508,1.0,0,-1.9739303768399017,175.7788161086457,Unknown
20,-20.745789,139.4768,1.0,0,-1.9739303768399017,175.7788161086457,Unknown
20,-27.279022,147.58118,1.0,0,-1.9739303768399017,175.7788161086457,Unknown
20,5.9503784,-169.2706,1.0,0,-1.9739303768399017,175.7788161086457,Unknown
20,5.749283,179.56628,1.0,0,-1.9739303768399017,175.7788161086457,Unknown
20,-40.588074,138.88135,1.0,0,-1.9739303768399017,175.7788161086457,Unknown
20,-33.383286,167.27441,1.0,0,-1.9739303768399017,175.7788161086457,Unknown
20,3.9755707,-178.70886,1.0,0,-1.9739303768399017,175.7788161086457,Unknown
20,-2.8438873,168.16989,1.0,0,-1.9739303768399017,175.7788161086457,Unknown
20,-5.6385193,-179.18674,1.0,0,-1.9739303768399017,175.7788161086457,Unknown
20,-7.5730286,-146.49954,1.0,0,-1.9739303768399017,175.7788161086457,Unknown
20,-9.5368805,135.19019,1.0,0,-1.9739303768399017,175.7788161086457,Unknown
20,35.708206,-178.69606,1.0,0,-1.9739303768399017,175.7788161086457,Unknown
20,-11.183212,116.68094,1.0,0,-1.9739303768399017,175.7788161086457,Unknown
20,-24.17595,99.50314,1.0,0,-1.9739303768399017,175.7788161086457,Unknown
20,-14.788361,141.8349,1.0,0,-1.9739303768399017,175.7788161086457,Unknown
20,18.887726,-118.13655,1.0,0,-1.9739303768399017,175.7788161086457,Unknown
20,-5.3511505,-140.07314,1.0,0,-1.9739303768399017,175.7788161086457,Unknown
20,20.522232,-178.63539,1.0,0,-1.9739303768399017,175.7788161086457,Unknown
20,-1.8917389,-168.3938,1.0,0,-1.9739303768399017,175.7788161086457,Unknown
20,28.019394,-100.18319,1.0,0,-1.9739303768399017,175.7788161086457,Unknown
20,-36.56845,132.15436,1.0,0,-1.9739303768399017,175.7788161086457,Unknown
20,-32.98506,166.30432,1.0,0,-1.9739303768399017,175.7788161086457,Unknown
20,-22.683517,129.95908,1.0,0,-1.9739303768399017,175.7788161086457,Unknown
20,-25.521774,154.19965,1.0,0,-1.9739303768399017,175.7788161086457,Unknown
20,-5.7266083,-177.143,1.0,0,-1.9739303768399017,175.7788161086457,Unknown
20,35.53096,-146.61424,1.0,0,-1.9739303768399017,175.7788161086457,Unknown
20,2.144165,-174.13911,1.0,0,-1.9739303768399017,175.7788161086457,Unknown
20,34.82483,-120.370575,1.0,0,-1.9739303768399017,175.7788161086457,Unknown
20,-47.79921,140.14844,1.0,0,-1.9739303768399017,175.7788161086457,Unknown
20,18.805939,-162.48808,1.0,0,-1.9739303768399017,175.7788161086457,Unknown
20,-7.157547,156.30847,1.0,0,-1.9739303768399017,175.7788161086457,Unknown
20,-10.171631,144.87769,1.0,0,-1.9739303768399017,175.7788161086457,Unknown
20,-3.6191406,118.90387,1.0,0,-1.9739303768399017,175.7788161086457,Unknown
20,14.992569,-101.87551,1.0,0,-1.9739303768399017,175.7788161086457,Unknown
20,31.402802,-132.20244,1.0,0,-1.9739303768399017,175.7788161086457,Unknown
20,-31.931854,116.49451,1.0,0,-1.9739303768399017,175.7788161086457,Unknown
20,-28.170242,117.05945,1.0,0,-1.9739303768399017,175.7788161086457,Unknown
20,19.222992,-149.73479,1.0,0,-1.9739303768399017,175.7788161086457,Unknown
20,19.437164,-137.42242,1.0,0,-1.9739303768399017,175.7788161086457,Unknown
20,-1.745758,-134.65862,1.0,0,-1.9739303768399017,175.7788161086457,Unknown
20,31.961884,-95.226494,1.0,0,-1.9739303768399017,175.7788161086457,Unknown
20,-28.958435,162.24454,1.0,0,-1.9739303768399017,175.7788161086457,Unknown
20,-22.377487,155.66296,1.0,0,-1.9739303768399017,175.7788161086457,Unknown
20,12.106155,-127.1205,1.0,0,-1.9739303768399017,175.7788161086457,Unknown
20,-15.611435,169.409,1.0,0,-1.9739303768399017,175.7788161086457,Unknown
20,-29.495148,156.9953,1.0,0,-1.9739303768399017,175.7788161086457,Unknown
20,32.449356,179.32709,1.0,0,-1.9739303768399017,175.7788161086457,Unknown
20,-25.18248,123.437195,1.0,0,-1.9739303768399017,175.7788161086457,Unknown
20,-19.304062,114.47989,1.0,0,-1.9739303768399017,175.7788161086457,Unknown
20,20.408401,-157.70172,1.0,0,-1.9739303768399017,175.7788161086457,Unknown
20,-8.640472,170.00836,1.0,0,-1.9739303768399017,175.7788161086457,Unknown
20,12.331406,-112.20226,1.0,0,-1.9739303768399017,175.7788161086457,Unknown
20,23.032333,-172.0187,1.0,0,-1.9739303768399017,175.7788161086457,Unknown
20,-6.9852753,-162.20255,1.0,0,-1.9739303768399017,175.7788161086457,Unknown
20,-21.269394,151.31384,1.0,0,-1.9739303768399017,175.7788161086457,Unknown
20,-37.78366,144.4646,1.0,0,-1.9739303768399017,175.7788161086457,Unknown
20,-21.528793,126.91916,1.0,0,-1.9739303768399017,175.7788161086457,Unknown
20,-45.759583,126.782196,1.0,0,-1.9739303768399017,175.7788161086457,Unknown
20,-8.902466,163.37155,1.0,0,-1.9739303768399017,175.7788161086457,Unknown
20,25.694656,-113.30932,1.0,0,-1.9739303768399017,175.7788161086457,Unknown
20,-40.57271,126.46292,1.0,0,-1.9739303768399017,175.7788161086457,Unknown
20,-31.756027,138.68158,1.0,0,-1.9739303768399017,175.7788161086457,Unknown
20,-16.894272,155.39148,1.0,0,-1.9739303768399017,175.7788161086457,Unknown
20,-20.147964,144.33124,1.0,0,-1.9739303768399017,175.7788161086457,Unknown
20,-12.559982,159.69397,1.0,0,-1.9739303768399017,175.7788161086457,Unknown
20,-14.093002,174.92667,1.0,0,-1.9739303768399017,175.7788161086457,Unknown
20,1.8188477,-157.82202,1.0,0,-1.9739303768399017,175.7788161086457,Unknown
20,19.587723,164.82654,1.0,0,-1.9739303768399017,175.7788161086457,Unknown
20,-22.38414,173.79712,1.0,0,-1.9739303768399017,175.7788161086457,Unknown
20,17.13382,-148.38522,1.0,0,-1.9739303768399017,175.7788161086457,Unknown
20,-21.882416,105.319214,1.0,0,-1.9739303768399017,175.7788161086457,Unknown
20,-9.1788025,129.76984,1.0,0,-1.9739303768399017,175.7788161086457,Unknown
20,28.020905,-120.89324,1.0,0,-1.9739303768399017,175.7788161086457,Unknown
20,12.498154,-150.26782,1.0,0,-1.9739303768399017,175.7788161086457,Unknown
20,9.448929,174.72052,1.0,0,-1.9739303768399017,175.7788161086457,Unknown
20,14.7491,174.19623,1.0,0,-1.9739303768399017,175.7788161086457,Unknown
20,37.489243,-99.92721,1.0,0,-1.9739303768399017,175.7788161086457,Unknown
20,-16.96724,147.10272,1.0,0,-1.9739303768399017,175.7788161086457,Unknown
20,-10.819275,126.01486,1.0,0,-1.9739303768399017,175.7788161086457,Unknown
20,29.734665,-152.11424,1.0,0,-1.9739303768399017,175.7788161086457,Unknown
20,-7.2045746,-132.59491,1.0,0,-1.9739303768399017,175.7788161086457,Unknown
20,-6.69223,167.51828,1.0,0,-1.9739303768399017,175.7788161086457,Unknown
20,33.669342,-127.53184,1.0,0,-1.9739303768399017,175.7788161086457,Unknown
20,-15.144608,96.37628,1.0,0,-1.9739303768399017,175.7788161086457,Unknown
20,-19.643631,93.64642,1.0,0,-1.9739303768399017,175.7788161086457,Unknown
20,-3.9883423,-158.96703,1.0,0,-1.9739303768399017,175.7788161086457,Unknown
20,9.806091,-168.7917,1.0,0,-1.9739303768399017,175.7788161086457,Unknown
20,-22.483002,105.25067,1.0,0,-1.9739303768399017,175.7788161086457,Unknown
20,8.847992,-148.27017,1.0,0,-1.9739303768399017,175.7788161086457,Unknown
20,-25.518906,145.34467,1.0,0,-1.9739303768399017,175.7788161086457,Unknown
20,-19.081863,154.34167,1.0,0,-1.9739303768399017,175.7788161086457,Unknown
20,-20.364716,-169.98695,1.0,0,-1.9739303768399017,175.7788161086457,Unknown
20,-28.705643,160.78369,1.0,0,-1.9739303768399017,175.7788161086457,Unknown
20,30.825104,-170.90881,1.0,0,-1.9739303768399017,175.7788161086457,Unknown
20,33.088135,-104.67707,1.0,0,-1.9739303768399017,175.7788161086457,Unknown
20,-24.851288,106.24277,1.0,0,-1.9739303768399017,175.7788161086457,Unknown
20,33.19597,-149.98332,1.0,0,-1.9739303768399017,175.7788161086457,Unknown
20,-10.320236,-162.79602,1.0,0,-1.9739303768399017,175.7788161086457,Unknown
20,-26.830093,112.23328,1.0,0,-1.9739303768399017,175.7788161086457,Unknown
20,22.434494,178.90573,1.0,0,-1.9739303768399017,175.7788161086457,Unknown
20,-22.201706,134.70816,1.0,0,-1.9739303768399017,175.7788161086457,Unknown
20,11.653152,-106.35098,1.0,0,-1.9739303768399017,175.7788161086457,Unknown
20,23.93431,165.483,1.0,0,-1.9739303768399017,175.7788161086457,Unknown
20,-5.008484,-179.69325,1.0,0,-1.9739303768399017,175.7788161086457,Unknown
20,31.846786,172.2031,1.0,0,-1.9739303768399017,175.7788161086457,Unknown
20,-26.761185,160.81027,1.0,0,-1.9739303768399017,175.7788161086457,Unknown
20,16.674576,-101.21673,1.0,0,-1.9739303768399017,175.7788161086457,Unknown
20,-21.433502,108.67087,1.0,0,-1.9739303768399017,175.7788161086457,Unknown
20,-17.17685,142.4003,1.0,0,-1.9739303768399017,175.7788161086457,Unknown
20,5.9576263,-135.80157,1.0,0,-1.9739303768399017,175.7788161086457,Unknown
20,17.978638,-132.07947,1.0,0,-1.9739303768399017,175.7788161086457,Unknown
20,1.4251099,147.61795,1.0,0,-1.9739303768399017,175.7788161086457,Unknown
20,-15.101685,174.46472,1.0,0,-1.9739303768399017,175.7788161086457,Unknown
20,19.442993,167.76678,1.0,0,-1.9739303768399017,175.7788161086457,Unknown
20,10.711533,164.745,1.0,0,-1.9739303768399017,175.7788161086457,Unknown
20,-46.756927,128.0202,1.0,0,-1.9739303768399017,175.7788161086457,Unknown
20,30.203613,-145.67769,1.0,0,-1.9739303768399017,175.7788161086457,Unknown
20,7.0472717,-176.19963,1.0,0,-1.9739303768399017,175.7788161086457,Unknown
20,-14.981125,131.95139,1.0,0,-1.9739303768399017,175.7788161086457,Unknown
20,-19.000519,174.07901,1.0,0,-1.9739303768399017,175.7788161086457,Unknown
20,-41.18257,123.59955,1.0,0,-1.9739303768399017,175.7788161086457,Unknown
20,18.229553,-131.77281,1.0,0,-1.9739303768399017,175.7788161086457,Unknown
20,34.453033,-115.466934,1.0,0,-1.9739303768399017,175.7788161086457,Unknown
20,-5.589279,154.20532,1.0,0,-1.9739303768399017,175.7788161086457,Unknown
20,-17.481033,116.118195,1.0,0,-1.9739303768399017,175.7788161086457,Unknown
20,2.0400543,126.28912,1.0,0,-1.9739303768399017,175.7788161086457,Unknown
20,1.4809723,116.9361,1.0,0,-1.9739303768399017,175.7788161086457,Unknown
20,17.543854,-142.19687,1.0,0,-1.9739303768399017,175.7788161086457,Unknown
20,33.871613,-141.99731,1.0,0,-1.9739303768399017,175.7788161086457,Unknown
20,11.530319,-153.52997,1.0,0,-1.9739303768399017,175.7788161086457,Unknown
20,-47.873337,138.60922,1.0,0,-1.9739303768399017,175.7788161086457,Unknown
20,-26.653488,100.69641,1.0,0,-1.9739303768399017,175.7788161086457,Unknown
20,42.367157,-154.90562,1.0,0,-1.9739303768399017,175.7788161086457,Unknown
20,23.012802,-106.9584,1.0,0,-1.9739303768399017,175.7788161086457,Unknown
20,30.069519,-109.60997,1.0,0,-1.9739303768399017,175.7788161086457,Unknown
20,0.795105,131.41202,1.0,0,-1.9739303768399017,175.7788161086457,Unknown
20,-11.526962,159.90698,1.0,0,-1.9739303768399017,175.7788161086457,Unknown
20,18.481262,-164.42548,1.0,0,-1.9739303768399017,175.7788161086457,Unknown
20,9.171219,163.46368,1.0,0,-1.9739303768399017,175.7788161086457,Unknown
20,31.980087,-133.52638,1.0,0,-1.9739303768399017,175.7788161086457,Unknown
20,29.170654,-110.87389,1.0,0,-1.9739303768399017,175.7788161086457,Unknown
20,5.255432,-135.83383,1.0,0,-1.9739303768399017,175.7788161086457,Unknown
20,9.34021,-146.34,1.0,0,-1.9739303768399017,175.7788161086457,Unknown
20,-53.26304,118.6604,1.0,0,-1.9739303768399017,175.7788161086457,Unknown
20,1.8085632,-141.15572,1.0,0,-1.9739303768399017,175.7788161086457,Unknown
20,0.53160095,153.47623,1.0,0,-1.9739303768399017,175.7788161086457,Unknown
20,-10.503876,144.30713,1.0,0,-1.9739303768399017,175.7788161086457,Unknown
20,-10.134155,165.50156,1.0,0,-1.9739303768399017,175.7788161086457,Unknown
20,14.890472,-124.00463,1.0,0,-1.9739303768399017,175.7788161086457,Unknown
20,-3.6242523,-169.46399,1.0,0,-1.9739303768399017,175.7788161086457,Unknown
20,-19.859924,134.78253,1.0,0,-1.9739303768399017,175.7788161086457,Unknown
20,-18.560455,157.53833,1.0,0,-1.9739303768399017,175.7788161086457,Unknown
20,14.652954,-116.35682,1.0,0,-1.9739303768399017,175.7788161086457,Unknown
20,12.254456,-168.81555,1.0,0,-1.9739303768399017,175.7788161086457,Unknown
20,-11.213898,159.81631,1.0,0,-1.9739303768399017,175.7788161086457,Unknown
20,11.3385315,-149.88474,1.0,0,-1.9739303768399017,175.7788161086457,Unknown
20,-1.7455597,-161.5688,1.0,0,-1.9739303768399017,175.7788161086457,Unknown
20,-38.971756,124.77655,1.0,0,-1.9739303768399017,175.7788161086457,Unknown
20,22.933228,-128.95049,1.0,0,-1.9739303768399017,175.7788161086457,Unknown
20,10.920105,-176.3161,1.0,0,-1.9739303768399017,175.7788161086457,Unknown
20,0.6694641,-161.32213,1.0,0,-1.9739303768399017,175.7788161086457,Unknown
20,34.24112,-95.85427,1.0,0,-1.9739303768399017,175.7788161086457,Unknown
20,-0.0020141602,-175.87724,1.0,0,-1.9739303768399017,175.7788161086457,Unknown
20,25.139587,-134.4323,1.0,0,-1.9739303768399017,175.7788161086457,Unknown
20,-4.503662,150.52338,1.0,0,-1.9739303768399017,175.7788161086457,Unknown
20,20.24797,-166.55247,1.0,0,-1.9739303768399017,175.7788161086457,Unknown
20,-25.31044,-172.50298,1.0,0,-1.9739303768399017,175.7788161086457,Unknown
20,5.0342712,-162.91753,1.0,0,-1.9739303768399017,175.7788161086457,Unknown
20,-43.253082,128.82117,1.0,0,-1.9739303768399017,175.7788161086457,Unknown
20,-17.269958,139.65424,1.0,0,-1.9739303768399017,175.7788161086457,Unknown
20,-166.53033,156.59637,2.0,1,-164.9657736698672,162.00221229700622,Beta/C5
20,-157.26463,132.11432,2.0,1,-164.9657736698672,162.00221229700622,Beta/C5
20,-165.59712,-173.86517,2.0,1,-164.9657736698672,162.00221229700622,Beta/C5
20,-164.66061,153.58478,2.0,1,-164.9657736698672,162.00221229700622,Beta/C5
20,-173.91124,-176.6156,2.0,1,-164.9657736698672,162.00221229700622,Beta/C5
20,-159.88701,-173.73648,2.0,1,-164.9657736698672,162.00221229700622,Beta/C5
20,-157.63101,165.90479,2.0,1,-164.9657736698672,162.00221229700622,Beta/C5
20,-166.04225,-175.201,2.0,1,-164.9657736698672,162.00221229700622,Beta/C5
20,173.60608,173.27261,2.0,1,-164.9657736698672,162.00221229700622,Beta/C5
20,-170.08907,145.81854,2.0,1,-164.9657736698672,162.00221229700622,Beta/C5
20,166.61346,178.27057,2.0,1,-164.9657736698672,162.00221229700622,Beta/C5
20,-169.77792,-176.53807,2.0,1,-164.9657736698672,162.00221229700622,Beta/C5
20,-170.04335,171.74176,2.0,1,-164.9657736698672,162.00221229700622,Beta/C5
20,-169.71764,-162.19131,2.0,1,-164.9657736698672,162.00221229700622,Beta/C5
20,-168.27211,149.4737,2.0,1,-164.9657736698672,162.00221229700622,Beta/C5
20,-157.80728,-176.22592,2.0,1,-164.9657736698672,162.00221229700622,Beta/C5
20,-174.68307,178.70749,2.0,1,-164.9657736698672,162.00221229700622,Beta/C5
20,-165.01404,162.33325,2.0,1,-164.9657736698672,162.00221229700622,Beta/C5
20,-149.51291,146.65582,2.0,1,-164.9657736698672,162.00221229700622,Beta/C5
20,-156.18108,147.45526,2.0,1,-164.9657736698672,162.00221229700622,Beta/C5
20,-173.54976,143.8902,2.0,1,-164.9657736698672,162.00221229700622,Beta/C5
20,-171.7507,170.22308,2.0,1,-164.9657736698672,162.00221229700622,Beta/C5
20,-171.47575,172.35617,2.0,1,-164.9657736698672,162.00221229700622,Beta/C5
20,-155.58778,158.75232,2.0,1,-164.9657736698672,162.00221229700622,Beta/C5
20,-164.32289,142.49887,2.0,1,-164.9657736698672,162.00221229700622,Beta/C5
20,-165.65976,157.09985,2.0,1,-164.9657736698672,162.00221229700622,Beta/C5
20,-162.05981,166.5893,2.0,1,-164.9657736698672,162.00221229700622,Beta/C5
20,-170.64246,135.56793,2.0,1,-164.9657736698672,162.00221229700622,Beta/C5
20,-159.01215,144.88098,2.0,1,-164.9657736698672,162.00221229700622,Beta/C5
20,-176.18456,177.77539,2.0,1,-164.9657736698672,162.00221229700622,Beta/C5
20,-166.4304,166.14447,2.0,1,-164.9657736698672,162.00221229700622,Beta/C5
20,-168.42958,134.28857,2.0,1,-164.9657736698672,162.00221229700622,Beta/C5
20,-136.81734,157.71432,2.0,1,-164.9657736698672,162.00221229700622,Beta/C5
20,-177.6154,130.07913,2.0,1,-164.9657736698672,162.00221229700622,Beta/C5
20,-168.18185,-160.56363,2.0,1,-164.9657736698672,162.00221229700622,Beta/C5
20,-153.82408,129.2431,2.0,1,-164.9657736698672,162.00221229700622,Beta/C5
20,-177.56284,161.29135,2.0,1,-164.9657736698672,162.00221229700622,Beta/C5
20,-162.81117,149.36755,2.0,1,-164.9657736698672,162.00221229700622,Beta/C5
20,-157.51898,175.38068,2.0,1,-164.9657736698672,162.00221229700622,Beta/C5
20,-160.47687,144.48419,2.0,1,-164.9657736698672,162.00221229700622,Beta/C5
20,-147.47316,-167.05763,2.0,1,-164.9657736698672,162.00221229700622,Beta/C5
20,-178.10484,161.90302,2.0,1,-164.9657736698672,162.00221229700622,Beta/C5
20,-173.60596,169.2356,2.0,1,-164.9657736698672,162.00221229700622,Beta/C5
20,-168.78152,-168.83308,2.0,1,-164.9657736698672,162.00221229700622,Beta/C5
20,-162.7752,174.87589,2.0,1,-164.9657736698672,162.00221229700622,Beta/C5
20,-177.48067,137.12836,2.0,1,-164.9657736698672,162.00221229700622,Beta/C5
20,-177.39679,120.9689,2.0,1,-164.9657736698672,162.00221229700622,Beta/C5
20,-149.26398,-176.68024,2.0,1,-164.9657736698672,162.00221229700622,Beta/C5
20,-142.75986,173.01294,2.0,1,-164.9657736698672,162.00221229700622,Beta/C5
20,-169.94768,-172.05334,2.0,1,-164.9657736698672,162.00221229700622,Beta/C5
20,173.35474,169.45386,2.0,1,-164.9657736698672,162.00221229700622,Beta/C5
20,-170.026,143.42581,2.0,1,-164.9657736698672,162.00221229700622,Beta/C5
20,-146.2467,141.90057,2.0,1,-164.9657736698672,162.00221229700622,Beta/C5
20,-160.66034,-174.18765,2.0,1,-164.9657736698672,162.00221229700622,Beta/C5
20,-174.31902,160.11652,2.0,1,-164.9657736698672,162.00221229700622,Beta/C5
20,-152.46939,141.63608,2.0,1,-164.9657736698672,162.00221229700622,Beta/C5
20,-138.60951,167.26672,2.0,1,-164.9657736698672,162.00221229700622,Beta/C5
20,-149.64705,156.58911,2.0,1,-164.9657736698672,162.00221229700622,Beta/C5
20,177.50159,171.77307,2.0,1,-164.9657736698672,162.00221229700622,Beta/C5
20,172.64462,-173.81659,2.0,1,-164.9657736698672,162.00221229700622,Beta/C5
20,-162.16293,133.50891,2.0,1,-164.9657736698672,162.00221229700622,Beta/C5
20,-159.54228,151.49878,2.0,1,-164.9657736698672,162.00221229700622,Beta/C5
20,-134.2434,155.93054,2.0,1,-164.9657736698672,162.00221229700622,Beta/C5
20,-163.21434,178.09094,2.0,1,-164.9657736698672,162.00221229700622,Beta/C5
20,-153.74948,120.713104,2.0,1,-164.9657736698672,162.00221229700622,Beta/C5
20,177.07504,146.44684,2.0,1,-164.9657736698672,162.00221229700622,Beta/C5
20,-156.96758,163.0766,2.0,1,-164.9657736698672,162.00221229700622,Beta/C5
20,-154.95982,57.053253,3.0,2,-154.7798411583101,67.59667374293993,Unknown
20,-153.84273,79.56537,3.0,2,-154.7798411583101,67.59667374293993,Unknown
20,-150.41841,69.41925,3.0,2,-154.7798411583101,67.59667374293993,Unknown
20,-158.64404,65.609985,3.0,2,-154.7798411583101,67.59667374293993,Unknown
20,-148.56328,84.2363,3.0,2,-154.7798411583101,67.59667374293993,Unknown
20,-136.25531,66.43289,3.0,2,-154.7798411583101,67.59667374293993,Unknown
20,-162.94244,52.63797,3.0,2,-154.7798411583101,67.59667374293993,Unknown
20,-159.3171,80.07092,3.0,2,-154.7798411583101,67.59667374293993,Unknown
20,-160.50941,69.28877,3.0,2,-154.7798411583101,67.59667374293993,Unknown
20,-168.25404,59.234207,3.0,2,-154.7798411583101,67.59667374293993,Unknown
20,-167.05284,69.61392,3.0,2,-154.7798411583101,67.59667374293993,Unknown
20,-151.9397,78.910034,3.0,2,-154.7798411583101,67.59667374293993,Unknown
20,-156.65134,48.2585,3.0,2,-154.7798411583101,67.59667374293993,Unknown
20,-158.56941,53.430084,3.0,2,-154.7798411583101,67.59667374293993,Unknown
20,-165.60046,69.11813,3.0,2,-154.7798411583101,67.59667374293993,Unknown
20,-135.16977,69.83441,3.0,2,-154.7798411583101,67.59667374293993,Unknown
20,-157.00671,86.901794,3.0,2,-154.7798411583101,67.59667374293993,Unknown
20,-148.2507,63.308563,3.0,2,-154.7798411583101,67.59667374293993,Unknown
20,-150.52385,72.64374,3.0,2,-154.7798411583101,67.59667374293993,Unknown
20,-153.69821,68.0999,3.0,2,-154.7798411583101,67.59667374293993,Unknown
20,-158.54062,60.11258,3.0,2,-154.7798411583101,67.59667374293993,Unknown
20,-164.67865,52.974518,3.0,2,-154.7798411583101,67.59667374293993,Unknown
20,-137.95123,77.936005,3.0,2,-154.7798411583101,67.59667374293993,Unknown
20,-120.09206,67.92941,,3,,,Minor/Noise
20,-124.81528,60.07312,,3,,,Minor/Noise
20,-127.298256,83.76633,,3,,,Minor/Noise
20,-127.59515,68.24344,,3,,,Minor/Noise
20,-114.87161,75.28543,,3,,,Minor/Noise
20,-113.04723,63.71843,,3,,,Minor/Noise
20,-119.6442,61.128036,,3,,,Minor/Noise
20,-132.27994,83.207825,,3,,,Minor/Noise
20,-123.03092,56.32454,,3,,,Minor/Noise
20,-128.8694,70.46872,,3,,,Minor/Noise
20,-121.14598,76.41547,,3,,,Minor/Noise
20,-121.9726,80.47333,,3,,,Minor/Noise
20,-57.507263,70.934525,4.0,4,-66.91858144872042,79.67581373434692,C7eq
20,-52.419174,75.860565,4.0,4,-66.91858144872042,79.67581373434692,C7eq
20,-60.59105,78.528595,4.0,4,-66.91858144872042,79.67581373434692,C7eq
20,-70.467026,83.213165,4.0,4,-66.91858144872042,79.67581373434692,C7eq
20,-53.54445,67.74394,4.0,4,-66.91858144872042,79.67581373434692,C7eq
20,-77.71185,74.72516,4.0,4,-66.91858144872042,79.67581373434692,C7eq
20,-80.75149,71.059265,4.0,4,-66.91858144872042,79.67581373434692,C7eq
20,-74.752075,93.81122,4.0,4,-66.91858144872042,79.67581373434692,C7eq
20,-68.78679,69.47188,4.0,4,-66.91858144872042,79.67581373434692,C7eq
20,-56.91008,98.21689,4.0,4,-66.91858144872042,79.67581373434692,C7eq
20,-65.44379,84.535675,4.0,4,-66.91858144872042,79.67581373434692,C7eq
20,-71.02808,74.4156,4.0,4,-66.91858144872042,79.67581373434692,C7eq
20,-61.03366,82.667114,4.0,4,-66.91858144872042,79.67581373434692,C7eq
20,-76.61087,73.951996,4.0,4,-66.91858144872042,79.67581373434692,C7eq
20,-64.52281,72.700775,4.0,4,-66.91858144872042,79.67581373434692,C7eq
20,-83.96175,73.316284,4.0,4,-66.91858144872042,79.67581373434692,C7eq
20,-82.51994,93.66821,4.0,4,-66.91858144872042,79.67581373434692,C7eq
20,-69.90495,94.63608,4.0,4,-66.91858144872042,79.67581373434692,C7eq
20,-64.521,83.29547,4.0,4,-66.91858144872042,79.67581373434692,C7eq
20,-81.357445,76.783875,4.0,4,-66.91858144872042,79.67581373434692,C7eq
20,-58.310257,89.77103,4.0,4,-66.91858144872042,79.67581373434692,C7eq
20,-56.670654,68.28116,4.0,4,-66.91858144872042,79.67581373434692,C7eq
20,-49.94394,81.45383,4.0,4,-66.91858144872042,79.67581373434692,C7eq
20,149.26105,-168.16304,5.0,5,141.09044100085345,-155.48736381658776,Unknown
20,133.87042,-163.28339,5.0,5,141.09044100085345,-155.48736381658776,Unknown
20,133.11908,-160.73659,5.0,5,141.09044100085345,-155.48736381658776,Unknown
20,144.5737,-166.63365,5.0,5,141.09044100085345,-155.48736381658776,Unknown
20,144.05792,-159.73946,5.0,5,141.09044100085345,-155.48736381658776,Unknown
20,153.51187,-163.35474,5.0,5,141.09044100085345,-155.48736381658776,Unknown
20,149.6908,-160.98955,5.0,5,141.09044100085345,-155.48736381658776,Unknown
20,144.89087,-148.69125,5.0,5,141.09044100085345,-155.48736381658776,Unknown
20,147.41663,-154.74634,5.0,5,141.09044100085345,-155.48736381658776,Unknown
20,127.97131,-142.79407,5.0,5,141.09044100085345,-155.48736381658776,Unknown
20,160.54831,-162.25749,5.0,5,141.09044100085345,-155.48736381658776,Unknown
20,138.66406,-141.15671,5.0,5,141.09044100085345,-155.48736381658776,Unknown
20,125.066925,-170.02248,5.0,5,141.09044100085345,-155.48736381658776,Unknown
20,134.37305,-157.47348,5.0,5,141.09044100085345,-155.48736381658776,Unknown
20,143.69897,-157.14189,5.0,5,141.09044100085345,-155.48736381658776,Unknown
20,135.8656,-139.8531,5.0,5,141.09044100085345,-155.48736381658776,Unknown
20,159.6518,-155.56764,5.0,5,141.09044100085345,-155.48736381658776,Unknown
20,133.26306,-150.93355,5.0,5,141.09044100085345,-155.48736381658776,Unknown
20,135.39471,-143.01569,5.0,5,141.09044100085345,-155.48736381658776,Unknown
20,130.93777,-143.66934,5.0,5,141.09044100085345,-155.48736381658776,Unknown
20,137.4635,-154.77626,5.0,5,141.09044100085345,-155.48736381658776,Unknown
20,147.72693,-118.4853,,6,,,Minor/Noise
20,141.79846,-124.961876,,6,,,Minor/Noise
20,136.3471,-128.58604,,6,,,Minor/Noise
20,145.4627,-136.69077,,6,,,Minor/Noise
20,130.80676,-116.47782,,6,,,Minor/Noise
20,136.27695,-122.10713,,6,,,Minor/Noise
20,146.33688,-129.83237,,6,,,Minor/Noise
20,132.32388,-118.48225,,6,,,Minor/Noise
20,129.92892,-126.50841,,6,,,Minor/Noise
20,121.15314,-125.54368,,6,,,Minor/Noise
20,121.124176,-128.95457,,6,,,Minor/Noise
20,142.51385,-131.10416,,6,,,Minor/Noise
20,95.877075,-101.260254,,-1,,,Noise
20,-105.972755,-122.0221,,-1,,,Noise
20,-32.12204,18.506226,,-1,,,Noise
20,155.92096,-45.559967,,-1,,,Noise
20,154.86978,-1.8205414,,-1,,,Noise
20,-121.889305,123.63583,,-1,,,Noise
20,73.36864,-155.9187,,-1,,,Noise
20,-85.523186,135.20511,,-1,,,Noise
20,86.000824,-109.61132,,-1,,,Noise
20,-80.54277,-134.96692,,-1,,,Noise
20,-172.68481,11.45903,,-1,,,Noise
20,-179.41608,16.726654,,-1,,,Noise
20,114.11438,-108.39684,,-1,,,Noise
20,-165.4609,101.199585,,-1,,,Noise
20,-169.67758,24.62439,,-1,,,Noise
20,109.5661,-100.915695,,-1,,,Noise
20,104.28079,-166.15201,,-1,,,Noise
20,-135.83607,-34.916077,,-1,,,Noise
20,104.60596,150.22372,,-1,,,Noise
20,127.135925,-78.21482,,-1,,,Noise
20,-122.60564,93.711334,,-1,,,Noise
20,-112.03329,-108.84153,,-1,,,Noise
20,-56.369843,147.86633,,-1,,,Noise
20,130.6366,171.63867,,-1,,,Noise
20,-72.576035,-17.207642,,-1,,,Noise
20,-118.31159,171.9162,,-1,,,Noise
20,-67.320404,114.87381,,-1,,,Noise
20,168.00848,72.24492,,-1,,,Noise
20,-80.515114,-163.9113,,-1,,,Noise
20,59.44182,-40.16913,,-1,,,Noise
20,-53.813828,-20.17569,,-1,,,Noise
20,158.52698,-102.647514,,-1,,,Noise
20,4.347183,-34.12082,,-1,,,Noise
20,48.190155,-101.17987,,-1,,,Noise
20,-90.071396,151.32642,,-1,,,Noise
20,-89.74065,-154.91484,,-1,,,Noise
20,-16.457397,-125.60893,,-1,,,Noise
20,-110.76625,-38.69751,,-1,,,Noise
20,10.049149,-79.24317,,-1,,,Noise
20,-109.58534,45.726562,,-1,,,Noise
20,165.05566,2.4207764,,-1,,,Noise
20,10.895828,77.260254,,-1,,,Noise
20,31.644196,103.27075,,-1,,,Noise
20,146.26361,174.51266,,-1,,,Noise
20,30.553833,134.53436,,-1,,,Noise
20,-24.074722,-107.74942,,-1,,,Noise
20,120.90027,44.577713,,-1,,,Noise
20,116.5202,-163.52148,,-1,,,Noise
20,123.80136,-93.49882,,-1,,,Noise
20,116.135345,-100.83725,,-1,,,Noise
20,-47.524475,36.71808,,-1,,,Noise
20,-11.960159,75.89508,,-1,,,Noise
20,-173.45326,16.41359,,-1,,,Noise
20,5.6643066,-71.066055,,-1,,,Noise
20,-110.6475,24.797302,,-1,,,Noise
20,109.424255,-112.63507,,-1,,,Noise
20,-5.1348724,-115.700806,,-1,,,Noise
20,122.82544,135.83936,,-1,,,Noise
20,51.818726,41.42099,,-1,,,Noise
20,135.682,20.656921,,-1,,,Noise
20,-160.4213,-12.976608,,-1,,,Noise
20,-141.371,53.66722,,-1,,,Noise
20,59.2825,-144.9488,,-1,,,Noise
20,-158.63544,-113.40335,,-1,,,Noise
20,-115.06363,-18.366028,,-1,,,Noise
20,120.97577,-110.6085,,-1,,,Noise
20,-27.910599,42.403442,,-1,,,Noise
20,120.81705,125.16693,,-1,,,Noise
20,62.608765,-88.35983,,-1,,,Noise
20,70.70773,-25.466583,,-1,,,Noise
20,43.531677,-176.6898,,-1,,,Noise
20,163.12064,-70.56363,,-1,,,Noise
20,-55.172073,-174.23785,,-1,,,Noise
20,60.91005,-99.90501,,-1,,,Noise
20,11.190964,-55.553856,,-1,,,Noise
20,97.39169,-127.39498,,-1,,,Noise
20,-94.96554,91.92746,,-1,,,Noise
20,76.30411,-171.55719,,-1,,,Noise
20,61.63263,-2.0247498,,-1,,,Noise
20,-59.94993,176.35797,,-1,,,Noise
20,-100.55845,26.558838,,-1,,,Noise
20,-16.000076,-86.07057,,-1,,,Noise
20,79.05237,-95.55609,,-1,,,Noise
20,-62.695618,121.28073,,-1,,,Noise
20,148.823,142.52792,,-1,,,Noise
20,18.777435,142.08966,,-1,,,Noise
20,-5.725296,-83.62426,,-1,,,Noise
20,-109.534134,163.69183,,-1,,,Noise
20,20.762253,-84.35569,,-1,,,Noise
20,145.68976,14.722733,,-1,,,Noise
20,-94.21105,45.145386,,-1,,,Noise
20,178.5694,-136.80997,,-1,,,Noise
20,131.53229,-70.3327,,-1,,,Noise
20,-139.15022,117.04239,,-1,,,Noise
20,-170.28133,-107.220894,,-1,,,Noise
20,91.27591,-88.13507,,-1,,,Noise
20,-133.87769,-173.69469,,-1,,,Noise
20,54.23761,-169.78566,,-1,,,Noise
20,-62.00846,-52.90999,,-1,,,Noise
20,-79.5688,114.25275,,-1,,,Noise
20,-119.10226,-164.66548,,-1,,,Noise
20,-155.61307,-12.161392,,-1,,,Noise
20,-132.35667,112.352295,,-1,,,Noise
20,72.50067,169.03485,,-1,,,Noise
20,131.54309,-38.259964,,-1,,,Noise
20,20.822647,-31.175537,,-1,,,Noise
20,56.21721,176.71176,,-1,,,Noise
20,117.408356,102.977325,,-1,,,Noise
20,120.806274,6.9260864,,-1,,,Noise
20,152.98679,-133.89665,,-1,,,Noise
20,-111.11889,-104.160286,,-1,,,Noise
20,-71.631454,106.76068,,-1,,,Noise
20,-122.11615,106.14285,,-1,,,Noise
20,129.69885,112.114105,,-1,,,Noise
20,16.727936,87.98822,,-1,,,Noise
20,54.310364,179.6413,,-1,,,Noise
20,161.6405,165.96371,,-1,,,Noise
20,-96.92054,-167.43237,,-1,,,Noise
20,-122.17603,19.280731,,-1,,,Noise
20,-94.40155,140.8562,,-1,,,Noise
20,-112.48057,23.33525,,-1,,,Noise
20,-154.04813,-57.819992,,-1,,,Noise
20,-141.67827,-95.296196,,-1,,,Noise
20,-93.02326,-140.09148,,-1,,,Noise
20,-109.75825,-155.94092,,-1,,,Noise
20,118.19885,-141.24966,,-1,,,Noise
20,-66.792625,-166.08264,,-1,,,Noise
20,62.39334,-80.11285,,-1,,,Noise
20,176.18134,48.827682,,-1,,,Noise
20,-10.73378,-15.544739,,-1,,,Noise
20,84.058685,-112.6568,,-1,,,Noise
20,-91.22148,144.34839,,-1,,,Noise
20,166.98737,135.75595,,-1,,,Noise
20,-132.05045,-83.25279,,-1,,,Noise
20,-156.5415,-157.7864,,-1,,,Noise
20,48.671722,-126.31835,,-1,,,Noise
20,59.67221,-110.53392,,-1,,,Noise
20,-138.228,-28.402313,,-1,,,Noise
20,118.094055,129.52783,,-1,,,Noise
20,-15.513168,-78.00785,,-1,,,Noise
20,57.832687,-118.14173,,-1,,,Noise
20,-129.4566,114.55426,,-1,,,Noise
20,-48.61792,-54.947807,,-1,,,Noise
20,-48.83969,21.196243,,-1,,,Noise
20,177.62958,-107.33292,,-1,,,Noise
20,-51.630432,-66.364975,,-1,,,Noise
20,64.91824,-134.4848,,-1,,,Noise
20,-25.767944,-91.11931,,-1,,,Noise
20,-31.672043,-137.34018,,-1,,,Noise
20,75.78543,-119.646034,,-1,,,Noise
20,-31.386292,-52.67357,,-1,,,Noise
20,-167.6916,32.110794,,-1,,,Noise
20,-155.19473,9.399445,,-1,,,Noise
20,66.943634,130.74414,,-1,,,Noise
20,80.486786,-115.1913,,-1,,,Noise
20,-61.547997,-12.932266,,-1,,,Noise
20,-118.526726,151.65277,,-1,,,Noise
20,-154.33086,39.506042,,-1,,,Noise
20,-41.96614,70.2948,,-1,,,Noise
20,-163.4238,105.46417,,-1,,,Noise
20,-93.40938,-144.03452,,-1,,,Noise
20,176.22437,35.140976,,-1,,,Noise
20,64.3974,-137.56891,,-1,,,Noise
20,-135.63614,-165.26102,,-1,,,Noise
20,25.292664,-29.15332,,-1,,,Noise
20,-9.189102,-98.57802,,-1,,,Noise
20,-110.856804,-80.031235,,-1,,,Noise
20,135.26422,136.32935,,-1,,,Noise
20,155.04736,155.88403,,-1,,,Noise
20,151.93265,68.334076,,-1,,,Noise
20,60.859375,-131.95407,,-1,,,Noise
20,-135.7347,-155.0169,,-1,,,Noise
20,-97.62173,158.92224,,-1,,,Noise
20,127.193634,-93.2499,,-1,,,Noise
20,38.029816,-77.068344,,-1,,,Noise
20,-75.317055,-161.25978,,-1,,,Noise
20,139.98404,-55.610756,,-1,,,Noise
20,-136.89308,9.554489,,-1,,,Noise
20,-157.20244,-134.14973,,-1,,,Noise
20,-98.176384,-48.960754,,-1,,,Noise
20,-117.038994,137.36438,,-1,,,Noise
20,-34.28734,-139.94556,,-1,,,Noise
20,167.54443,-110.8081,,-1,,,Noise
20,-165.17535,-111.25483,,-1,,,Noise
20,119.71738,86.851746,,-1,,,Noise
20,131.5,158.26431,,-1,,,Noise
20,9.153412,-3.3578644,,-1,,,Noise
20,96.81732,-99.236206,,-1,,,Noise
20,98.717224,174.85944,,-1,,,Noise
20,30.190521,0.7006073,,-1,,,Noise
20,146.96432,75.8508,,-1,,,Noise
20,154.18472,-51.54413,,-1,,,Noise
20,-165.84583,97.03314,,-1,,,Noise
20,-71.8226,-172.92,,-1,,,Noise
20,5.9040527,104.076294,,-1,,,Noise
20,144.54279,2.086197,,-1,,,Noise
20,108.36163,-96.21702,,-1,,,Noise
20,136.03217,102.97186,,-1,,,Noise
20,1.8045502,69.97635,,-1,,,Noise
20,162.56934,-79.44674,,-1,,,Noise
20,96.31683,-134.00885,,-1,,,Noise
20,-106.51732,112.441895,,-1,,,Noise
20,35.46025,115.68982,,-1,,,Noise
20,-148.58054,-81.13039,,-1,,,Noise
20,5.5043945,-2.3657532,,-1,,,Noise
20,146.2904,89.3548,,-1,,,Noise
20,125.01233,-35.981873,,-1,,,Noise
20,-133.75249,135.03369,,-1,,,Noise
20,-148.72026,-73.26131,,-1,,,Noise
20,31.332367,130.66724,,-1,,,Noise
20,-57.572197,102.98584,,-1,,,Noise
20,-31.67392,81.54242,,-1,,,Noise
20,-30.479568,-13.070572,,-1,,,Noise
20,46.934647,-124.17645,,-1,,,Noise
20,11.408173,-95.05704,,-1,,,Noise
20,32.54634,49.856506,,-1,,,Noise
20,173.83185,-8.234848,,-1,,,Noise
20,79.11075,-105.83324,,-1,,,Noise
20,49.169327,-70.58126,,-1,,,Noise
20,-67.35561,131.81155,,-1,,,Noise
20,-45.80081,159.46991,,-1,,,Noise
20,130.96796,-93.685394,,-1,,,Noise
20,-8.188507,2.1484375,,-1,,,Noise
20,137.20996,-25.499084,,-1,,,Noise
20,173.80157,-148.72112,,-1,,,Noise
20,20.623108,-47.559586,,-1,,,Noise
20,11.700867,91.74576,,-1,,,Noise
20,95.593506,-141.76382,,-1,,,Noise
20,-144.18933,-126.754074,,-1,,,Noise
20,82.2171,57.132706,,-1,,,Noise
20,-84.18013,-49.1268,,-1,,,Noise
20,-166.9639,-129.6726,,-1,,,Noise
20,-146.49284,-151.15195,,-1,,,Noise
20,163.39789,-151.70691,,-1,,,Noise
20,116.20575,18.51735,,-1,,,Noise
20,2.9194489,-73.38179,,-1,,,Noise
20,57.712204,-151.65236,,-1,,,Noise
20,167.2478,132.18866,,-1,,,Noise
20,111.08713,-136.73936,,-1,,,Noise
20,149.97604,91.970215,,-1,,,Noise
20,177.17813,-77.24178,,-1,,,Noise
20,-176.28928,-128.83775,,-1,,,Noise
20,-154.24974,-84.62388,,-1,,,Noise
20,-141.17584,-119.40129,,-1,,,Noise
20,-54.618347,112.21384,,-1,,,Noise
20,-156.92393,-126.245,,-1,,,Noise
20,11.9704895,-79.80789,,-1,,,Noise
20,-11.7425995,-131.48732,,-1,,,Noise
20,-71.453766,138.71875,,-1,,,Noise
20,-22.402374,17.823914,,-1,,,Noise
20,-34.076828,34.216797,,-1,,,Noise
20,82.578735,16.767212,,-1,,,Noise
20,136.79694,110.937775,,-1,,,Noise
20,-39.345016,-78.479355,,-1,,,Noise
20,-85.881134,100.63986,,-1,,,Noise
20,-44.789932,-142.37386,,-1,,,Noise
20,82.03735,141.98672,,-1,,,Noise
20,66.32071,-135.10664,,-1,,,Noise
20,33.47763,-79.51613,,-1,,,Noise
20,31.00119,96.760895,,-1,,,Noise
20,9.774689,123.824646,,-1,,,Noise
20,94.995575,-145.46066,,-1,,,Noise
20,98.04123,-96.71989,,-1,,,Noise
20,54.43576,-31.129028,,-1,,,Noise
20,87.93173,-85.8851,,-1,,,Noise
20,-119.65046,-20.463928,,-1,,,Noise
20,-167.88809,-87.39561,,-1,,,Noise
20,112.1564,-58.924576,,-1,,,Noise
20,-22.4534,40.09778,,-1,,,Noise
20,124.75333,-75.61172,,-1,,,Noise
20,128.45508,-73.89663,,-1,,,Noise
20,-177.02441,67.74164,,-1,,,Noise
20,102.54071,-115.11478,,-1,,,Noise
20,96.730896,-172.44449,,-1,,,Noise
20,-14.144409,30.961334,,-1,,,Noise
20,163.24371,95.483215,,-1,,,Noise
20,-171.7569,-1.398529,,-1,,,Noise
20,-133.87201,175.11646,,-1,,,Noise
20,14.092468,-88.383606,,-1,,,Noise
20,19.943298,-26.974792,,-1,,,Noise
20,175.01263,31.995056,,-1,,,Noise
20,-20.499588,-129.02448,,-1,,,Noise
20,96.85419,122.793884,,-1,,,Noise
20,-110.91239,-154.62032,,-1,,,Noise
20,-54.248108,-157.00449,,-1,,,Noise
20,165.98721,120.66147,,-1,,,Noise
20,74.38228,110.45181,,-1,,,Noise
20,115.26349,-71.01533,,-1,,,Noise
20,175.00787,-47.54013,,-1,,,Noise
20,-29.776352,-96.51793,,-1,,,Noise
20,165.33698,-130.10582,,-1,,,Noise
20,-177.1954,120.4946,,-1,,,Noise
20,90.45398,-156.81812,,-1,,,Noise
20,-72.26775,179.17133,,-1,,,Noise
20,-111.287674,-119.997406,,-1,,,Noise
20,63.59958,-169.2394,,-1,,,Noise
20,176.42471,-135.22371,,-1,,,Noise
20,137.33545,108.319,,-1,,,Noise
20,75.65451,-100.91685,,-1,,,Noise
20,81.25903,171.80997,,-1,,,Noise
20,47.637527,-110.09691,,-1,,,Noise
20,-176.25702,-35.609253,,-1,,,Noise
20,-116.70245,100.403076,,-1,,,Noise
20,84.73563,-60.881927,,-1,,,Noise
20,-121.70231,-121.550095,,-1,,,Noise
20,107.486176,-11.518921,,-1,,,Noise
20,121.48169,41.717575,,-1,,,Noise
20,-132.6864,161.84381,,-1,,,Noise
20,-139.22293,47.394684,,-1,,,Noise
20,137.24457,-61.6252,,-1,,,Noise
20,-174.41096,111.33301,,-1,,,Noise
20,125.99817,-96.02879,,-1,,,Noise
20,-72.4359,-4.7571564,,-1,,,Noise
20,36.026672,-67.08031,,-1,,,Noise
20,163.37802,108.90225,,-1,,,Noise
20,-108.67078,106.537994,,-1,,,Noise
20,-60.641266,30.928665,,-1,,,Noise
20,14.934021,1.4052429,,-1,,,Noise
20,2.6143188,-92.3028,,-1,,,Noise
20,141.29443,-99.31806,,-1,,,Noise
20,-18.67714,-71.30135,,-1,,,Noise
20,102.114075,-114.56542,,-1,,,Noise
20,-40.038223,53.973816,,-1,,,Noise
20,146.37967,177.21265,,-1,,,Noise
20,-70.194626,169.14944,,-1,,,Noise
20,-118.453926,-82.71547,,-1,,,Noise
20,74.90256,-159.75374,,-1,,,Noise
20,5.5764923,102.77417,,-1,,,Noise
20,63.03003,-76.08331,,-1,,,Noise
20,101.61926,-149.89566,,-1,,,Noise
20,-12.455292,59.397522,,-1,,,Noise
20,138.62881,-82.87192,,-1,,,Noise
20,157.1384,123.97604,,-1,,,Noise
20,146.57819,-31.341812,,-1,,,Noise
20,-78.23493,41.71759,,-1,,,Noise
20,-96.95176,106.27948,,-1,,,Noise
20,1.2045898,104.450134,,-1,,,Noise
20,-170.4514,82.25745,,-1,,,Noise
20,111.29535,158.84131,,-1,,,Noise
20,-14.5234375,-1.4578857,,-1,,,Noise
20,161.72952,-25.85437,,-1,,,Noise
20,30.94255,-62.104416,,-1,,,Noise
20,48.415558,149.01483,,-1,,,Noise
20,4.3391266,-2.4795837,,-1,,,Noise
20,25.757004,135.6854,,-1,,,Noise
20,45.097168,-22.745407,,-1,,,Noise
20,-102.71537,-163.88585,,-1,,,Noise
20,-111.03286,-83.49264,,-1,,,Noise
20,-167.12735,27.738113,,-1,,,Noise
20,20.188416,-5.4286804,,-1,,,Noise
20,43.42343,-90.26833,,-1,,,Noise
20,14.473755,115.79019,,-1,,,Noise
20,-4.7396545,-83.94151,,-1,,,Noise
20,-48.844513,94.92236,,-1,,,Noise
20,-168.52396,-56.724358,,-1,,,Noise
20,-11.112152,90.25348,,-1,,,Noise
20,9.135941,125.737,,-1,,,Noise
20,-157.31982,98.993225,,-1,,,Noise
20,-78.86373,-60.928818,,-1,,,Noise
20,-128.40211,160.63666,,-1,,,Noise
20,18.243393,-33.112946,,-1,,,Noise
20,153.1275,119.34143,,-1,,,Noise
20,-92.773506,165.8241,,-1,,,Noise
20,-17.571533,16.841064,,-1,,,Noise
20,-71.883896,-96.61946,,-1,,,Noise
20,-174.93515,29.569199,,-1,,,Noise
20,-93.58003,-164.3778,,-1,,,Noise
20,-171.29532,35.689987,,-1,,,Noise
20,-160.93382,116.71777,,-1,,,Noise
20,159.7829,95.20709,,-1,,,Noise
20,-89.868126,-29.077606,,-1,,,Noise
20,108.987976,-172.6156,,-1,,,Noise
20,-84.31846,157.5,,-1,,,Noise
20,-108.79517,169.79681,,-1,,,Noise
20,-170.1375,-47.6026,,-1,,,Noise
20,-126.29576,34.71324,,-1,,,Noise
20,70.406006,-98.6883,,-1,,,Noise
20,-168.12083,18.097733,,-1,,,Noise
20,65.30946,-75.49324,,-1,,,Noise
20,29.401031,-16.481415,,-1,,,Noise
20,93.88287,169.98166,,-1,,,Noise
20,160.76581,-141.05803,,-1,,,Noise
20,143.11542,-31.392685,,-1,,,Noise
20,135.40479,4.2691956,,-1,,,Noise
20,114.629486,-160.5153,,-1,,,Noise
20,-20.28421,-138.71141,,-1,,,Noise
20,5.1112213,121.315094,,-1,,,Noise
20,45.394547,-176.11015,,-1,,,Noise
20,40.238617,-26.527115,,-1,,,Noise
20,-1.8991089,98.602356,,-1,,,Noise
20,-84.40137,98.74582,,-1,,,Noise
20,-152.38458,-133.19565,,-1,,,Noise
20,107.37399,-119.06028,,-1,,,Noise
20,-90.997185,130.39386,,-1,,,Noise
20,59.592987,-41.85327,,-1,,,Noise
20,73.06851,-115.176796,,-1,,,Noise
20,105.142456,11.417343,,-1,,,Noise
20,149.0086,-89.11061,,-1,,,Noise
20,54.166,71.491974,,-1,,,Noise
20,-170.44939,108.918915,,-1,,,Noise
20,-80.68063,144.5365,,-1,,,Noise
20,-79.19776,22.722626,,-1,,,Noise
20,-138.16565,26.754395,,-1,,,Noise
20,-23.413239,44.468246,,-1,,,Noise
20,-117.29369,-150.15552,,-1,,,Noise
20,-62.41783,-165.77893,,-1,,,Noise
20,178.96341,95.263855,,-1,,,Noise
20,-7.108261,24.655838,,-1,,,Noise
20,-8.44278,-56.160767,,-1,,,Noise
20,66.58545,115.36771,,-1,,,Noise
20,85.62488,111.775696,,-1,,,Noise
20,77.181335,-91.30584,,-1,,,Noise
20,-52.839256,22.80252,,-1,,,Noise
20,-120.104805,21.572891,,-1,,,Noise
20,-50.061523,-46.028687,,-1,,,Noise
20,-122.81979,135.35925,,-1,,,Noise
20,103.288055,-73.34347,,-1,,,Noise
20,-20.272018,56.06456,,-1,,,Noise
20,134.80103,144.1669,,-1,,,Noise
20,-29.129776,-100.375084,,-1,,,Noise
20,-59.044357,-122.53307,,-1,,,Noise
20,68.734665,-142.89626,,-1,,,Noise
20,136.52948,-50.417923,,-1,,,Noise
20,-136.68553,-163.46555,,-1,,,Noise
20,-116.767,123.935455,,-1,,,Noise
20,-17.753815,-97.56847,,-1,,,Noise
20,-167.93456,114.496,,-1,,,Noise
20,-12.065918,-92.26178,,-1,,,Noise
20,100.37686,148.53436,,-1,,,Noise
20,127.217804,160.46432,,-1,,,Noise
20,19.54541,94.00702,,-1,,,Noise
20,-178.783,83.01364,,-1,,,Noise
20,73.28668,-83.21128,,-1,,,Noise
20,62.136047,-149.83832,,-1,,,Noise
20,-168.22931,-125.98961,,-1,,,Noise
20,150.14359,37.337997,,-1,,,Noise
20,-168.01791,-146.76831,,-1,,,Noise
20,114.12463,149.76813,,-1,,,Noise
20,-6.3321686,49.94438,,-1,,,Noise
20,178.2771,-19.266022,,-1,,,Noise
20,112.44238,100.336,,-1,,,Noise
20,-168.73332,-109.14085,,-1,,,Noise
20,-41.546127,-101.76887,,-1,,,Noise
20,126.92804,-89.099434,,-1,,,Noise
20,-124.04447,112.615234,,-1,,,Noise
20,-87.33048,64.039795,,-1,,,Noise
20,-89.64965,94.59564,,-1,,,Noise
20,-78.49386,-174.47574,,-1,,,Noise
20,-123.74141,-114.36117,,-1,,,Noise
20,70.05661,-96.01971,,-1,,,Noise
20,94.183105,-21.56488,,-1,,,Noise
20,-51.25023,54.0334,,-1,,,Noise
20,-92.33752,-159.3867,,-1,,,Noise
20,95.8136,-22.900513,,-1,,,Noise
20,-44.86508,39.18553,,-1,,,Noise
20,53.74945,-27.64801,,-1,,,Noise
20,-36.77278,51.721832,,-1,,,Noise
20,99.44531,-45.66623,,-1,,,Noise
20,-107.40067,109.85129,,-1,,,Noise
20,141.8186,-36.332275,,-1,,,Noise
20,-97.354614,-154.6889,,-1,,,Noise
20,74.7612,-124.72217,,-1,,,Noise
20,-138.00784,118.61749,,-1,,,Noise
20,-36.15332,41.170547,,-1,,,Noise
20,-175.42294,-52.45584,,-1,,,Noise
20,-128.27046,-158.18654,,-1,,,Noise
20,96.634674,-137.8031,,-1,,,Noise
20,140.54236,-68.17505,,-1,,,Noise
20,-167.29498,-54.756836,,-1,,,Noise
20,89.39325,-56.031937,,-1,,,Noise
20,-97.768585,-159.20438,,-1,,,Noise
20,-128.41847,108.215454,,-1,,,Noise
20,103.2027,-74.72544,,-1,,,Noise
20,50.77664,-158.33887,,-1,,,Noise
20,19.60019,74.456726,,-1,,,Noise
20,-178.59352,22.142395,,-1,,,Noise
20,-122.49696,-61.273438,,-1,,,Noise
20,-99.19911,-135.29105,,-1,,,Noise
20,100.35266,-55.685608,,-1,,,Noise
20,-164.24753,9.658096,,-1,,,Noise
20,-81.830894,55.62213,,-1,,,Noise
20,-111.336914,101.29071,,-1,,,Noise
20,170.77942,-65.63729,,-1,,,Noise
20,119.800934,98.37927,,-1,,,Noise
20,-54.89612,37.762238,,-1,,,Noise
20,-104.44442,126.59857,,-1,,,Noise
20,76.74463,-117.058586,,-1,,,Noise
20,-29.066223,-124.285805,,-1,,,Noise
20,-176.76064,27.958557,,-1,,,Noise
20,-108.48296,110.60666,,-1,,,Noise
20,-106.45966,59.636078,,-1,,,Noise
20,-88.13053,70.39734,,-1,,,Noise
20,-48.464874,42.77997,,-1,,,Noise
20,-166.4585,-90.870255,,-1,,,Noise
20,-71.85824,-161.60788,,-1,,,Noise
20,-95.84241,171.52899,,-1,,,Noise
20,155.44498,149.63275,,-1,,,Noise
20,47.67978,-146.971,,-1,,,Noise
20,-68.34868,172.92703,,-1,,,Noise
20,172.12659,-122.11645,,-1,,,Noise
20,-157.91911,-151.04144,,-1,,,Noise
20,-98.814224,53.31642,,-1,,,Noise
20,-170.99222,-91.65611,,-1,,,Noise
20,168.93558,117.81683,,-1,,,Noise
20,-90.96815,136.9721,,-1,,,Noise
20,-4.982437,-24.330841,,-1,,,Noise
20,71.107285,-162.36478,,-1,,,Noise
20,-158.3372,-86.80604,,-1,,,Noise
20,-88.28912,120.167145,,-1,,,Noise
20,-29.296997,-43.56636,,-1,,,Noise
20,-120.63951,-94.412,,-1,,,Noise
20,-177.69386,-27.432938,,-1,,,Noise
20,-156.91908,-124.36314,,-1,,,Noise
20,169.16815,-90.084175,,-1,,,Noise
20,-99.07449,82.33765,,-1,,,Noise
20,70.81987,150.23651,,-1,,,Noise
20,165.375,-137.76608,,-1,,,Noise
20,-8.369675,-77.512596,,-1,,,Noise
20,-68.754906,-46.500458,,-1,,,Noise
20,156.4494,-34.421494,,-1,,,Noise
20,-131.68181,17.806107,,-1,,,Noise
20,-138.25894,-122.315506,,-1,,,Noise
20,-123.85737,156.177,,-1,,,Noise
20,31.405502,-25.639557,,-1,,,Noise
20,-31.544708,-110.99083,,-1,,,Noise
20,-119.26044,102.92377,,-1,,,Noise
20,-29.221313,-158.60872,,-1,,,Noise
20,-14.518646,62.224213,,-1,,,Noise
20,64.94104,-112.783264,,-1,,,Noise
20,-154.89342,-92.5153,,-1,,,Noise
20,-74.52932,-102.735146,,-1,,,Noise
20,81.359955,-40.993927,,-1,,,Noise
20,-36.67508,-140.85844,,-1,,,Noise
20,-13.212784,-9.990448,,-1,,,Noise
20,39.28328,115.8996,,-1,,,Noise
20,14.979874,-19.492996,,-1,,,Noise
20,-42.83954,82.52847,,-1,,,Noise
20,-154.6828,-93.6561,,-1,,,Noise
20,-107.879875,178.34912,,-1,,,Noise
20,153.84595,32.581863,,-1,,,Noise
20,-84.57503,36.16725,,-1,,,Noise
20,135.29819,-107.30431,,-1,,,Noise
20,-13.838028,72.42218,,-1,,,Noise
20,-43.68051,24.39737,,-1,,,Noise
20,170.60333,-49.621216,,-1,,,Noise
20,-121.70725,-179.9439,,-1,,,Noise
20,-155.31555,-120.66883,,-1,,,Noise
20,-26.621994,82.91333,,-1,,,Noise
20,122.825806,30.019623,,-1,,,Noise
20,80.77554,20.324142,,-1,,,Noise
20,-112.372955,-174.99524,,-1,,,Noise
20,29.299408,-17.406311,,-1,,,Noise
20,47.510193,-173.70947,,-1,,,Noise
20,-132.68472,-169.13548,,-1,,,Noise
20,-151.88618,114.00177,,-1,,,Noise
20,-31.838974,-114.62689,,-1,,,Noise
20,120.02197,154.29587,,-1,,,Noise
20,-109.51943,57.322006,,-1,,,Noise
20,36.37268,125.53595,,-1,,,Noise
20,3.8659973,-88.49841,,-1,,,Noise
20,176.2702,-107.88966,,-1,,,Noise
20,126.23648,-67.95589,,-1,,,Noise
20,146.48077,-179.35454,,-1,,,Noise
20,-173.79962,4.1090546,,-1,,,Noise
20,45.34561,143.62915,,-1,,,Noise
20,-126.270615,90.4538,,-1,,,Noise
20,98.036804,-134.84138,,-1,,,Noise
20,50.825256,-161.55392,,-1,,,Noise
20,-147.12907,-108.03542,,-1,,,Noise
20,-136.88794,168.24835,,-1,,,Noise
20,-96.08788,159.05621,,-1,,,Noise
20,21.84253,-55.540405,,-1,,,Noise
20,164.79596,-55.50329,,-1,,,Noise
20,28.843033,136.35818,,-1,,,Noise
20,-53.256744,-101.57757,,-1,,,Noise
20,94.41632,44.104843,,-1,,,Noise
20,65.876526,-163.17905,,-1,,,Noise
20,59.4655,-107.84862,,-1,,,Noise
20,164.88211,121.9487,,-1,,,Noise
20,113.43918,-14.327164,,-1,,,Noise
20,48.989807,113.66873,,-1,,,Noise
20,-17.74968,-62.297424,,-1,,,Noise
20,33.425446,119.47708,,-1,,,Noise
20,178.06451,80.37869,,-1,,,Noise
20,-131.22614,127.852234,,-1,,,Noise
20,-25.364426,67.69525,,-1,,,Noise
20,-51.92105,-124.76358,,-1,,,Noise
20,-4.867935,-21.250824,,-1,,,Noise
20,130.07458,-101.239365,,-1,,,Noise
20,87.55176,-136.36644,,-1,,,Noise
20,-9.316925,-143.13068,,-1,,,Noise
20,-102.44522,163.05936,,-1,,,Noise
20,-108.02695,147.93976,,-1,,,Noise
20,-159.33871,-33.463806,,-1,,,Noise
20,-99.16193,105.764496,,-1,,,Noise
20,143.61356,89.14972,,-1,,,Noise
20,56.450302,75.18849,,-1,,,Noise
20,-82.74272,-136.96376,,-1,,,Noise
20,-148.57272,-91.45264,,-1,,,Noise
20,46.05542,168.35437,,-1,,,Noise
20,-125.83795,-141.77657,,-1,,,Noise
20,-13.507034,82.85281,,-1,,,Noise
20,113.817566,149.71704,,-1,,,Noise
20,95.72226,-144.27632,,-1,,,Noise
20,-133.89049,18.188614,,-1,,,Noise
20,-89.60186,126.509155,,-1,,,Noise
20,-149.1666,-135.67737,,-1,,,Noise
20,9.700562,42.227478,,-1,,,Noise
20,-118.16999,148.14166,,-1,,,Noise
20,46.094986,-149.1288,,-1,,,Noise
20,-164.79607,-152.69812,,-1,,,Noise
20,142.12296,69.223785,,-1,,,Noise
20,141.95111,-100.48996,,-1,,,Noise
20,-72.47431,-52.491592,,-1,,,Noise
20,162.1322,67.60956,,-1,,,Noise
20,-13.905197,52.133698,,-1,,,Noise
20,116.05423,-74.196396,,-1,,,Noise
20,-150.95364,-154.97539,,-1,,,Noise
20,-41.724625,-171.08241,,-1,,,Noise
20,-91.97265,-157.83374,,-1,,,Noise
20,-15.568253,40.168945,,-1,,,Noise
20,-122.77329,-168.94714,,-1,,,Noise
20,10.396545,111.71716,,-1,,,Noise
20,-2.6411133,-17.033966,,-1,,,Noise
20,-106.85118,-101.713196,,-1,,,Noise
20,21.49144,105.63916,,-1,,,Noise
20,-139.56047,-24.490189,,-1,,,Noise
20,-19.246979,-45.17978,,-1,,,Noise
20,-89.28656,93.387665,,-1,,,Noise
20,-172.94234,113.43506,,-1,,,Noise
20,-38.726288,-179.79356,,-1,,,Noise
20,-73.893074,-127.875725,,-1,,,Noise
20,35.448044,10.116852,,-1,,,Noise
20,128.14722,-26.704575,,-1,,,Noise
20,-176.74257,-50.929367,,-1,,,Noise
20,102.87244,18.187515,,-1,,,Noise
20,164.33209,51.35367,,-1,,,Noise
20,29.89148,-52.473206,,-1,,,Noise
20,-168.75429,-15.041641,,-1,,,Noise
20,134.52863,177.92627,,-1,,,Noise
20,-120.71089,161.0,,-1,,,Noise
20,-0.21035767,-31.525177,,-1,,,Noise
20,-2.29245,3.693344,,-1,,,Noise
20,-93.148254,65.063354,,-1,,,Noise
20,43.382904,167.06427,,-1,,,Noise
20,-173.254,-65.92697,,-1,,,Noise
20,165.85547,2.2695465,,-1,,,Noise
20,82.77716,-131.45557,,-1,,,Noise
20,136.8642,167.59436,,-1,,,Noise
20,153.58173,170.8675,,-1,,,Noise
20,175.0603,-99.46184,,-1,,,Noise
20,148.70877,-109.35791,,-1,,,Noise
20,62.12697,-41.59546,,-1,,,Noise
20,-165.47469,-137.09071,,-1,,,Noise
20,120.47266,-10.363602,,-1,,,Noise
20,-40.15741,24.463608,,-1,,,Noise
20,7.3593903,66.50008,,-1,,,Noise
20,118.65048,66.04227,,-1,,,Noise
20,145.18896,43.53969,,-1,,,Noise
20,111.77304,-111.157,,-1,,,Noise
20,106.67752,-65.00246,,-1,,,Noise
20,164.52167,143.16739,,-1,,,Noise
20,103.32269,-121.584724,,-1,,,Noise
20,109.97763,-159.05267,,-1,,,Noise
20,75.98364,-138.04527,,-1,,,Noise
20,-86.8611,159.91101,,-1,,,Noise
20,13.449081,-66.055954,,-1,,,Noise
