Iter,Phi,Psi
0,-17.25708,1.4076996
0,-65.094185,73.69818
0,9.515152,-146.02925
0,-90.31713,120.85828
0,-0.41700745,-161.26547
0,112.37659,103.32703
0,-156.55316,-119.132996
0,-164.02028,145.49768
0,166.92535,161.29922
0,35.180542,-164.0884
0,106.02042,-148.08568
0,11.272079,-28.91333
0,-164.99739,-168.4094
0,111.137054,-133.34521
0,105.22363,-159.70767
0,-52.0007,60.35318
0,105.008514,-155.16881
0,-153.30397,-51.542038
0,-29.930664,-125.97505
0,50.120575,-45.41693
0,-67.19952,26.347626
0,3.3026123,-158.58443
0,9.656555,145.71399
0,-19.936523,18.73114
0,68.263824,-115.07557
0,-46.93306,66.4812
0,0.049331665,-141.57077
0,-140.82458,14.089264
0,47.973022,-155.3349
0,-135.06131,171.24573
0,-72.328735,143.12592
0,-66.21167,-162.68556
0,38.978165,60.314774
0,98.62518,135.85541
0,108.3689,-10.580414
0,1.3065491,44.733475
0,36.423767,-53.757767
0,-98.66751,126.75433
0,-72.97463,123.32318
0,106.36441,-76.42726
0,33.883423,147.27359
0,-23.173798,-124.698685
0,-134.30573,48.454865
0,159.89862,157.03735
0,-42.866974,14.9717865
0,-15.602936,129.31781
0,-79.46225,123.0766
0,-147.16988,-168.21657
0,104.51221,178.25934
0,-76.72092,110.05426
0,20.965347,140.83447
0,-27.0253,109.159515
0,85.18475,-108.82252
0,-37.09619,147.4975
0,-10.915054,-168.38109
0,109.8866,-129.91687
0,-42.525482,134.37543
0,-43.47574,-111.35038
0,153.78668,-42.10141
0,-94.30243,-169.56628
0,130.13016,139.17456
0,-61.500366,-168.45726
0,-175.5604,72.8858
0,-179.13077,146.12878
0,-116.53635,172.06552
0,-57.80327,112.9209
0,-24.163437,171.98425
0,138.74051,-7.127243
0,12.697128,-43.119843
0,140.57544,-116.98375
0,162.61584,-175.31232
0,-15.941681,5.0058136
0,-144.91847,-137.77544
0,-138.98701,63.55333
0,-75.914055,110.32202
0,84.612,-110.4656
0,31.27211,178.56339
0,-65.465004,170.7109
0,53.846313,-144.29347
0,-32.8273,99.63974
0,17.930298,-162.1428
0,-64.20328,-168.3907
0,43.884277,178.32669
0,9.680542,-175.42297
0,-102.08288,160.00186
0,18.315155,133.375
0,46.545532,-104.205765
0,47.449768,-160.98557
0,147.18585,-104.445984
0,-3.0270996,-163.44757
0,-4.319916,176.75024
0,-40.0932,163.5957
0,154.75378,-147.85991
0,-47.869568,82.08826
0,63.228973,-163.17444
0,-64.79118,80.19763
0,133.1128,-125.86955
0,-76.87784,157.19681
0,-2.642624,-35.378723
0,18.95604,-179.51477
0,49.9971,-85.34774
0,149.35715,23.923645
0,116.114044,-76.12023
0,90.26224,-141.72644
0,-104.29279,126.698944
0,-171.1222,-77.14388
0,-96.00332,-165.7215
0,-98.28164,144.86469
0,-12.035965,-162.81415
0,-71.43793,105.480865
0,10.583145,-154.16849
0,131.03674,-107.809425
0,32.095276,-157.67484
0,-171.43192,130.60638
0,97.27429,-162.07362
0,-113.16312,91.47632
0,-114.74902,72.4794
0,-31.333527,147.36896
0,-13.17955,151.1806
0,112.91104,136.76276
0,24.429276,-134.85364
0,158.77917,144.42023
0,6.574295,169.82483
0,-76.47667,167.84811
0,82.25101,36.83075
0,-47.07158,92.17737
0,119.45361,-177.7474
0,-96.403114,146.88773
0,-5.7609253,-166.04942
0,-144.8142,-175.42978
0,-146.80887,48.65332
0,76.20868,-135.76567
0,-26.436188,-175.43475
0,169.98679,126.687836
0,-42.17137,113.05658
0,-32.77542,83.05737
0,-117.01472,-166.98605
0,-138.36562,-178.08017
0,-163.0097,-8.7948
0,24.363525,-154.68488
0,112.30075,-176.2959
0,55.62271,-131.73917
0,119.54114,-139.62274
0,107.84802,-169.74983
0,-114.52521,-105.68466
0,-169.29562,-102.35824
0,-103.16569,94.51996
0,169.5769,-160.95023
0,128.26138,-62.47577
0,-104.02811,173.969
0,-87.85469,-178.61064
0,-155.95142,-156.20923
0,9.190887,122.260254
0,-61.77925,171.7143
0,115.95044,-36.08667
0,-9.194275,177.039
0,166.88983,-23.848862
0,-152.05731,37.82321
0,-126.7455,-133.1617
0,-27.120514,-130.93071
0,139.50604,-159.09338
0,-42.799652,168.95795
0,132.37839,-29.656067
0,-117.44362,169.06735
0,-76.630714,103.96768
0,147.85757,56.746613
0,35.391647,-68.149704
0,-67.77966,99.911865
0,-152.48628,42.018463
0,-96.25729,148.37671
0,118.680115,175.89398
0,-148.69107,74.3638
0,-155.85017,-29.647934
0,36.43164,-140.31119
0,-19.632263,165.73096
0,81.58954,-130.33199
0,-74.99263,118.55069
0,-134.19202,-16.16446
0,82.05029,118.96033
0,-155.24515,62.956467
0,87.62869,135.2088
0,-108.278015,93.28793
0,-114.161606,144.40985
0,-79.34255,176.0149
0,-36.189667,163.19354
0,128.92523,-175.31673
0,44.20755,122.21533
0,-53.137543,154.41486
0,-2.3339386,-176.17064
0,70.52617,-64.451866
0,55.99315,-48.617615
0,-121.46261,-176.51617
0,-19.603577,176.38913
0,173.22552,-155.61285
0,-20.920654,145.62881
0,158.78998,173.5506
0,21.624039,-174.66895
0,160.47586,-37.66211
0,-39.962143,126.60745
0,-1.8537598,-167.82828
0,79.06387,-164.5769
0,82.244385,-73.908005
0,165.45972,78.14642
0,-91.093636,147.84274
0,164.06543,138.57306
0,-140.85909,76.45917
0,-176.33237,-168.58615
0,153.23724,-56.567497
0,-3.931717,177.27219
0,167.172,-41.13414
0,154.90189,-145.19604
0,15.743057,-136.93124
0,85.924194,-178.33301
0,-156.52026,-164.37193
0,-10.489227,175.61072
0,-112.41003,136.6416
0,50.94171,-129.47467
0,-46.072235,152.81708
0,77.213806,-166.7824
0,168.80591,6.245758
0,-14.351227,148.79913
0,-12.160553,-167.1048
0,-40.46971,0.25794983
0,50.867767,-113.250084
0,-19.050064,178.09836
0,-96.56397,-6.7261353
0,-38.257263,121.28162
0,-40.330627,-162.8666
0,-24.130768,116.11496
0,-37.11946,120.649475
0,156.56927,151.08554
0,23.06604,-178.83817
0,167.57373,-138.6506
0,130.22632,178.5163
0,5.5795135,-164.91812
0,-63.500153,102.901306
0,-155.19066,86.432465
0,113.61246,-174.17198
0,-101.2164,121.54932
0,177.99121,-16.571976
0,4.2925873,158.28455
0,-119.48367,134.27826
0,157.8941,-69.1949
0,179.77924,-122.66692
0,51.761826,-98.34896
0,70.73927,-114.705086
0,-87.967964,64.48721
0,-95.76794,153.81366
0,179.9856,162.36899
0,-113.57741,-108.30797
0,-148.75935,-54.64634
0,33.822113,-69.304115
0,-117.84418,139.42407
0,-93.41656,-158.67966
0,-14.112686,168.11871
0,-82.40564,176.00421
0,-134.37363,171.99567
0,-116.527855,160.139
0,123.72031,-42.525192
0,72.999405,-57.592308
0,145.34967,-169.50586
0,107.380035,-158.43028
0,-127.68433,117.36435
0,75.95758,43.12651
0,33.577774,-116.18561
0,56.825027,-171.58287
0,-82.891045,126.21588
0,-165.50612,171.36575
0,-25.70729,-158.52579
0,3.3789673,-130.5602
0,111.156525,-123.82196
0,47.621414,-137.15205
0,-36.39789,106.27045
0,178.33716,-23.194824
0,152.60553,-157.81497
0,-173.50189,33.030273
0,55.399582,156.57135
0,57.375046,-95.52611
0,22.508362,145.8519
0,179.79578,165.77191
0,126.9245,144.29474
0,-101.162476,54.213867
0,68.62665,-138.47948
0,-19.72905,-164.9333
0,44.50354,-172.11717
0,-90.900826,-153.44832
0,-138.47972,-1.3573303
0,-15.091568,-173.3859
0,29.261215,-105.934326
0,-136.69672,71.17236
0,-69.60818,123.15231
0,135.82535,-149.5499
0,-123.90206,154.03064
0,99.34372,-144.6091
0,-102.47953,137.09024
0,171.54523,125.77719
0,116.39642,136.409
0,-35.297577,129.02533
0,-13.600922,167.62738
0,-16.920181,-179.75813
0,-156.78079,85.36401
0,75.89856,-144.31235
0,-120.84997,98.97293
0,170.2937,148.38751
0,47.326645,126.92346
0,-163.5784,162.538
0,143.32831,-43.74057
0,24.154861,-139.982
0,-85.17621,100.385925
0,114.02106,-114.88147
0,-14.766266,154.13123
0,133.00415,-13.443985
0,71.90765,-148.77467
0,-4.761444,-100.76289
0,100.098724,-54.318756
0,32.121613,136.93732
0,-71.567,-110.15404
0,68.956024,-103.11423
0,60.375748,-119.43053
0,-37.78949,163.8833
0,29.983673,165.99985
0,-62.125366,43.97043
0,-68.06953,114.404175
0,0.6259155,-57.910507
0,43.076416,-137.81906
0,149.33911,164.54614
0,-120.61399,168.22382
0,38.111313,-111.70217
0,-0.34613037,44.828293
0,22.455246,141.52258
0,13.22525,159.48584
0,44.788406,-115.92716
0,80.10272,-125.71106
0,80.31409,-4.6727295
0,92.636566,-118.72472
0,177.1615,167.18979
0,-100.9159,125.80109
0,-82.82182,143.5423
0,-20.328278,160.30276
0,-13.358887,-175.46309
0,65.20291,51.605133
0,-13.505646,166.15137
0,-93.530014,155.05237
0,-88.24237,104.60892
0,-17.480453,135.40298
0,-20.242065,-69.50896
0,119.272156,148.33429
0,-37.280228,-147.934
0,-9.567734,103.906555
0,109.774445,147.52966
0,-139.50612,179.6206
0,-69.8891,54.241592
0,37.004456,149.79102
0,-116.80187,80.96405
0,-114.186325,77.33115
0,163.44064,-41.263367
0,101.93298,-139.84677
0,0.02305603,-157.20784
0,32.307495,-20.419846
0,-18.381454,144.49677
0,97.81442,178.54337
0,-132.13272,122.61807
0,13.646561,174.98572
0,-5.504532,165.73187
0,24.340347,179.23535
0,-63.605522,-18.34578
0,10.444397,139.4844
0,-149.59003,-103.46154
0,-177.0065,174.19165
0,-113.210464,88.38028
0,16.967545,-141.56516
0,-0.8842621,-178.0761
0,-96.9436,75.57562
0,-90.633514,133.30048
0,173.85944,-164.4557
0,-8.3785095,-168.6893
0,-146.70317,149.10443
0,172.16547,-3.431656
0,53.504883,17.47725
0,-154.33435,161.20871
0,13.272507,166.5788
0,107.61029,171.24939
0,128.7547,-155.53593
0,16.243011,-175.09526
0,103.30371,-131.9629
0,-40.16725,128.3393
0,17.771149,86.723236
0,167.81622,-47.794327
0,-49.89798,72.336426
0,109.573425,109.113556
0,-90.37219,113.81012
0,-80.70856,110.39624
0,143.73315,-143.69664
0,-44.868774,-179.10648
0,156.55853,166.61969
0,84.25311,-105.46066
0,82.19864,-114.93174
0,-146.58983,87.315765
0,112.1568,-3.4658966
0,116.12329,-115.57456
0,32.92218,86.52161
0,-164.35779,-12.503952
0,-8.9142,-51.115845
0,-56.511116,-154.69295
0,-110.50788,-145.90688
0,-129.46097,106.25525
0,-35.725662,-172.88785
0,-57.395035,152.7048
0,-23.466843,17.590546
0,-26.418137,-102.564705
0,152.36697,163.85062
0,-50.904083,-151.15524
0,164.84601,175.7875
0,-68.88205,-171.58173
0,53.9765,20.703674
0,-147.99745,-138.10323
0,-14.30545,-161.63097
0,1.2931519,34.141174
0,-64.615364,112.684845
0,-138.41934,171.27441
0,-50.08348,130.19528
0,-18.303955,-102.03617
0,75.530334,159.935
0,-119.792046,142.15167
0,-161.38806,-35.068176
0,31.277924,-96.75458
0,34.944595,161.78009
0,-55.235786,-100.060196
0,-146.59097,-157.1235
0,-81.08045,98.99457
0,138.00742,-30.587189
0,-144.37883,154.78882
0,-26.1279,-173.9626
0,155.18762,166.12311
0,81.924255,171.4118
0,40.345337,-147.20256
0,21.792145,-147.87737
0,-160.6551,-72.87106
0,25.184204,169.97858
0,-24.118332,6.162857
0,45.87445,-170.26686
0,-136.07536,178.39105
0,76.17929,156.17328
0,-171.41199,53.6131
0,17.836945,169.45273
0,-154.46724,-154.36446
0,169.84409,166.42499
0,2.9624023,-178.24873
0,84.61386,-132.33154
0,-15.084137,-112.03262
0,45.625595,-145.2716
0,-1.0264893,155.82697
0,-157.03912,-156.18723
0,90.0845,-163.92726
0,-96.183266,60.456573
0,-6.911331,170.46216
0,87.00824,-164.81306
0,-2.1155853,129.47198
0,146.78046,143.31696
0,4.4841614,-161.57434
0,-147.19424,165.1932
0,169.98566,-16.788315
0,5.577408,177.46426
0,-83.04715,83.06305
0,158.53046,-36.663803
0,-140.97261,-56.098007
0,-28.000671,137.41684
0,45.02574,30.772324
0,-10.3302765,155.36823
0,-13.769089,106.16724
0,58.296677,-31.804535
0,-18.452515,175.8006
0,-82.784515,65.58771
0,-115.36979,-125.9193
0,-157.18776,-32.34619
0,141.33713,-136.92853
0,178.82922,-110.841034
0,178.15521,125.38965
0,-4.9306793,-171.63805
0,-31.196426,128.61444
0,-47.882935,-149.22217
0,-167.8361,-49.333664
0,150.28827,-158.37497
0,-153.70381,51.982986
0,89.816986,176.98004
0,178.36188,119.21417
0,-125.03456,174.15887
0,-100.5437,164.60077
0,-23.777588,-144.25827
0,-52.856606,165.23566
0,56.52559,-160.41214
0,137.26111,-69.5324
0,-17.57103,42.456818
0,-140.16943,-120.151215
0,-29.513046,-47.367966
0,124.109406,141.30139
0,-7.178894,134.95181
0,13.705383,-80.82759
0,70.96915,-172.81284
0,-10.547867,-170.33614
0,-71.13945,82.09894
0,172.23907,110.74774
0,-115.65857,145.94583
0,108.36182,-87.505936
0,-13.541489,130.80136
0,32.888367,140.00378
0,23.22583,-171.39792
0,151.40198,-83.75831
0,62.897186,168.79303
0,179.05911,154.00299
0,38.80092,-73.22231
0,7.6414948,-137.96638
0,-124.99597,60.85457
0,91.31601,158.11487
0,-64.359184,69.97174
0,108.967316,-135.65317
0,115.77832,-53.06794
0,171.67664,119.2146
0,124.472534,-84.25019
0,-50.39473,131.0993
0,-177.85474,-158.30626
0,-161.00049,-172.03415
0,-103.22035,-154.12433
0,106.48517,-138.1916
0,-118.84449,148.49445
0,-44.945694,146.67136
0,129.57361,-140.40004
0,-9.256302,150.98523
0,-158.23097,145.23807
0,160.53162,-141.7765
0,116.09067,-157.04175
0,-61.324585,-107.78114
0,-80.79893,-144.90016
0,63.846222,-173.3263
0,25.191956,151.2525
0,-94.28509,103.520874
0,159.15536,66.93265
0,66.33984,-115.5935
0,-131.6548,179.42572
0,151.66797,-157.56041
0,127.2623,-164.77058
0,44.393982,-142.79704
0,-33.431442,34.636276
0,100.14447,-91.36098
0,158.30066,-163.6305
0,8.831299,176.65128
0,-39.76912,99.23175
0,41.805313,142.91418
0,155.63336,30.495895
0,0.045059204,89.0282
0,155.28946,177.15063
0,-168.91266,58.63118
0,145.7067,165.85889
0,8.310638,-165.85358
0,-78.947296,91.32855
0,32.919678,-174.2082
0,-6.0755005,-48.816483
0,10.519104,-138.67809
0,-54.523026,138.47629
0,-162.92142,168.81946
0,172.98474,-174.93405
0,-11.154007,173.82578
0,-52.061844,-138.93785
0,-111.12616,-166.57056
0,-18.794739,149.07208
0,32.202347,179.39178
0,153.89917,-29.147736
0,-171.42393,161.94537
0,126.009766,144.53693
0,-107.558205,-147.87561
0,-13.063385,-17.63649
0,-108.33815,63.369568
0,-26.607666,88.18686
0,9.306534,-171.25484
0,-42.4115,149.10376
0,-25.335587,-77.11226
0,96.600464,-135.74358
0,31.118149,-135.78264
0,158.19574,80.39932
0,-176.86714,-116.76202
0,-102.76572,-119.62657
0,-74.15329,46.15732
0,140.49152,-134.71953
0,165.068,-108.97002
0,-146.54659,-164.85867
0,-129.17822,176.13754
0,129.90771,-62.71817
0,178.14078,87.32333
0,10.583557,108.58896
0,-69.29244,128.15125
0,-104.067215,138.22531
0,52.631516,-135.78154
0,-97.01849,104.7695
0,-168.27246,-152.04172
0,39.571304,133.86566
0,11.296677,-142.19731
0,159.09033,37.071335
0,-60.513107,151.29459
0,58.81868,-32.398514
0,-16.649704,177.92557
0,-170.4808,-148.62663
0,25.837158,171.17169
0,61.17473,-68.28789
0,-58.2957,128.06888
0,110.02994,-82.2524
0,-106.21158,52.73416
0,63.691116,173.58636
0,-23.8665,24.807053
0,175.5936,120.06799
0,13.403229,166.67395
0,-133.3417,-149.64769
0,-133.56177,-157.38155
0,-92.16817,115.69641
0,-147.2169,123.621155
0,-37.85176,27.923325
0,21.548538,-24.67369
0,131.31042,-158.2359
0,-165.80243,147.21948
0,93.67737,-62.004196
0,-150.7024,56.458954
0,-147.70717,16.415161
0,177.46027,172.5184
0,-11.886566,-10.417084
0,-27.695633,-165.30772
0,132.39038,-106.292625
0,105.697296,-71.05328
0,29.05803,-153.9693
0,-155.48831,-167.84009
0,56.869995,-145.88611
0,70.67136,-32.89032
0,-8.634262,21.485718
0,78.4494,-130.47176
0,-39.981934,-123.21211
0,-8.186295,125.05148
0,-79.41219,179.76929
0,104.283875,-104.82618
0,-22.644089,25.82698
0,160.15247,172.51208
0,125.61194,75.47934
0,149.13348,-119.764984
0,-148.71016,83.01486
0,15.172897,-151.9198
0,16.717041,-53.449394
0,126.68738,-62.7099
0,75.109955,-126.37959
0,-35.78676,166.60983
0,-28.224396,-165.6846
0,170.49121,-80.16905
0,152.21286,131.00052
0,-121.84787,150.05942
0,-39.5067,-11.763031
0,-116.65179,82.69922
0,7.0321503,26.187958
0,-141.65834,31.4572
0,-172.96721,153.08997
0,-60.141403,172.97717
0,-18.081528,-89.32964
0,-42.0383,-106.97461
0,4.108429,127.091125
0,-161.75494,169.62234
0,-49.45044,93.375885
0,-6.8087463,140.46295
0,-35.723526,62.25412
0,119.647125,164.48102
0,47.15544,118.37848
0,-176.47707,114.79129
0,-66.448166,175.75311
0,87.158875,-67.37194
0,1.5487671,43.34973
0,76.59454,-106.81249
0,67.43204,-33.0477
0,35.140427,93.74719
0,-172.10944,164.17627
0,1.8873901,177.3982
0,-77.1817,152.52759
0,172.30408,-31.703949
0,-18.651276,162.8696
0,35.789886,-145.89516
0,177.9671,41.844482
0,20.284561,-49.207016
0,-32.42827,178.64282
0,18.94487,-151.77177
0,-25.850098,134.16461
0,-95.361115,170.00308
0,112.8432,162.58588
0,-90.681984,81.810425
0,4.578583,59.652634
0,128.27759,-161.40948
0,66.36861,129.41284
0,54.50792,-125.43863
0,-119.31393,-170.87206
0,-134.32393,68.9035
0,2.849228,161.58191
0,-66.87924,-75.06414
0,71.228745,139.11859
0,147.93079,114.66879
0,-71.630516,-96.78919
0,85.25476,-105.469734
0,16.464859,148.08765
0,-65.669716,136.09177
0,-175.64827,66.81033
0,-130.42798,14.571747
0,-83.348976,123.28766
0,44.922043,68.01387
0,164.47684,175.45288
0,172.23544,73.20329
0,30.132263,-148.5842
0,79.471466,-83.695526
0,90.507385,-106.81819
0,-141.44696,120.52591
0,150.22653,-16.518555
0,-13.369675,129.76901
0,-85.51385,-80.45382
0,-153.84631,-90.83641
0,-88.40206,92.13464
0,-177.68575,-6.5417175
0,-87.26435,149.43481
0,31.01921,-62.583862
0,80.75989,164.60632
0,113.05414,97.9613
0,-154.71321,31.528503
0,-35.9234,116.69791
0,-143.02602,154.49896
0,131.97162,-173.62114
0,3.8441925,-72.2388
0,140.31299,14.432739
0,-150.18912,164.12744
0,87.497986,-45.283142
0,-58.53981,-60.465744
0,-178.49602,177.97882
0,-79.17913,-155.96617
0,110.4574,-20.726105
0,66.39502,177.27185
0,81.8425,131.13812
0,66.80762,-59.14412
0,165.46274,-160.06523
0,-149.04367,-162.63968
0,172.60416,-167.99275
0,6.649719,-27.720871
0,-30.317734,131.99493
0,135.4831,-134.84512
0,12.296539,-108.03021
0,-112.058464,-139.97386
0,39.56221,136.37961
0,-80.6597,123.67688
0,-68.9494,128.23419
0,-25.822739,133.0025
0,115.0484,141.51257
0,-98.09861,-61.749634
0,-28.541504,69.34073
0,-108.30377,166.12903
0,40.464508,173.5744
0,-144.97334,168.97278
0,-87.05154,172.19135
0,158.08429,179.47076
0,-164.1906,147.44836
0,-144.69759,139.90942
0,83.88464,6.300415
0,-170.59152,59.51857
0,-5.986557,-153.30766
0,152.24872,150.724
0,-96.740005,103.72745
0,-87.437744,88.20065
0,-100.40056,124.88989
0,-6.0733337,156.02155
0,-146.1501,125.621735
0,158.46277,18.398346
0,6.3582306,-146.90683
0,86.70352,-105.03885
0,37.36081,120.789276
0,35.00511,-118.80619
0,111.293884,-178.26535
0,-149.36517,-171.49574
0,-31.825592,-172.71135
0,131.29926,-110.14598
0,-157.15157,173.31049
0,-43.947052,132.96448
0,-161.61346,-149.09387
0,-43.799026,121.20172
0,-124.40597,43.665253
0,58.13095,-139.7328
0,50.153046,121.919556
0,-0.58158875,173.87604
0,1.4384918,-109.00488
0,45.30063,-108.92793
0,-176.70906,-123.86602
0,115.082275,-166.6675
0,-73.061195,21.620453
0,151.09088,134.00623
0,149.42361,-23.953903
0,177.5874,95.378296
0,-175.43172,163.39792
0,172.54742,173.45984
0,9.616318,-24.145233
0,-35.702347,170.18158
0,-136.17598,55.99295
0,-30.816742,33.677658
0,-122.006935,139.35602
0,63.94702,-60.111122
0,-171.17363,-160.80954
0,-29.0654,157.76648
0,-87.55357,175.82263
0,165.5664,-9.342102
0,7.241745,-176.04286
0,4.0810547,-153.52173
0,148.07944,1.3763733
0,69.767105,88.527435
0,92.938446,-123.817635
0,-88.39555,-130.62741
0,-10.807251,15.393082
0,-30.088364,-98.026794
0,168.77655,142.62885
0,-81.554565,166.09747
0,121.630005,-172.40182
0,-65.991066,135.94568
0,155.94705,151.64786
0,-58.330963,123.43268
0,41.173996,-117.71246
0,-113.57672,136.6499
0,-134.5738,130.32333
0,-145.81227,-9.48616
0,174.39423,-123.25164
0,31.772507,-32.31952
0,0.8216553,-131.01172
0,58.44226,-49.516373
0,-65.13141,108.328186
0,-48.4012,142.95288
0,-124.57363,-164.65742
0,12.072037,157.32483
0,-176.57143,30.008957
0,-29.530243,149.02802
0,24.720367,147.37308
0,-19.666107,174.29596
0,162.4061,-71.23806
0,124.950134,-157.0371
0,171.14911,-150.88176
0,-38.311188,103.109344
0,-39.650375,95.30267
0,109.97797,163.13245
0,12.90036,-159.65822
0,98.00745,-51.545105
0,-148.09,172.5509
0,42.067078,-159.88017
0,170.47437,-178.3631
0,155.83737,-172.65408
0,-109.37544,92.40076
0,-49.496643,152.29626
0,-113.398056,94.35751
0,-47.10823,88.38794
0,-88.52451,134.25772
0,-27.276566,-120.656425
0,-147.94975,35.729065
0,74.89058,-164.66545
0,5.4803925,-157.73409
0,168.87311,139.29715
0,-157.82628,159.8255
0,15.095993,-85.16739
0,-127.29072,166.11334
0,61.792953,-143.6538
0,165.34589,145.30338
0,165.92328,-174.29094
0,-15.369476,179.37564
0,51.37149,-125.41254
0,-124.8754,137.56992
0,16.252548,-174.6772
0,-139.44531,-154.19748
0,-11.11377,-168.13501
0,-79.98054,124.2962
0,169.2214,-31.38675
0,101.7684,154.64828
0,-19.445526,-167.03107
0,-33.029633,-144.71031
0,140.86597,161.55896
0,-40.09941,2.8064423
0,141.70325,-178.97737
0,99.45477,148.99548
0,176.87402,-158.23746
0,-8.256714,173.44183
0,-126.18024,1.439209
0,-170.65575,-162.56795
0,148.3808,-174.61475
0,133.15598,-34.439682
0,106.5014,104.29852
0,171.69614,169.78497
0,114.941284,-129.83116
0,-50.821884,63.134033
0,134.05457,-120.690125
0,21.231323,-50.579865
0,179.2355,-35.12613
0,-3.6967926,62.27919
0,106.76285,144.89694
0,-40.42105,-176.76143
0,-33.774002,76.21417
0,47.33908,-142.75797
0,104.73953,-158.96002
0,-12.407776,-110.03697
0,54.410095,-18.668411
0,-32.383865,139.96588
0,61.818054,171.95416
0,29.483719,-81.6942
0,-168.38513,-50.885376
0,45.94301,-121.499596
0,-3.11615,139.96191
0,116.590515,-106.79042
0,-157.37262,168.20343
0,67.73544,151.61346
0,-59.85102,122.539825
0,-74.66931,140.15277
0,5.0416107,-16.414413
0,5.6995697,101.90698
0,39.143036,83.3085
0,-50.855072,-155.85483
0,156.18384,177.30243
0,-13.552673,170.47433
0,-143.51492,60.638626
0,-120.44351,-118.07445
0,97.11542,-136.67845
0,4.6845245,178.8258
0,60.973465,65.097275
0,-49.80667,158.38919
0,-74.4188,154.52283
0,-0.31788635,-14.00444
0,-150.27763,-69.86533
0,-109.63696,123.59863
0,98.82953,-106.30619
0,-65.075264,69.94595
0,25.395721,-93.58105
0,-77.49125,157.3226
0,171.08649,24.745453
0,125.26517,-155.18448
0,-127.108894,131.2013
0,-72.517914,114.88092
0,-4.363907,-139.05618
0,30.05716,-77.638626
0,-76.49613,101.263245
0,5.9439697,-174.21925
0,-138.20096,-163.53358
0,89.896545,-52.423447
0,40.872864,163.60928
0,136.93091,-40.903152
0,-178.93446,172.63959
0,-30.17894,26.315979
0,158.46945,166.55542
0,149.28677,-174.70569
0,-14.596466,104.588135
0,59.835587,-33.26921
0,-25.932861,140.63266
0,-22.076065,170.30106
0,95.49017,-138.44478
0,148.88794,-178.65471
0,15.529755,-57.21968
0,-31.361954,101.145325
0,41.105347,4.6293945
0,116.84766,-114.0132
0,-132.67204,-176.45396
0,-21.261963,158.25427
0,102.796326,-129.95775
0,-34.87143,107.14694
0,63.159363,-94.59039
0,96.37259,-139.4755
0,144.39233,-43.292725
0,12.951035,178.73889
0,92.76846,150.49979
0,-153.8753,-156.14912
0,-113.19605,174.39606
0,14.616211,-177.58855
0,15.343399,163.58936
0,-41.49521,-173.54509
0,15.533371,133.89478
0,-39.319168,78.24713
0,170.51859,174.2489
0,23.581085,-124.29369
0,122.96127,132.50085
0,-160.89565,168.78418
0,64.16843,-92.141624
0,-13.283188,-30.537949
0,88.27432,-176.84721
0,28.934372,-98.67699
0,-42.149597,-109.70985
0,111.52484,47.372757
0,-154.12024,-164.36833
0,84.36615,-122.8014
0,-165.1582,-168.73395
0,161.38397,-165.94426
0,127.63483,165.08725
0,112.00375,-128.1954
0,-73.60825,128.16803
0,-144.88538,169.16422
0,170.8082,177.21149
0,-62.546165,42.651794
0,-165.80289,120.816895
0,-33.559433,-23.956177
0,-57.59684,104.87729
0,9.224075,-165.33884
0,-142.60721,153.91232
0,17.946,-143.85413
0,142.84363,97.41931
0,25.960083,137.61255
0,-170.40356,164.09253
0,-116.561516,109.31348
5,160.26682,-173.13823
5,-12.517502,158.20178
5,-86.88768,98.63403
5,-166.60764,177.94452
5,46.54146,-165.22069
5,2.878006,-9.1310425
5,79.245605,-178.12549
5,118.12863,-115.10052
5,-179.87744,-0.64138794
5,-25.53682,137.78824
5,32.100388,-114.80424
5,112.22839,-132.03107
5,-33.03241,-167.03429
5,71.38272,-5.789322
5,-36.797546,63.509613
5,16.819061,156.92004
5,-43.27281,89.75696
5,-49.735275,11.301376
5,-5.4085693,179.09534
5,99.3302,-167.8328
5,103.20465,-156.75443
5,41.575928,106.05344
5,-102.218956,111.12955
5,-146.1224,-124.23731
5,111.753235,167.33664
5,-44.422943,123.723175
5,-117.85329,-43.59453
5,31.234634,-28.89392
5,1.6684723,173.56079
5,-100.54437,179.34167
5,-6.6995697,-173.15472
5,-116.299835,20.967712
5,-108.14273,79.47229
5,21.504517,152.92004
5,61.529434,163.64832
5,-86.07906,-179.85829
5,-148.33127,7.2561646
5,-49.76671,133.232
5,37.60846,-163.1072
5,70.95792,-142.42447
5,13.465652,-176.70206
5,-109.595215,-132.04008
5,-0.018951416,-160.58807
5,176.60947,-132.21126
5,-75.09395,-46.591675
5,161.29803,165.89932
5,-1.7858734,151.34744
5,40.421036,60.522552
5,73.15839,-108.63128
5,164.87305,27.745728
5,-26.945145,173.56207
5,68.93422,-23.901642
5,-16.755112,-143.01375
5,-125.65766,-159.66391
5,86.90448,64.5892
5,-37.435486,-146.48685
5,-28.557114,173.54303
5,93.936584,-152.15944
5,56.743652,-95.1386
5,98.111664,110.39139
5,-126.29223,162.9212
5,-71.25306,-144.95146
5,-96.159645,56.342438
5,-103.281715,122.83212
5,47.35077,118.534
5,166.41632,-46.174393
5,166.53857,164.72067
5,75.58914,-139.54434
5,-106.79979,-78.6357
5,74.34119,174.28625
5,55.9899,-161.9111
5,-95.151085,-177.32141
5,7.1147156,-162.03046
5,39.30818,-158.8799
5,-18.794815,160.53958
5,31.118652,-173.25108
5,-160.04182,-139.8707
5,-57.64942,12.590317
5,-126.9117,165.22461
5,142.28235,-171.98308
5,-98.38902,163.17267
5,154.31458,-141.17726
5,88.73218,-53.77456
5,-155.14102,173.3859
5,-156.26567,92.69797
5,-38.119537,31.51175
5,169.14755,-29.027878
5,28.078598,-178.53343
5,-142.56248,143.46112
5,109.108734,-175.69174
5,42.726746,-148.0448
5,-95.76371,123.657104
5,69.474915,-105.59429
5,9.070084,150.58511
5,113.442535,-101.12463
5,91.7218,115.0332
5,-168.96358,-135.51349
5,-102.8514,36.618607
5,-139.7995,80.45209
5,47.905273,167.26031
5,18.397232,7.389099
5,32.719788,107.653015
5,-15.392914,166.85675
5,23.485916,-135.14876
5,-70.63018,99.75641
5,-105.72816,162.55435
5,111.76349,-98.271645
5,-140.00339,64.41469
5,166.50415,-99.3179
5,152.08517,-27.981339
5,5.543289,44.763733
5,102.43323,-120.12779
5,-169.16264,132.8364
5,-88.15918,85.28754
5,78.74182,-93.97634
5,166.99884,31.146667
5,-152.28802,-152.46828
5,-19.592346,168.97504
5,161.26697,-175.41225
5,58.447052,-160.40211
5,-57.31051,113.44116
5,34.315735,-162.52759
5,160.41406,-97.33339
5,-104.8607,27.250443
5,53.04814,-152.17316
5,-26.114197,-168.09587
5,33.306763,178.5268
5,168.94507,168.6239
5,-105.97912,-165.43394
5,-51.491516,20.408218
5,-19.711853,-157.49345
5,-98.98948,174.37537
5,-154.7674,154.3948
5,8.102325,176.32147
5,-125.767654,99.77493
5,78.15045,-67.04729
5,-25.889587,-3.9089508
5,-157.86769,-166.99115
5,119.202484,152.34628
5,-24.867645,-155.6299
5,-5.2999573,43.181793
5,-58.89293,145.59497
5,153.70929,118.18341
5,107.17093,153.64874
5,109.55603,-163.34238
5,-156.3175,161.7024
5,-33.29265,175.56891
5,87.28348,-177.84723
5,-17.858643,171.1369
5,58.12619,-100.94119
5,13.075256,107.09412
5,30.168762,-154.52885
5,-50.615097,-113.534386
5,99.47522,-75.85807
5,155.96909,-177.58752
5,-35.615356,143.1394
5,144.18182,-169.00688
5,-141.46025,-153.6822
5,-111.42595,-137.93063
5,-62.15325,175.54965
5,165.80908,-119.74897
5,22.160324,-148.5365
5,-120.42948,-174.07693
5,171.15051,-173.76643
5,111.036255,-178.28337
5,-56.15983,115.2746
5,-3.1969452,-174.9826
5,-175.84956,-176.26164
5,102.66135,165.93884
5,-126.58586,52.35135
5,-30.102814,104.4332
5,16.364014,-62.017036
5,-9.523163,22.868317
5,-13.180267,-70.84341
5,40.788727,-44.38095
5,88.72278,26.02362
5,-12.387619,175.5759
5,-44.440826,-158.63521
5,-156.28914,24.817368
5,-145.54001,178.24341
5,44.95398,171.89743
5,70.28726,-157.6262
5,79.87048,-107.64817
5,-38.475998,73.870575
5,-18.219193,-139.71375
5,37.278076,-161.81195
5,-93.459335,59.449066
5,137.99683,-151.30638
5,13.048676,-87.41488
5,172.69788,108.03497
5,-25.205978,-141.14366
5,-73.49552,98.48248
5,166.8801,162.89429
5,-58.777435,101.0907
5,-94.713875,-148.28386
5,12.446381,-144.45868
5,-132.1103,141.20786
5,-53.68007,94.30417
5,127.002106,-134.90172
5,147.1626,146.84479
5,135.59195,-160.8236
5,-67.05669,-161.51968
5,164.1,-167.71301
5,-131.49777,56.8945
5,-162.44778,-118.068375
5,179.29816,93.45111
5,98.38898,175.74182
5,-110.92064,98.280426
5,12.496613,-168.0674
5,130.0863,-61.557068
5,-96.330826,95.58786
5,-15.67511,55.619812
5,-33.980286,-171.96141
5,153.2331,-133.04314
5,-89.181564,67.7959
5,77.78287,-48.353394
5,129.3678,-178.81493
5,-132.84378,-112.43959
5,-64.955826,107.96109
5,45.1812,-93.802925
5,-102.91356,-46.78174
5,61.971832,-132.77112
5,1.5547028,-62.941833
5,169.81497,-129.67029
5,8.93573,7.9443665
5,56.783173,-161.02292
5,-131.90666,156.1211
5,133.65616,-98.70546
5,4.9720917,153.6258
5,-21.921112,-171.76901
5,-177.07019,109.47034
5,-58.04709,107.12979
5,-40.309174,24.706512
5,12.260498,-176.55989
5,142.35684,-129.85349
5,-141.0413,157.15002
5,-94.58171,118.44513
5,65.063965,171.74588
5,-95.33235,-165.70636
5,153.73169,-86.18705
5,-34.29808,18.398483
5,-142.58748,-160.28343
5,128.72424,138.74698
5,-44.372498,170.00494
5,-134.01183,161.36224
5,-38.585144,-178.6745
5,-160.09795,166.97012
5,151.25195,-142.7489
5,-3.5818787,-139.55185
5,-152.58879,-171.09369
5,-17.753174,146.47134
5,51.606354,131.00894
5,118.625946,144.83514
5,22.712936,-166.9648
5,-174.16226,-155.62047
5,-99.83881,-140.42798
5,-91.69263,154.60031
5,-119.644135,171.66171
5,142.28613,178.97955
5,-104.123604,125.29321
5,41.67955,161.9624
5,-129.67601,145.73181
5,44.49463,-163.60121
5,-130.92136,121.70163
5,-34.389053,-165.97319
5,85.61966,69.356064
5,-94.48453,92.552704
5,-9.719376,-139.16748
5,-61.873985,-143.0868
5,33.944946,165.83264
5,-113.07662,151.03455
5,-138.97304,166.47467
5,-173.6691,178.88214
5,82.633484,143.13953
5,28.231232,160.08002
5,145.22711,172.94513
5,82.70578,159.51929
5,-39.901443,132.52298
5,-14.697678,140.00342
5,122.094086,-113.983376
5,-148.19426,76.38934
5,-100.91857,122.8645
5,-174.99614,-171.30728
5,-5.159317,169.1496
5,72.27527,-108.46625
5,-15.143021,161.31744
5,-35.35463,40.51892
5,99.181915,-149.94167
5,77.00577,177.0151
5,68.75195,-170.85703
5,-22.386719,148.84131
5,-114.95275,-158.62595
5,172.51892,136.28098
5,-54.62774,150.95224
5,176.71783,-110.407486
5,81.801025,173.65051
5,-34.335876,142.14655
5,-12.675842,145.53699
5,-6.122299,-133.76418
5,-141.31946,-176.94345
5,176.76483,167.0144
5,13.485046,55.424805
5,-18.312561,-171.38683
5,143.85999,-179.53528
5,-13.730499,156.83118
5,7.640213,-9.879791
5,91.90463,175.60287
5,-151.04224,132.61975
5,-22.231293,84.00464
5,32.912476,-173.7593
5,-146.4325,100.657745
5,9.535278,-3.961609
5,-47.574203,-54.04164
5,159.74487,152.5401
5,-38.76538,154.98773
5,140.0307,157.56848
5,-74.10107,-148.63072
5,-31.37709,168.737
5,-12.419617,143.25345
5,168.70593,-22.121765
5,110.02243,-170.56717
5,2.90419,146.72049
5,49.365814,-158.98508
5,9.939011,157.42697
5,-167.21251,77.33606
5,-43.985275,148.07996
5,-24.344025,152.69897
5,-145.94673,-177.33345
5,57.033356,-98.11532
5,-19.237335,-159.70978
5,117.11633,-97.92606
5,-69.50112,163.04556
5,-140.46494,168.28046
5,57.457275,-40.693832
5,41.681885,154.12964
5,88.24097,-175.01086
5,40.062958,-147.62833
5,-46.906357,179.91077
5,37.360504,-125.80007
5,136.81793,-80.13293
5,160.70142,-113.02347
5,82.615906,-104.63035
5,-43.805008,48.58922
5,-4.2124023,155.79022
5,93.957275,179.92291
5,-101.925964,90.70355
5,-5.6560364,-129.84439
5,129.62427,-130.70125
5,48.572754,166.27744
5,95.61713,-49.37024
5,115.2655,81.49063
5,22.740845,157.20581
5,-172.911,169.57599
5,-91.989624,126.34064
5,19.743103,-160.1044
5,-17.862045,136.61948
5,-104.57136,171.44077
5,-123.454926,147.88757
5,-95.785194,137.02313
5,30.136017,-147.4877
5,-20.207947,168.49109
5,65.14728,173.39056
5,72.315094,169.75665
5,-163.08217,150.2019
5,-114.378006,75.03885
5,-73.297676,113.72449
5,56.565826,-52.991318
5,-173.44933,176.91226
5,5.798691,-72.964645
5,-30.525803,-123.07289
5,144.5376,-169.29442
5,-24.388184,172.66351
5,144.71735,-134.70114
5,122.95709,50.275818
5,31.420456,-66.897125
5,13.391846,-159.82008
5,104.21838,64.72255
5,66.61484,96.81378
5,-80.09723,128.2073
5,-171.88568,-174.5188
5,-72.01149,84.70914
5,-171.77885,169.06247
5,-126.26555,79.13193
5,-66.06463,115.9267
5,90.22626,-174.65819
5,-58.24826,148.06464
5,-159.70554,151.40472
5,-20.011337,-57.104027
5,-80.11735,64.15137
5,-0.7727661,44.11389
5,134.94397,-123.84167
5,4.0213623,-151.88792
5,135.18811,76.10559
5,87.34009,-86.63989
5,-161.81139,172.21567
5,47.960953,138.40204
5,0.077804565,-150.7168
5,-141.30988,159.86615
5,155.56198,2.3485565
5,-130.09087,142.53568
5,-46.474045,85.617645
5,0.6949463,76.01846
5,-87.21788,140.19226
5,5.794464,32.814713
5,-43.909454,-93.49755
5,-122.87503,160.58563
5,8.451141,-98.14994
5,-42.595596,168.49579
5,33.496597,-133.88722
5,149.4642,-141.26424
5,108.069336,-115.55261
5,133.11841,-123.30458
5,-115.66021,172.39862
5,-124.409485,-174.75154
5,-45.569977,-172.82039
5,-135.51428,152.1889
5,-110.08767,-153.063
5,-27.164017,164.61871
5,12.413727,-164.8885
5,-162.44626,169.41962
5,47.587814,154.42169
5,-163.13702,-179.27768
5,1.2179413,-88.82911
5,-47.85475,151.47778
5,-51.56488,178.72534
5,47.111572,-164.82771
5,-88.09544,-168.24142
5,-73.305115,87.21152
5,-83.275024,151.42865
5,33.17198,174.2262
5,8.298523,-130.45787
5,-54.905952,166.40741
5,72.28204,-174.75406
5,-28.105453,140.17926
5,26.513641,-155.72467
5,-149.65793,-175.41316
5,-33.37793,-85.61539
5,26.919327,175.5235
5,66.36124,-96.27449
5,-37.25505,97.07037
5,-19.041245,-166.96986
5,-101.93674,98.2034
5,74.21956,-79.6174
5,106.44989,-142.85184
5,91.77838,-106.57541
5,103.173584,-68.96455
5,62.889236,-39.237854
5,32.89615,-179.65565
5,-38.55684,94.23526
5,131.96933,161.22937
5,45.267166,39.920242
5,-67.42347,-68.033455
5,-26.78395,129.83542
5,-52.28035,142.50238
5,-102.202835,96.21396
5,-150.29199,127.49176
5,146.5564,142.75043
5,169.29877,-62.771133
5,-166.22455,-12.049591
5,20.845322,-169.33235
5,-92.886856,100.0755
5,162.97983,3.3485565
5,85.39136,-74.58508
5,-20.681961,-147.3766
5,-118.269356,-138.54501
5,-79.892685,-165.73726
5,0.343338,-127.649025
5,87.59622,113.20868
5,-177.37299,-166.96451
5,-121.35043,103.41556
5,-122.14753,105.37186
5,-167.22334,-34.440094
5,162.50293,-155.72078
5,-45.37439,92.34714
5,166.81061,-149.11557
5,144.36572,-160.02563
5,-73.1669,-159.93353
5,-133.61821,-176.29858
5,19.523666,-39.3889
5,148.74033,124.624756
5,-139.39824,-117.39652
5,13.741913,12.461456
5,-133.2587,51.693665
5,158.22629,-63.38037
5,169.05475,-139.53809
5,-95.757904,143.73004
5,-92.59259,119.75058
5,-62.684456,39.703506
5,-12.592133,137.30713
5,-111.37521,137.24878
5,118.8913,-131.35406
5,-149.79001,-166.98404
5,16.672333,-155.43706
5,-152.51328,29.609543
5,0.54022217,177.337
5,-70.07042,-164.96489
5,-159.17757,-153.66855
5,-15.222046,170.70212
5,-130.83698,101.907715
5,-52.90007,173.90442
5,125.47183,172.32025
5,164.72266,-178.27142
5,124.10956,158.26367
5,-84.83751,97.946594
5,-64.83081,-162.5586
5,-31.833206,173.90457
5,-70.452675,-164.9669
5,119.44476,-67.15998
5,-16.81189,175.30444
5,38.83484,-85.559204
5,61.006744,-148.31387
5,0.016433716,-171.77567
5,134.3421,-165.65878
5,134.75421,-17.907196
5,97.82553,-129.19304
5,36.011932,-173.5307
5,103.321106,-153.05424
5,-11.918289,-146.66972
5,143.15271,-102.20792
5,171.81293,-115.74344
5,-59.82525,-171.11697
5,74.10289,-78.6234
5,51.594803,171.62756
5,30.22467,-130.72955
5,34.496796,-163.84851
5,-18.629456,101.6077
5,129.74377,-171.24684
5,-86.61018,-166.87968
5,12.569397,165.75592
5,117.19455,-102.76977
5,99.87027,48.064148
5,-165.30249,-170.13527
5,165.45648,-16.159225
5,171.45935,11.427353
5,-154.32904,144.87634
5,143.27533,-53.146667
5,83.04712,-126.06285
5,-15.348907,-164.24403
5,102.958984,-117.24832
5,-124.48866,108.27139
5,97.71283,167.47644
5,-170.43124,88.18155
5,-171.18063,-81.46501
5,66.0412,-179.17291
5,-170.55853,-140.17519
5,150.04617,-160.02744
5,-171.26147,160.66626
5,-70.75165,172.14783
5,-87.5819,-143.61734
5,-17.663208,85.586975
5,-95.81302,-54.996376
5,-171.32806,170.19684
5,-109.028885,37.009613
5,62.1613,-119.8394
5,-132.43872,143.07544
5,-135.95259,155.03955
5,-131.16145,-167.67044
5,-87.04366,58.261765
5,-37.95726,-85.77648
5,62.68318,-91.161354
5,17.931366,-142.60193
5,-120.926025,68.867035
5,-119.10155,89.954315
5,-169.47395,163.79968
5,2.4692535,-20.117874
5,-28.055756,-165.58447
5,163.35193,-157.82997
5,-164.18085,172.68063
5,149.10254,166.74252
5,172.99078,173.5253
5,-115.98537,104.721466
5,-10.174713,-169.42198
5,-109.103226,120.63724
5,32.64206,-175.78505
5,109.614075,-3.3719635
5,40.334885,-160.77524
5,162.53046,-168.62746
5,163.25159,177.94415
5,-172.22595,172.4963
5,-120.15689,173.92535
5,-159.74327,139.29544
5,12.471405,-150.46298
5,-156.27042,126.60568
5,56.95674,140.79932
5,-18.92659,153.4367
5,-88.51971,-173.87912
5,-161.8296,94.79608
5,-12.090393,-156.20901
5,-162.12164,18.187347
5,151.68915,-31.728134
5,5.1244507,129.07812
5,39.83789,-64.12263
5,-55.996918,156.77579
5,-138.48705,142.92316
5,-102.270424,112.65335
5,-28.736725,90.71692
5,151.55548,130.42664
5,-160.90704,-123.89723
5,120.63968,-121.711945
5,-35.799774,155.81479
5,43.391785,161.4961
5,72.49339,-176.44939
5,19.277466,-8.78717
5,153.79236,-175.73108
5,18.327179,161.7738
5,-6.206253,-83.52057
5,-77.00548,116.1438
5,160.81143,154.05234
5,71.02304,-147.73914
5,51.126328,-131.01952
5,141.62836,-142.2333
5,-45.260483,166.78769
5,149.78622,-169.50246
5,-157.99199,67.28427
5,-173.85101,161.17383
5,-153.31308,-48.858368
5,116.78024,-136.21217
5,108.87872,-76.95485
5,145.66919,-158.96176
5,84.32825,26.38115
5,109.028625,-75.68494
5,-172.39316,-67.91785
5,-47.90773,56.3817
5,-165.20865,-83.71681
5,82.27649,-151.47975
5,35.350403,79.499725
5,13.06929,-82.871735
5,-88.34991,-161.18422
5,-102.82254,4.995636
5,-58.090546,119.25714
5,-123.49325,137.51123
5,-35.15619,143.83755
5,151.88272,-156.99696
5,-125.63839,168.7685
5,-3.0059814,-147.31264
5,-96.71931,73.23033
5,-0.07467651,144.06046
5,-114.66752,-165.6787
5,-121.05533,63.994614
5,147.82272,-95.14404
5,-65.6483,2.1928558
5,149.8778,-179.11351
5,16.207535,-132.76132
5,63.34842,-165.90091
5,94.01993,-175.8869
5,-3.3187866,-14.757706
5,-110.90034,111.080414
5,68.04498,161.22961
5,35.417603,-140.3535
5,107.55603,-80.000534
5,35.141235,-129.96257
5,-6.577118,166.8067
5,43.465485,-160.67253
5,-44.050293,129.72955
5,69.617065,-123.777985
5,-52.694595,161.32605
5,39.89969,165.71857
5,-167.13893,17.820786
5,-70.09446,91.08194
5,3.7559052,120.392944
5,-168.65631,-120.9184
5,20.798767,-40.367218
5,105.07654,-53.299614
5,130.04114,-2.8381042
5,73.417175,-162.6991
5,100.572754,-173.24242
5,162.17249,-139.5291
5,20.547333,-132.10579
5,-177.34468,-126.23225
5,33.279495,-88.62774
5,23.894958,-68.47409
5,169.10834,160.21576
5,-111.05972,119.67822
5,155.48984,-163.13245
5,-23.932709,161.87503
5,-110.13302,45.065887
5,-5.541382,-171.6663
5,-79.04388,175.18451
5,87.06616,121.1095
5,-8.299255,48.924103
5,-32.138824,-121.96025
5,-114.73496,72.569
5,60.639587,-114.53149
5,1.5551605,40.643967
5,-37.52063,-97.240616
5,169.32294,139.60507
5,-15.014587,-171.52882
5,-9.613251,175.2583
5,-62.25583,170.63333
5,-144.00853,-177.10817
5,164.88159,155.02264
5,33.59378,144.42908
5,27.698563,-154.26
5,170.32132,-161.8445
5,-71.7894,134.09906
5,115.92499,-157.96138
5,0.23680115,60.65779
5,-152.89374,175.61682
5,9.651291,-123.15949
5,54.43103,-134.35635
5,19.146622,170.75427
5,-5.007538,174.06033
5,-54.463898,-139.72858
5,-146.00104,151.97604
5,22.132568,-8.685486
5,-150.50285,-154.66309
5,104.06589,57.46283
5,125.51614,-137.90265
5,-108.481606,-109.28524
5,-37.51123,-177.11385
5,-37.992615,129.80237
5,107.22934,-126.98764
5,140.75903,128.65271
5,-113.36209,179.78595
5,89.46344,-165.31244
5,110.56598,164.21649
5,-175.68724,34.19586
5,59.84308,-162.29863
5,60.762497,-164.36804
5,-51.438705,-175.64578
5,-156.48938,159.9372
5,-137.44727,70.98448
5,35.0076,-164.21179
5,-9.326004,176.41812
5,170.01807,-169.01218
5,20.203796,-107.458
5,162.45801,30.608887
5,-67.085724,105.05832
5,-131.73518,25.306625
5,174.01312,173.81732
5,32.176697,112.1366
5,147.11868,-107.78685
5,131.8822,-169.46739
5,-62.69055,-117.8917
5,45.17723,44.296158
5,136.19196,150.65466
5,-24.839615,167.17197
5,-33.82187,3.2406006
5,-42.967224,46.044174
5,158.15286,-172.17186
5,-29.654587,140.11902
5,-75.89584,-159.29468
5,-168.55844,179.20609
5,166.04276,171.74408
5,29.978378,149.49744
5,-60.600716,-159.60805
5,-139.09045,93.458984
5,-25.699448,175.3992
5,-104.87022,122.99844
5,-129.31308,115.07141
5,170.53662,155.08765
5,-8.77742,148.45612
5,-12.989517,151.87067
5,-44.758682,-123.78327
5,-102.06068,-86.18957
5,-176.74724,-124.167885
5,-36.435852,-179.94872
5,3.4699097,-170.73138
5,130.70633,-176.27246
5,-5.5009155,-153.64708
5,101.50882,-117.64136
5,177.2933,-121.6463
5,-10.054855,-124.04781
5,162.6257,149.51404
5,-120.23156,-178.22314
5,167.42114,159.59186
5,-123.3501,144.7633
5,-111.20072,44.070297
5,45.844498,-173.95247
5,44.45108,-40.96054
5,141.15161,-62.80648
5,165.92361,-165.55199
5,61.997803,87.802185
5,116.08649,-97.79007
5,-161.94032,-161.93716
5,37.678482,-19.37619
5,-79.85899,115.59381
5,-62.220924,140.9566
5,138.62836,-158.96892
5,135.27075,83.070526
5,-125.644104,155.2409
5,-50.977814,-18.15747
5,-22.819519,119.67435
5,3.0406952,-45.198868
5,-62.222977,135.23007
5,62.304337,-131.52625
5,35.147522,-156.31097
5,-176.47969,165.14716
5,26.241165,178.57587
5,-168.55997,-96.23625
5,-175.9111,122.711426
5,-103.41869,179.08032
5,44.075974,-157.07857
5,171.40054,119.92755
5,-50.706665,126.60748
5,-23.370117,-94.13014
5,109.482605,-152.51985
5,112.7547,173.61633
5,162.94104,-37.645386
5,-108.686,144.1828
5,-69.16616,-178.95898
5,132.40707,173.42004
5,141.71155,146.14874
5,43.60457,-162.78308
5,9.8016815,-7.268524
5,137.90247,-91.53017
5,-30.960052,145.0727
5,122.97269,-95.41111
5,-91.49285,138.6466
5,93.38345,173.26648
5,-12.996735,169.12146
5,148.0654,117.07361
5,149.82892,160.67365
5,-177.73842,-178.25485
5,-125.58374,-161.09581
5,74.887726,159.16156
5,44.832214,158.93188
5,-92.396484,52.06018
5,-16.266815,-32.219772
5,-79.80436,173.58008
5,-99.62564,176.6062
5,-34.444595,-125.37465
5,92.195435,-75.650925
5,-85.48452,-173.41827
5,-98.429344,-5.1216736
5,-130.31047,169.06909
5,136.9899,-138.0697
5,-151.00977,5.084015
5,47.37007,-116.81246
5,41.776016,-136.36131
5,-37.697327,-123.96815
5,-118.40933,-157.42865
5,102.60925,-35.93947
5,52.944214,-126.171036
5,-165.40933,122.23425
5,77.575134,-121.75209
5,20.996185,-134.41786
5,-43.027496,-115.71698
5,-0.8375397,9.0338745
5,-13.386002,-116.29956
5,124.879425,-124.8428
5,91.91052,-123.64437
5,178.69513,171.09033
5,139.60706,-177.6657
5,-76.611984,94.00275
5,-103.71837,-55.020935
5,-151.57924,-129.36412
5,-167.47981,-99.37072
5,34.307983,-34.348022
5,162.96887,-130.39374
5,-26.114655,160.65887
5,147.88867,-29.473053
5,-93.53913,-137.15356
5,153.5965,-6.486328
5,47.59398,100.32941
5,-18.234955,126.64099
5,20.620895,96.66937
5,148.73096,-173.87917
5,-11.62738,40.665222
5,64.22162,148.362
5,5.2297974,167.8429
5,-12.636963,178.2037
5,64.9256,156.50879
5,-91.4721,148.63751
5,123.14154,80.11398
5,111.59619,-18.155853
5,-51.472992,97.13226
5,-88.73141,148.84305
5,143.17035,61.681183
5,0.14137268,32.88086
5,127.40427,121.644226
5,-81.86667,175.59357
5,26.58371,-175.95914
5,60.19803,-117.812744
5,33.54329,-175.98674
5,-156.43475,146.42285
5,-126.52799,149.62274
5,-57.856667,103.1543
5,152.23529,-152.03355
5,-96.71101,117.49454
5,3.9082031,-35.455887
5,-3.6773376,-123.20283
5,-98.08837,134.08191
5,-94.11973,163.82617
5,-1.1667175,100.419556
5,118.91885,-160.7975
5,-52.20398,-145.6628
5,119.63312,135.703
5,-88.27669,78.885956
5,114.92221,-114.01747
5,134.15906,-173.68439
5,19.866486,-138.30644
5,135.53543,38.07408
5,-122.98294,-174.45543
5,-0.5482178,105.063354
5,-0.92085266,-160.25217
5,43.315506,-107.849525
5,115.27637,86.79263
5,124.23242,-143.11658
5,40.09987,170.37115
5,-82.2596,177.87341
5,19.020874,-73.87132
5,-38.958344,137.03741
5,-17.29358,-159.23032
5,-45.971558,89.17386
5,45.711548,-148.40887
5,54.73752,153.35818
5,-133.57257,-178.58656
5,61.843506,-80.647736
5,7.561264,49.84468
5,124.05121,-55.863724
5,-108.387924,11.310608
5,154.25421,-162.60817
5,68.39212,-106.669876
5,26.567902,122.15845
5,-107.46445,-134.80896
5,0.4688263,174.41583
5,-113.564186,173.84296
5,-57.573242,2.877716
5,68.318436,-143.3957
5,-156.61868,144.53635
5,2.9532013,-61.996002
5,43.65567,35.588013
5,-150.13031,-70.618835
5,30.607391,-154.17389
5,164.00607,-82.05123
5,-109.391716,128.88257
5,154.77649,-26.126907
5,-36.843246,144.60641
5,162.38434,148.29816
5,20.398026,-143.63844
5,52.23047,-158.92888
5,-124.39861,66.887665
5,-101.032974,-157.17297
5,-24.632599,145.2392
5,135.21301,87.16531
5,-153.97859,140.58524
5,121.193756,-175.16737
5,-48.836,135.62067
5,-132.54886,124.22363
5,76.54285,-48.827316
5,-16.574387,87.03195
5,-67.00642,-174.87761
5,-125.04964,144.96478
5,-9.08783,176.42432
5,132.71326,-149.61304
5,126.663574,78.11908
5,-59.419365,90.167114
5,-7.661331,112.136475
5,-26.673584,177.7435
5,85.131226,-123.9609
5,29.721695,-133.41193
5,-103.68751,155.30884
5,-102.1553,144.27472
5,-19.604034,141.9331
5,-71.69559,148.87943
5,80.66031,-103.875206
5,144.2456,-15.109085
5,-154.64252,161.29578
5,-143.142,-166.04375
5,107.430664,57.449585
5,-150.6092,-174.78488
5,-112.515724,111.08365
5,43.314606,108.36774
5,-15.782028,115.90109
5,14.380051,60.267807
5,-155.7495,136.47717
5,87.16751,-118.04908
5,-92.88922,152.97687
5,-11.295181,80.61203
5,75.83336,-136.86455
5,106.08472,-130.18747
5,-134.86705,163.76651
5,-29.436783,-112.40403
5,24.563354,-139.80954
5,6.488388,-173.56035
5,-106.30686,83.68091
5,-49.954315,166.18317
5,33.25827,-165.9147
5,54.60077,-129.98425
5,124.17172,143.39096
5,143.45905,-100.30628
5,-167.59128,170.1817
5,38.355362,-162.95169
5,-122.740105,173.2052
5,-85.243965,143.56808
5,-38.310364,61.748077
5,-43.87732,-121.70182
5,-135.02055,166.35538
5,-125.18048,167.82074
5,-52.05432,155.03915
5,32.80536,-149.27907
5,60.6696,139.18884
5,-161.03342,69.25235
5,-2.88237,-147.22282
5,7.8505707,-159.98235
5,38.843994,-119.90338
5,-39.775864,-174.74173
5,43.945053,-145.17467
5,-87.55322,-162.56075
10,-144.32185,177.48181
10,-81.68724,168.62476
10,-77.70745,168.6305
10,-178.19167,-155.0977
10,87.57312,-162.57565
10,-4.9390106,120.52661
10,177.96991,-144.325
10,142.45947,-93.1452
10,-141.0763,131.78314
10,38.358124,127.47345
10,45.44223,177.93759
10,-154.4055,-2.4418488
10,-35.008957,171.13647
10,4.472183,-16.65686
10,116.62213,165.73996
10,149.82797,-125.38424
10,-30.36525,-31.837189
10,169.69556,-176.1365
10,-32.06137,-164.69014
10,157.56256,140.29889
10,-6.8807373,173.2121
10,-150.23486,173.5877
10,-29.776077,162.64676
10,-136.61046,163.51312
10,97.2262,-169.24797
10,-112.72221,139.4827
10,170.14825,-83.1617
10,9.71991,172.38904
10,-63.220062,112.368195
10,19.78392,172.69348
10,40.900177,-169.52202
10,-96.797844,111.18524
10,-158.88258,-163.86961
10,128.17706,166.53143
10,-70.257095,164.7721
10,155.0679,-160.71555
10,128.04358,-157.4396
10,-148.61752,150.83783
10,83.36978,-150.87363
10,32.27025,-139.83603
10,-9.897217,54.067154
10,-163.72061,171.21112
10,175.67249,-116.40068
10,96.34378,-179.84196
10,-104.80208,162.82538
10,-56.48204,97.28528
10,158.2854,171.7138
10,18.639648,-163.02898
10,-50.73349,131.90088
10,-29.290466,148.00171
10,13.330719,161.19592
10,162.54742,9.235901
10,34.327667,-131.81728
10,-112.576866,9.628677
10,-34.70691,25.449402
10,32.548767,-178.00163
10,53.400833,-159.18857
10,-116.26245,-123.763626
10,-104.42174,175.65823
10,-137.8032,-122.248184
10,-122.696915,58.40619
10,-157.28047,-169.68347
10,-42.987915,-132.05585
10,-107.27645,139.18317
10,98.35672,-162.14308
10,105.18457,-166.96655
10,-162.49352,154.61877
10,-152.52106,179.18912
10,118.85312,-149.48967
10,-101.86353,173.64484
10,-131.48256,145.8418
10,93.32324,-96.641525
10,119.94528,-62.829803
10,-160.21396,48.584198
10,50.57878,147.65555
10,-88.74429,165.38947
10,-22.843796,140.52618
10,-118.63899,175.4961
10,166.34692,154.15308
10,-37.12628,175.57376
10,-177.6194,-15.719406
10,-19.286545,125.901886
10,-168.11899,170.47278
10,-122.66993,-116.5382
10,17.981888,-3.7409973
10,95.1886,151.2084
10,-136.88214,-169.10762
10,-128.60974,158.6709
10,-167.73216,163.11499
10,-37.275482,-165.95267
10,-171.03441,106.04117
10,124.13666,-161.61766
10,-149.16096,120.151855
10,64.30846,-131.82687
10,-87.52796,70.07562
10,18.415771,-68.290504
10,-100.49061,178.75491
10,13.93454,-26.144714
10,-11.388428,-174.7885
10,-26.295853,178.25787
10,30.050262,134.68701
10,-171.14369,-161.38431
10,52.84578,157.25873
10,-58.177017,174.12738
10,-108.723045,-179.35013
10,-33.571716,118.93634
10,-101.23181,159.301
10,-44.412903,55.43962
10,89.903076,160.13525
10,53.667953,-103.21422
10,-125.77118,-137.00082
10,51.396896,-134.16724
10,-10.046387,-140.09776
10,-25.828735,110.32245
10,4.1007233,-169.19019
10,-97.0936,152.34668
10,132.58752,-61.593346
10,-128.25337,109.65021
10,-62.592575,100.451294
10,-71.117775,162.68884
10,-112.86193,151.30695
10,97.00815,-142.63048
10,-14.84877,157.44147
10,-16.108963,165.18024
10,-152.39803,-152.09232
10,90.02966,-152.16222
10,140.51288,25.655594
10,-6.3660736,153.80865
10,-96.423256,134.16281
10,-10.21019,123.84271
10,79.86023,132.37683
10,-165.77339,67.204834
10,37.241165,95.594055
10,173.51636,91.13544
10,-4.3951263,148.64902
10,160.92041,-63.619125
10,-157.02376,137.10297
10,-29.944534,-47.643127
10,-71.854095,-178.43576
10,9.385178,175.81549
10,-2.3488007,-138.63515
10,-103.44522,141.22208
10,101.78165,4.5465546
10,166.11029,-31.259369
10,148.35938,151.6358
10,-6.9745026,161.23749
10,104.491425,-56.082825
10,52.368805,-51.93164
10,-35.60457,173.62708
10,2.1995697,148.63025
10,-3.5705261,-144.61105
10,-17.319016,94.19122
10,-6.116852,-144.50969
10,-14.484665,129.61069
10,3.801422,-169.60518
10,177.2691,-158.46394
10,-34.676834,-168.2999
10,-141.39891,163.11145
10,-49.938843,53.275696
10,-155.6018,-166.34485
10,158.20337,-50.448975
10,-20.952438,164.07874
10,-134.54698,-61.877113
10,-73.69151,113.111115
10,39.10913,-145.59224
10,-55.60588,-177.58981
10,-66.96215,164.62476
10,-85.90192,-151.99394
10,175.9064,-128.42017
10,175.00873,163.21637
10,-59.039124,174.72144
10,-13.459152,155.84497
10,93.342896,-153.90863
10,-16.612198,-103.21532
10,1.2752228,177.4151
10,86.585815,-174.35991
10,136.59155,-20.602875
10,-134.14369,114.34311
10,159.47784,-174.58858
10,130.21613,-132.35362
10,148.66818,-179.3106
10,148.06879,177.43396
10,-154.37767,-53.103233
10,10.084915,-158.57341
10,-111.25546,51.819916
10,-145.18272,99.55255
10,38.905884,129.51721
10,56.03244,-165.67206
10,-101.6921,-77.295105
10,156.65558,-58.768417
10,63.2874,167.30353
10,-147.20741,138.97473
10,-132.29295,178.43481
10,-69.82987,108.838776
10,-173.36577,-160.40347
10,-36.734085,-148.54498
10,147.66675,-169.58699
10,-102.15817,-157.77954
10,53.448685,-158.16379
10,-171.70282,-42.223175
10,-46.082703,124.24414
10,-102.611435,138.20111
10,-103.92683,108.9653
10,-149.18468,-148.51532
10,172.3104,-160.83249
10,141.54498,-167.97574
10,-136.42375,138.40869
10,-43.44763,91.54346
10,-126.97908,-173.67535
10,-80.13132,-171.75319
10,-177.67923,174.93066
10,-89.502945,118.87274
10,-144.01497,88.51959
10,124.50714,-101.889496
10,-62.04251,130.48004
10,156.82092,75.128265
10,-142.39636,166.159
10,-130.75795,-156.29225
10,-9.146561,-125.17792
10,106.193634,171.33847
10,-108.606895,177.85599
10,147.02643,-134.56454
10,127.92227,-139.3522
10,66.034454,156.92157
10,15.8849945,-164.96814
10,139.5947,127.41702
10,121.90784,-159.75711
10,-6.3099365,155.1672
10,-179.86317,162.40952
10,121.483246,-169.66402
10,-16.538147,80.339935
10,-140.83034,167.24051
10,-11.273743,84.19705
10,154.84393,-128.01233
10,120.57837,-103.42054
10,-110.080246,22.629822
10,134.21167,-140.58199
10,-39.750366,163.15106
10,48.145844,-142.65433
10,-76.13023,92.68387
10,-93.47115,-149.45576
10,-167.00587,93.54651
10,-166.9758,145.31448
10,43.89435,146.5503
10,168.89294,-166.14824
10,154.34149,87.978455
10,141.4314,-158.20251
10,136.5155,-150.22687
10,-1.3043365,-141.9898
10,98.75903,-121.63661
10,70.03017,-154.48859
10,-105.73004,-137.3315
10,-48.146027,123.53009
10,-126.1695,136.91064
10,-161.79419,-162.05725
10,-61.877693,-165.23215
10,3.984848,19.84848
10,-123.32834,166.11896
10,155.50476,-167.22551
10,-177.9248,-15.333023
10,-139.39888,-164.27762
10,-112.40752,-153.29858
10,-5.9125977,-150.70172
10,10.083603,175.15607
10,-173.99254,-167.50793
10,-22.492981,-178.31357
10,-90.97787,155.25378
10,-54.687286,-174.08331
10,131.0339,-108.78077
10,-120.02119,-23.136581
10,-14.601837,82.062775
10,38.305588,-142.66135
10,57.57225,-143.89725
10,-139.2639,-131.51587
10,-37.86168,120.58148
10,-112.36315,138.26202
10,6.5371704,-65.679344
10,-172.4092,-81.525475
10,155.88242,-129.20282
10,-40.558884,-8.636185
10,-127.54761,46.256714
10,128.80896,-112.02157
10,175.70312,154.29959
10,97.09973,-149.99817
10,161.54556,-20.09259
10,-158.99913,-175.68263
10,34.70172,-106.54533
10,122.408264,149.59491
10,161.20648,163.71121
10,-137.67725,178.59897
10,20.497742,-100.25875
10,16.414825,-167.19588
10,166.05875,-175.01268
10,113.39288,177.28229
10,-69.31907,174.26724
10,-49.58873,112.154785
10,67.71399,163.67181
10,-12.577942,-175.51294
10,177.39886,87.72125
10,110.15903,-173.47484
10,72.96216,61.29184
10,32.67508,-135.88185
10,39.828857,178.96701
10,-130.12955,-117.878586
10,5.4704742,34.76741
10,-124.48301,169.90805
10,176.89557,-179.31866
10,-130.83995,-130.28412
10,-167.46542,-177.95488
10,-7.097748,92.54889
10,150.53754,-77.643524
10,-31.891098,139.74841
10,164.22821,-145.59279
10,52.194443,146.38928
10,27.14569,-54.44455
10,-3.9627838,-145.70482
10,-20.107834,107.5827
10,18.162064,147.99841
10,101.138214,146.06833
10,-126.64016,154.33313
10,-13.605362,-102.18868
10,144.988,-123.80959
10,-7.3669586,-109.352745
10,-15.818344,151.36755
10,145.1225,-121.32831
10,-63.71347,143.10757
10,136.26837,-142.81908
10,-7.9207764,164.98154
10,141.49841,-150.42143
10,136.40247,48.747772
10,23.627625,-140.3503
10,16.305588,-134.99223
10,-12.889572,-103.49307
10,133.57898,138.02069
10,-145.39592,29.49147
10,-52.843307,87.107025
10,-36.10063,155.82095
10,-39.50055,-166.00728
10,145.406,-166.06734
10,-52.60318,110.21045
10,173.38995,5.302841
10,-99.32651,149.05185
10,123.55292,161.70355
10,-94.20425,161.57437
10,40.970062,-161.93823
10,-26.662735,17.930298
10,-166.86972,157.82104
10,71.18518,162.91083
10,-81.34011,-169.08154
10,85.68964,-109.47021
10,-129.68304,108.45743
10,-83.1772,154.12146
10,139.4195,-43.0372
10,92.63965,-128.00522
10,-102.105736,5.5715637
10,107.63037,142.7706
10,-173.48685,135.69131
10,-115.65395,148.74115
10,26.249176,-151.17331
10,-84.95586,174.29242
10,115.91348,-106.1286
10,-100.72944,152.81317
10,44.996246,-60.966965
10,36.846344,-133.27101
10,143.11429,-157.5042
10,156.3598,116.07126
10,-126.038795,-158.09007
10,26.219116,-158.34337
10,72.7453,-143.21259
10,-11.486481,176.10992
10,32.489014,-131.53664
10,178.43341,152.65912
10,25.213898,-108.15902
10,-169.78365,-117.69415
10,16.048553,-155.7085
10,-28.86229,-137.82556
10,110.722595,-134.29834
10,-88.83157,151.42743
10,43.92018,173.97656
10,-141.48164,175.2399
10,166.82886,125.4238
10,-150.1786,-19.989685
10,160.06628,-148.17285
10,-161.29276,170.78082
10,-146.31107,-25.702469
10,63.92668,-150.85126
10,126.723145,174.35638
10,126.1615,155.11584
10,60.353317,-127.693985
10,-43.98323,-1.6555481
10,105.068054,179.03271
10,28.01329,-161.08966
10,-31.984299,174.40979
10,116.319336,154.5028
10,-2.2431793,-174.24278
10,24.44519,165.47357
10,-49.71219,-161.15318
10,-4.484497,134.91568
10,45.78453,-173.43494
10,25.244995,58.196686
10,165.77216,-26.48645
10,12.147278,-171.23659
10,166.70493,172.09488
10,-107.68095,141.88016
10,-28.132568,-171.79128
10,-140.49016,-139.27931
10,175.21716,144.66125
10,110.09552,-71.82745
10,-32.21031,150.24017
10,167.95685,-12.660324
10,-161.11932,-157.58589
10,-110.6656,121.45871
10,-114.69461,-170.28726
10,34.84558,132.72064
10,-171.78424,-150.27939
10,55.93506,118.90231
10,166.24936,-173.56422
10,-68.27401,68.157455
10,-50.0251,169.71323
10,-35.339157,-26.815338
10,50.95604,-96.5416
10,-138.28557,164.22943
10,139.92142,-161.64351
10,14.249725,-9.590027
10,107.84601,160.81137
10,-116.26733,79.05121
10,-106.112686,-163.92175
10,-10.693512,-125.3856
10,-130.01453,-138.38185
10,142.15219,179.73926
10,-107.24122,134.59064
10,172.00049,-13.165146
10,-118.849045,-131.19472
10,92.13806,-161.54582
10,96.67847,155.15176
10,-165.55594,-161.85658
10,-29.598358,139.95062
10,-81.78211,-135.24539
10,137.57397,-159.17728
10,45.593597,-117.98385
10,-141.21538,165.56873
10,166.61255,157.63098
10,-63.12191,178.84277
10,0.32058716,165.2269
10,39.011047,-165.86176
10,-28.67157,89.28494
10,81.03558,-161.44379
10,150.52527,-76.413345
10,-117.817444,73.7831
10,179.73364,-165.8172
10,-60.349213,81.89386
10,63.380615,168.32022
10,-136.22316,84.36191
10,-80.726265,-165.24269
10,83.927734,179.90231
10,30.072067,-166.54207
10,170.51434,160.58978
10,-171.39737,147.3338
10,116.48782,-142.87889
10,99.232574,-177.25912
10,-33.545303,-143.35573
10,-5.0053864,153.06104
10,-111.834145,-164.2474
10,-126.69992,150.84042
10,-27.591171,55.808533
10,-132.32083,-172.2719
10,171.49918,166.84485
10,-178.5405,-174.29878
10,-42.48979,110.11398
10,-113.2777,155.98218
10,-71.130775,126.698
10,-39.41086,11.385254
10,-11.931229,169.1781
10,-126.75645,-152.28377
10,78.61694,-134.82956
10,13.692902,13.134796
10,-130.13823,107.568726
10,-76.78624,104.65173
10,-54.241547,-169.30858
10,127.612976,-89.9929
10,-157.63115,142.34354
10,144.28708,42.39447
10,123.86136,-146.49155
10,110.131165,-178.59352
10,-15.857895,-155.78667
10,60.23999,-166.30376
10,146.10974,-177.27684
10,-140.70815,110.42676
10,174.47021,-127.0475
10,48.699326,-136.51437
10,54.297592,-119.95735
10,-137.3238,-164.29475
10,164.08472,163.90726
10,-38.779114,49.32892
10,-123.80146,154.4013
10,-5.7747498,176.90549
10,-58.781944,158.83014
10,12.861847,-143.01842
10,90.89523,-173.10182
10,57.00998,-142.23834
10,7.2379456,-148.29358
10,21.404572,-157.82312
10,-137.9523,147.48877
10,-12.316238,-152.00206
10,154.12799,171.64548
10,54.36554,160.79123
10,-102.018585,-24.533997
10,-158.71614,21.620743
10,8.655945,143.16595
10,91.70044,-134.96533
10,134.93347,161.54742
10,-126.97451,72.47662
10,-157.49762,-103.6761
10,-152.83998,152.50226
10,78.52966,142.31903
10,-165.88173,-178.44208
10,177.48999,150.39825
10,61.71254,-162.81834
10,-142.5299,171.27649
10,168.98029,170.87073
10,179.70428,128.91553
10,44.63391,-51.26248
10,-105.40894,-135.09785
10,-86.46231,-174.77414
10,123.43466,-179.58604
10,-7.7818756,-164.71957
10,28.77063,178.1012
10,90.98773,99.248566
10,152.55704,-152.8021
10,-117.48351,156.18796
10,-116.79167,143.1145
10,-173.65202,157.698
10,13.514069,158.17102
10,12.593292,-83.217636
10,73.02258,-118.56095
10,-98.65626,151.20306
10,-6.298584,166.13281
10,-5.196594,-153.11356
10,-174.10754,108.56082
10,-166.34904,30.861801
10,-125.14116,77.17728
10,-80.80351,128.09479
10,-119.52409,159.13013
10,-29.567215,-136.08107
10,-85.687035,55.442154
10,-85.95528,113.64426
10,-73.86895,-27.47371
10,-52.86989,-40.8981
10,-3.4392853,-165.60765
10,-76.07403,163.98212
10,-48.048508,-148.3713
10,-103.79347,-151.84271
10,115.58081,-155.94695
10,43.695602,100.59357
10,-95.41285,95.1239
10,-132.48398,168.90396
10,-116.68751,-175.90385
10,-176.82812,173.38544
10,-31.39502,29.611313
10,-18.732239,-108.96396
10,-133.37859,45.81337
10,-4.6318207,174.04187
10,-126.617325,133.08575
10,77.71573,158.89539
10,77.96268,50.83484
10,142.13586,172.25146
10,-10.051636,136.534
10,-135.86731,166.11023
10,167.5456,-52.103928
10,-139.60268,154.05597
10,37.549957,170.4703
10,86.03641,-79.674484
10,-124.78318,131.92969
10,105.77487,-143.86902
10,-131.4898,-130.64722
10,0.9734955,43.15445
10,-174.96904,179.21304
10,50.724365,-168.61581
10,135.7956,146.00696
10,94.529724,177.99802
10,-40.286728,145.35147
10,-95.73216,172.47668
10,78.80945,174.34003
10,112.97351,-167.66986
10,-78.40869,112.454895
10,12.341034,153.56403
10,-142.76001,171.71667
10,-17.473175,-167.0016
10,126.65726,-158.8185
10,171.41937,-29.005402
10,55.630707,143.88419
10,140.75348,-179.81001
10,-130.6477,155.48102
10,49.7117,165.20834
10,-102.26263,59.62741
10,-24.59053,-137.77203
10,92.974304,147.61743
10,135.88223,139.26422
10,-15.187546,20.685867
10,23.049484,176.28922
10,67.71733,-176.29848
10,116.29739,-144.50554
10,135.65857,161.15869
10,122.221344,71.35576
10,166.55655,111.576904
10,119.552795,-157.49037
10,-176.16592,-160.1781
10,45.603806,167.00034
10,31.343811,-142.11403
10,161.56232,-41.987885
10,-138.44885,150.15613
10,145.081,-176.5489
10,120.90915,-173.11137
10,5.9824524,-163.41089
10,-36.73297,-167.75362
10,-15.006302,136.8266
10,-167.91516,-158.21434
10,12.17157,-4.19635
10,-175.98506,-175.7832
10,-118.420204,165.3888
10,53.986633,174.31781
10,121.31485,64.566345
10,-9.238388,160.1018
10,129.51575,157.47107
10,-110.35367,170.77158
10,-23.45256,161.5112
10,-109.50052,112.85214
10,83.95795,-99.61282
10,-15.111038,68.10025
10,-28.770721,132.95709
10,-147.66086,-172.95393
10,-90.97479,-163.17236
10,29.330215,-167.20485
10,3.6469421,169.18347
10,-44.923157,126.02188
10,53.526276,-89.56484
10,39.859802,174.33405
10,18.603317,168.75806
10,171.86621,-172.04013
10,59.196,-142.4086
10,-94.84263,-138.90575
10,159.60602,163.7797
10,-92.41399,-169.70998
10,19.313202,-176.33574
10,-148.19617,163.91162
10,-28.397537,123.86774
10,30.956863,-138.08165
10,-112.142685,175.67978
10,-1.2767334,173.66388
10,52.757126,43.644684
10,130.97571,-115.67339
10,46.965103,-115.79158
10,166.14368,176.0993
10,-128.78847,134.896
10,-19.48674,174.64069
10,123.77115,163.8935
10,71.14792,-155.04106
10,156.06213,-156.11685
10,-11.304626,-147.7938
10,160.14832,-110.12125
10,-136.62088,70.91998
10,88.96765,-145.88457
10,15.054001,10.925064
10,-79.814316,75.84442
10,-117.61143,159.15753
10,-125.269005,-127.92695
10,29.113174,163.68008
10,65.30231,-80.12474
10,179.30426,172.45895
10,79.35541,-119.47162
10,-48.329742,157.35992
10,12.769409,-83.29963
10,19.033585,-161.13
10,-136.78317,148.13007
10,178.21246,-167.18143
10,159.01047,-33.63571
10,-71.715454,120.8598
10,7.6217957,-179.26704
10,136.64069,179.76459
10,30.930298,-178.41591
10,-3.372635,174.53125
10,-121.48595,126.61105
10,-167.09546,146.58386
10,177.04248,-22.843536
10,-47.281174,154.66635
10,136.19904,-129.67867
10,-132.62299,157.525
10,111.01755,-121.383644
10,21.620728,-152.12015
10,-151.22023,-171.5099
10,-173.77184,128.36713
10,36.041946,-95.85862
10,-101.46121,-171.52809
10,36.76677,-41.98349
10,107.23703,-128.06497
10,100.35751,-175.85405
10,171.83804,19.79628
10,166.01227,145.55432
10,4.497406,-96.03511
10,88.765625,-104.56366
10,-1.4431915,-179.41963
10,29.851898,135.97324
10,-39.700073,103.70056
10,-159.24963,-92.89637
10,60.687515,-175.25383
10,-81.77733,-160.52083
10,175.22986,147.26132
10,103.79022,-115.79775
10,-118.39854,-136.6871
10,34.954376,-128.74106
10,31.318329,-131.91373
10,36.60202,-120.11091
10,141.54025,150.0072
10,-102.77785,-157.72433
10,100.010864,-128.57706
10,-145.57951,172.80655
10,-33.284836,169.93219
10,-148.17639,-115.90715
10,169.198,164.37292
10,-112.88647,160.34875
10,33.466827,7.9349823
10,-64.28154,77.41965
10,-7.9892883,52.13492
10,140.78766,157.72107
10,169.49976,-106.224365
10,25.019928,-163.23355
10,57.501556,-152.0834
10,158.87915,-177.52322
10,-156.3561,-37.85562
10,-111.737656,-170.80328
10,115.310486,175.49591
10,19.819366,-57.36537
10,-132.4206,56.822433
10,154.80322,-48.22
10,23.176376,114.18179
10,-107.42826,-160.34734
10,-9.74614,43.535492
10,147.0473,-60.22145
10,-45.921738,-169.39444
10,-23.320923,102.1485
10,22.347107,-146.38347
10,-140.67998,-161.76108
10,-165.02795,43.7695
10,-97.63284,-160.03442
10,-28.103714,120.141754
10,46.03537,-136.33582
10,52.132965,134.9866
10,-80.03869,179.55191
10,52.68297,-60.44719
10,-7.2615204,17.806396
10,-24.722961,-62.452652
10,-162.99905,-7.8419952
10,-112.79953,-127.10694
10,0.1811676,175.76788
10,-172.72403,-11.785233
10,75.548035,-110.860916
10,110.58804,-170.97343
10,166.39172,-153.13098
10,97.13858,-172.25162
10,1.0377197,131.07062
10,175.4198,-149.33464
10,-116.981384,143.31293
10,-126.94733,77.116455
10,-41.81404,63.415314
10,11.9492035,-178.24739
10,9.633392,-165.22731
10,-55.56224,163.39761
10,39.486877,161.6145
10,-152.57053,7.050476
10,-24.639023,1.14534
10,175.22034,-161.27744
10,-97.985634,115.07367
10,-42.487625,116.240204
10,105.09915,-172.86064
10,-163.17514,163.92935
10,129.73172,-111.87889
10,171.80524,175.75964
10,-31.568909,-179.0138
10,105.284454,-124.65833
10,41.38791,-83.54905
10,35.380997,-159.8049
10,98.02124,-167.7328
10,50.54274,165.32962
10,-12.777664,112.51196
10,4.149765,-173.855
10,105.564575,-172.83406
10,-106.61452,128.79822
10,-79.97464,-152.84323
10,-123.78581,143.5968
10,98.648895,-176.90356
10,-27.905746,155.54077
10,148.38089,128.55756
10,94.76257,-76.94149
10,-22.307648,-128.16982
10,-146.24495,-133.57175
10,-39.337326,144.50275
10,-105.377335,173.69879
10,152.40933,-17.163086
10,-40.230377,173.3446
10,-156.54242,174.26373
10,-157.84789,178.08624
10,-138.97905,161.27094
10,-107.370766,176.21298
10,0.35749817,-153.66469
10,-179.14064,-164.85883
10,-101.38325,146.05087
10,179.47931,-175.60248
10,-118.21111,154.7865
10,-98.35856,63.598618
10,30.695084,169.12784
10,179.26501,176.3917
10,-62.05388,-27.84491
10,-114.56439,-168.16934
10,52.309113,-114.52251
10,175.11438,164.59753
10,-27.57367,160.18259
10,46.59056,61.92952
10,56.053375,162.25742
10,-84.63537,-174.55923
10,170.90778,166.4899
10,34.103836,-149.99634
10,-85.85758,-173.57016
10,168.60297,170.81586
10,-125.47329,99.427185
10,-160.63821,176.23016
10,-9.310837,-166.3135
10,-114.16048,-37.866013
10,114.41397,142.99365
10,143.36664,122.96744
10,159.63672,151.91919
10,-16.475159,160.99826
10,164.85217,179.57324
10,171.59653,-168.79356
10,144.255,-175.36151
10,84.39838,-145.57404
10,-8.007904,163.53104
10,-106.1354,-179.8594
10,-110.23863,97.72781
10,-94.23601,-163.94963
10,29.626984,158.46893
10,120.70807,166.30865
10,-120.619484,133.40967
10,-175.03954,-161.41772
10,53.03839,-159.7514
10,-40.756775,-169.91682
10,-49.844498,76.259705
10,-32.219894,-172.13287
10,-6.4906616,-177.6212
10,169.06192,170.47528
10,171.27548,56.905914
10,-0.13690186,162.50513
10,-18.480637,-159.94487
10,52.357758,167.18597
10,-2.527893,164.34033
10,-74.92782,-128.23236
10,-99.91863,-141.21745
10,119.851074,147.0202
10,-106.317345,112.73126
10,46.316116,-89.47458
10,-122.532326,92.38144
10,-48.832092,132.7081
10,76.96735,127.58557
10,-18.216751,179.78113
10,-84.026115,135.3671
10,84.67822,-120.23533
10,12.179306,-160.06996
10,-130.44473,179.82782
10,-53.424896,88.37863
10,65.40723,-141.50821
10,118.07495,128.87048
10,3.3016968,-175.62505
10,-178.25623,-178.39906
10,169.87552,171.76593
10,166.9635,120.532684
10,61.293472,-124.510216
10,-49.63069,156.30627
10,25.797302,-146.57208
10,123.03485,-95.7518
10,140.95398,-173.34038
10,-162.51114,165.94781
10,-32.441406,126.85205
10,3.9670715,36.722244
10,134.77502,-158.3302
10,6.2055054,172.0166
10,-16.006866,173.33765
10,102.801636,-175.32121
10,-22.064621,148.65121
10,76.24936,-115.63514
10,116.46246,178.59149
10,19.103394,119.87622
10,-97.5412,169.08832
10,-69.69461,-169.49884
10,-111.09926,177.02661
10,-160.8479,164.47092
10,-40.269867,167.80887
10,-42.338593,110.20874
10,137.24072,148.02094
10,-25.0318,125.76849
10,-172.36768,-174.94867
10,148.53094,173.71472
10,-167.05498,145.98468
10,-113.389404,-170.16423
10,18.323349,-148.40335
10,150.61884,-172.77786
10,96.43875,42.83069
10,-65.89042,-172.85681
10,65.62846,-103.139046
10,-54.307816,46.673065
10,-164.57765,74.48549
10,-101.89654,-171.04204
10,-27.735733,-155.90157
10,50.3134,-45.742645
10,28.481201,156.29004
10,-134.2453,-173.81313
10,-86.91258,-127.50376
10,115.38138,-26.846924
10,56.925186,-98.02487
10,-137.3384,-175.85193
10,-52.970703,-153.14627
10,-122.973694,97.88913
10,17.483719,-146.15085
10,15.6154175,-28.697525
10,-111.97639,-171.93965
10,4.976944,-168.03978
10,124.20126,-144.86537
10,175.88278,-175.74448
10,-166.64973,-175.29631
10,-9.383514,129.62524
10,-37.71013,141.89233
10,-27.034317,-27.47342
10,-54.126755,-178.44348
10,77.30664,-134.90672
10,-118.327614,50.530823
10,82.724365,-165.94574
10,-154.66573,-171.99153
10,124.315094,-164.14601
10,37.013214,-33.017426
10,44.205505,-115.16443
10,-7.490082,91.431885
10,83.63165,-179.14023
10,-107.11861,-170.52115
10,-29.004974,122.1149
10,156.94879,-170.38733
10,152.66629,-87.66315
10,-73.09526,159.26355
10,-25.076736,166.37799
10,-4.8618927,85.67871
10,145.6554,-7.626251
10,-63.913895,155.43994
10,-48.244522,125.121216
10,170.61417,173.18607
10,63.909515,177.75073
10,9.166977,160.22705
10,-124.89718,-163.55386
10,-81.502655,41.035294
10,-97.35388,101.97958
10,-5.577484,-179.72095
10,132.45148,85.027405
10,-2.8813782,-74.70605
10,-139.24092,-16.387085
10,-77.18161,-21.551056
10,107.35315,-168.52977
10,19.73761,164.57501
10,-80.18362,-110.016975
10,0.6225891,179.71497
10,-22.454346,129.07214
10,20.603638,-166.44502
10,14.064941,165.52307
10,131.72491,-165.32297
10,79.69104,120.233185
10,71.64154,-123.96912
10,129.45084,-24.475128
10,-101.92577,164.78403
10,-172.21477,168.86435
10,-20.826508,140.06744
10,147.85782,-111.12111
10,-53.647476,-171.79582
10,-141.17451,161.02325
10,-146.60295,4.3571625
10,39.649048,147.30481
10,28.556274,-154.90207
10,61.49109,-29.120728
10,41.697952,-142.1383
10,169.11673,154.27856
10,37.79976,65.09775
10,-179.53761,142.16876
10,128.64697,106.947266
10,-114.814224,105.37198
10,-125.817276,-164.6534
10,134.55844,173.97913
10,75.49994,-176.19218
10,103.81534,-128.35902
10,99.19034,-179.50407
10,34.282562,-148.94846
10,-111.84572,119.32568
10,-32.03131,150.2037
10,94.82495,-145.95847
10,97.16565,-105.546364
10,108.07733,65.00073
10,-4.1651154,-178.34541
15,21.448425,-135.65735
15,142.07428,39.259598
15,167.3086,-40.88098
15,41.994965,-161.72545
15,92.54675,96.76187
15,-52.428284,138.96725
15,94.79474,172.7398
15,-13.523972,-175.25517
15,165.93607,-115.7709
15,101.07785,-119.8779
15,159.99905,150.77411
15,120.362,-175.1085
15,-142.74579,132.84064
15,171.69122,173.3725
15,-80.86682,-167.52419
15,-111.24742,156.52747
15,-117.20991,155.89279
15,-147.98135,126.60797
15,103.45123,-123.27664
15,-78.65058,155.21027
15,-134.31566,-93.62903
15,-5.704895,-45.926163
15,23.602448,-21.867828
15,93.91675,-122.83616
15,36.619675,-174.42882
15,132.08344,-133.27818
15,13.118973,-152.0704
15,139.66788,127.549805
15,75.14194,-157.85
15,96.28088,177.64325
15,-3.5730896,175.7024
15,-146.41487,-137.1737
15,69.4816,-137.3653
15,-157.48141,175.26596
15,-104.11706,70.95529
15,145.73834,111.73535
15,143.40387,-113.32336
15,-6.1467133,43.362885
15,62.786636,174.71094
15,3.8948975,-95.29489
15,-125.346115,62.149628
15,-22.702698,153.59116
15,-158.41972,-141.79527
15,-134.3714,-25.16716
15,26.282059,164.5535
15,-80.00326,161.08728
15,-50.644226,-159.09822
15,158.46753,-176.96008
15,-18.729462,85.88275
15,-115.86447,-79.35433
15,-14.746506,-109.7441
15,-123.7521,-172.13487
15,-8.250687,19.621002
15,163.22299,-36.85472
15,177.25592,-25.096207
15,-90.72635,-165.2655
15,-30.529465,163.591
15,-148.57251,-145.83824
15,1.8386993,10.214127
15,25.327942,-42.53882
15,-14.19426,-173.56085
15,-115.35142,160.35516
15,-90.42888,107.09598
15,166.90802,173.47736
15,145.45007,-163.17426
15,-134.85532,-84.700134
15,-24.565063,126.97171
15,-156.20323,168.05737
15,157.57166,-80.30344
15,53.017303,148.73212
15,147.85272,-175.29405
15,28.749374,-141.57811
15,-10.438889,166.13318
15,166.76147,-166.22447
15,-46.323517,78.40509
15,-113.09568,36.146515
15,145.7077,-55.589302
15,-59.250854,167.47559
15,44.697998,179.34174
15,-46.833984,-69.797165
15,-23.325363,-150.91982
15,32.98726,-95.132866
15,154.93115,138.89404
15,171.64835,-161.67499
15,174.33179,-162.88622
15,147.0105,149.33374
15,-32.181732,-166.30579
15,102.91629,-97.46476
15,-48.32184,39.697037
15,56.50963,-163.85509
15,107.69873,178.41364
15,-43.543945,-155.49745
15,-173.25162,-167.85182
15,-66.28376,-178.64326
15,-176.28105,-158.99005
15,-32.789383,-168.27815
15,-101.331024,179.50146
15,-36.120453,50.753372
15,-30.826538,144.38208
15,35.011795,165.03418
15,-56.393707,-176.58643
15,87.58588,172.20316
15,20.700241,-151.032
15,36.77545,-118.15076
15,-142.48262,64.56027
15,46.19664,-165.49782
15,-146.74107,-94.05815
15,-39.69037,-148.49902
15,-95.96065,-52.595734
15,-13.223221,85.03381
15,157.88788,131.85504
15,-156.79317,152.98651
15,-46.882324,176.16562
15,-149.48683,-171.71014
15,-117.06815,20.261261
15,-132.92279,88.95383
15,-58.668945,144.51672
15,148.54901,115.61017
15,-129.80373,-120.22142
15,17.79274,-91.36049
15,-27.036804,-39.3869
15,-88.17586,-152.6472
15,148.25497,-169.48935
15,116.9079,133.77612
15,-6.797241,-177.63535
15,0.91152954,27.134552
15,34.11769,-117.4396
15,175.76569,173.08057
15,-165.08157,-132.0958
15,-177.89963,-95.72014
15,177.96307,-161.34535
15,99.085815,-146.33928
15,-34.441483,152.00125
15,70.54596,-170.54462
15,-19.719696,77.714905
15,66.27887,-102.50533
15,-119.833305,88.96991
15,-25.96286,154.10663
15,135.38837,-128.92844
15,-82.23697,139.52802
15,65.59978,-71.63207
15,10.893784,-179.70705
15,9.498306,-37.621765
15,147.99628,-89.39407
15,-72.75586,-172.76236
15,123.90759,-148.28677
15,-155.5959,-56.175064
15,-152.31966,159.1695
15,-78.69024,172.56116
15,147.74832,113.78931
15,-171.0372,159.60992
15,-57.786133,-137.13016
15,126.56122,-85.284485
15,-102.719,-156.27673
15,78.80206,-97.9858
15,-158.53195,172.32025
15,117.402985,-118.93864
15,-101.37782,-158.86266
15,21.01535,-78.201935
15,-0.7097473,-120.37874
15,-124.877106,153.73627
15,0.503006,-170.53513
15,100.187225,-178.16063
15,-23.950958,94.805115
15,72.389404,139.46295
15,70.65413,176.49411
15,108.009186,-157.35286
15,1.0369568,-6.509903
15,127.984924,-102.483055
15,-76.02849,151.75894
15,144.71484,-160.1885
15,-134.74382,177.4455
15,90.980835,179.50226
15,-105.77885,117.93378
15,-176.19128,168.4873
15,33.94542,-178.78839
15,97.74805,169.68652
15,-59.83261,-171.68704
15,97.719604,152.3642
15,-55.359566,97.57678
15,-156.69438,128.92899
15,104.34207,-147.16731
15,-145.6746,29.804794
15,152.78967,-177.11356
15,-106.84244,-62.5401
15,118.80679,-173.40869
15,-170.83722,163.15524
15,-77.22352,-144.8913
15,-58.206177,146.9151
15,-169.27795,178.5951
15,-171.03932,176.53268
15,-171.60431,160.6109
15,-120.86966,58.146927
15,-145.88226,151.12888
15,9.847839,150.81161
15,105.378265,-150.47478
15,36.339996,-172.14569
15,160.87411,166.15619
15,-167.35313,39.598312
15,-43.979797,63.151077
15,13.152756,120.611176
15,2.923996,164.68866
15,-14.717728,177.71304
15,-157.16823,156.78488
15,-24.06903,174.99075
15,-115.916145,160.83264
15,112.92221,152.08966
15,-28.665604,57.13736
15,2.4047546,90.87625
15,-67.64867,-132.13957
15,49.39325,174.57306
15,-70.623116,57.98506
15,42.8284,134.48203
15,-85.62914,177.48514
15,-75.782936,144.11465
15,-133.12761,60.501877
15,61.783325,171.86133
15,112.35297,-93.2624
15,55.736206,-122.28265
15,-65.26202,-136.90031
15,167.12054,-169.32825
15,173.36652,85.909546
15,9.685013,174.20667
15,-95.85293,162.68536
15,-160.33064,-97.408875
15,-24.318787,-28.985306
15,12.192169,-144.31197
15,-104.38853,-175.41887
15,-124.18053,-172.09811
15,-117.690674,151.05176
15,-72.61888,135.71051
15,13.412109,165.02393
15,-144.52965,-177.1196
15,138.69867,160.00647
15,-33.722412,140.94635
15,-45.636673,174.98865
15,40.251877,140.95782
15,115.35437,-79.63619
15,78.93274,-164.1998
15,-64.92148,172.23102
15,-167.70349,-161.67928
15,26.257004,-90.5504
15,-94.238945,-141.02805
15,-118.65126,147.19104
15,128.44061,-158.18135
15,-68.09412,-118.93536
15,12.7382965,-124.76607
15,11.249115,154.8563
15,-40.17926,-134.34633
15,-84.67813,176.11743
15,10.050262,-165.85547
15,-151.90758,11.843536
15,-86.98772,-29.722351
15,106.871155,-158.29927
15,157.29419,143.40027
15,-145.68364,136.23605
15,96.81287,125.89844
15,-169.14232,-170.86649
15,63.66658,-147.1519
15,-175.0749,-175.49956
15,-33.715256,146.8584
15,161.99487,141.39026
15,85.106384,106.20331
15,31.364655,-139.22363
15,109.27283,-116.76434
15,175.37372,-162.24132
15,164.97784,-167.99155
15,-7.2548676,-174.91425
15,-138.77509,-170.13193
15,-137.42984,146.36371
15,31.393402,151.84753
15,-156.69827,-177.04686
15,10.905319,-152.40211
15,173.75208,166.06567
15,-108.431244,156.79834
15,115.2634,149.5864
15,-157.98892,-166.96608
15,-92.2697,37.92891
15,-40.38385,60.629745
15,-57.717964,-45.736603
15,-138.53702,178.67517
15,-94.62787,-153.2401
15,38.098434,-30.811768
15,93.036316,-89.34601
15,-79.5237,-76.3438
15,123.90692,85.423706
15,118.69159,-137.879
15,50.00876,-162.69221
15,-57.067505,132.7113
15,151.87659,-31.65924
15,-0.945343,159.97488
15,-94.27387,169.10046
15,-129.34119,-95.22229
15,-16.929733,125.19711
15,-109.63681,-160.28929
15,-37.900864,-149.83981
15,68.91643,-69.292404
15,147.43066,-162.37238
15,138.20999,161.76086
15,-55.10006,66.73709
15,-45.429504,113.75342
15,95.286804,-177.96933
15,69.02823,-158.34737
15,-0.9722748,71.449814
15,-103.88983,55.600754
15,7.772156,-174.53665
15,114.92618,-128.79768
15,24.772064,-158.15773
15,26.100449,-135.5398
15,-136.49165,57.98787
15,146.57642,-158.69257
15,147.79175,-145.21048
15,96.05911,166.00372
15,-153.7036,57.47618
15,70.427155,-175.25189
15,-70.52032,17.527557
15,-124.035416,81.85278
15,-108.8875,-171.1175
15,-14.15033,116.66223
15,-101.91858,97.206055
15,23.522644,-159.64964
15,159.41989,2.8635864
15,-27.917221,22.677826
15,-174.09753,167.76001
15,15.401337,-130.90521
15,-3.1686554,-173.47076
15,-132.9257,178.73041
15,-57.216812,149.40118
15,-170.15076,168.43518
15,-146.23401,164.76978
15,-148.92163,172.12793
15,126.61609,16.559143
15,59.371216,173.84259
15,-98.1286,-126.693596
15,-21.246231,99.53964
15,63.298584,-92.38978
15,142.961,94.40317
15,-122.95507,122.55905
15,8.941467,-171.85811
15,-120.71957,-153.45122
15,-111.50064,-115.82931
15,-108.894745,119.12213
15,-131.0021,-147.14099
15,-20.927078,95.06058
15,-54.191223,154.83102
15,156.3153,-22.322113
15,49.989746,-125.806404
15,-161.9935,134.63226
15,129.43146,-160.11961
15,-148.23254,62.067764
15,-135.73135,167.37604
15,167.9862,45.467636
15,68.828445,-174.62697
15,129.24866,98.09357
15,-113.415886,116.49173
15,176.28748,177.16742
15,-108.37787,108.91699
15,-24.732666,-170.21297
15,-94.17182,-154.53635
15,-10.772873,-169.18698
15,-70.9032,163.25934
15,-124.62168,-133.93442
15,86.34738,164.44458
15,18.856934,-154.31232
15,-51.636932,150.60187
15,-133.60973,174.97919
15,72.98007,-100.06062
15,-119.755424,128.80386
15,-141.80891,-113.47911
15,100.70621,-92.79302
15,144.6984,146.04633
15,-145.34377,173.90344
15,-17.995407,-179.32355
15,100.09418,137.97733
15,161.06677,155.95502
15,121.678375,-141.57614
15,44.958878,144.84174
15,-26.403793,134.75394
15,-77.10442,-142.06407
15,-133.81563,90.10315
15,-140.34566,4.7190094
15,96.589966,-149.6627
15,-98.02318,-177.3043
15,-142.62715,178.18039
15,-161.80304,-175.91609
15,-81.426094,143.88885
15,27.00557,-141.5395
15,158.9925,-138.32753
15,112.796814,-87.7931
15,-23.603455,-161.63556
15,61.452377,141.45142
15,78.248474,-102.24224
15,-96.16081,94.34735
15,-22.12593,-174.08977
15,28.84166,152.53537
15,110.21796,-159.30746
15,14.579407,-135.21841
15,-57.799866,177.01328
15,42.414673,125.96527
15,-173.86057,-177.41756
15,171.39496,162.68842
15,-178.02815,-145.53448
15,-149.25276,174.18161
15,39.748505,143.84772
15,81.60397,133.65588
15,18.02353,-29.077484
15,-50.416656,-117.558754
15,22.039215,41.636307
15,-130.95757,157.15314
15,105.94992,-178.11427
15,-138.95125,129.66357
15,172.83368,172.94824
15,-17.340744,162.36371
15,142.89026,-134.07234
15,169.35947,-45.476868
15,168.79987,163.8291
15,7.623169,-171.97241
15,57.56366,-171.94077
15,-25.482407,176.41644
15,-136.96011,-148.82962
15,-107.70854,-164.67294
15,167.99683,-157.25128
15,87.20532,80.49115
15,15.4257965,-109.17337
15,-74.553024,141.67358
15,124.90732,-54.798447
15,-130.93738,166.46927
15,133.02191,-145.50296
15,-75.04924,89.36252
15,47.11624,-49.304413
15,-0.6912079,169.28351
15,-68.02205,161.55011
15,-114.3234,139.56732
15,-14.018784,136.61719
15,-21.081558,154.55634
15,-9.711136,-179.07787
15,108.58838,-175.17725
15,-92.38518,-175.73341
15,157.2522,164.30597
15,150.84326,129.16898
15,121.77338,-99.17788
15,-114.589294,-165.054
15,-52.63877,127.44165
15,99.392975,164.84442
15,165.77081,141.05328
15,52.34964,-163.2502
15,31.06215,-134.40067
15,151.81384,-152.57387
15,-25.09787,151.23929
15,89.00726,142.27835
15,111.256836,-170.86594
15,-97.07299,120.76935
15,68.5683,-115.49456
15,163.31616,141.0633
15,23.735931,-173.54478
15,22.08609,-94.00976
15,26.951996,116.18677
15,-156.37408,139.27612
15,162.23785,-146.14243
15,28.5793,-132.5442
15,135.15564,70.26007
15,140.47314,-100.248184
15,-109.573235,-156.97548
15,4.931961,-176.19617
15,142.72998,-170.8704
15,-8.008499,-178.21773
15,-10.919189,138.42798
15,69.395355,150.96237
15,-160.12767,174.45056
15,-35.58542,-156.27248
15,65.20093,95.3363
15,101.94574,-162.58842
15,-84.038574,175.69836
15,57.263107,-99.459656
15,-125.411995,-175.14546
15,3.3786926,-161.17978
15,72.95514,178.75787
15,-134.4336,-129.41173
15,-110.84676,165.08612
15,-118.98889,86.512634
15,160.45178,163.8949
15,-79.18609,-41.299652
15,-0.96884155,-175.08435
15,105.75372,112.2858
15,0.34111023,154.35577
15,18.059067,-123.951485
15,110.723145,-155.77626
15,131.30042,173.18463
15,-158.66345,53.385666
15,-141.35692,72.71866
15,-166.42009,155.63382
15,28.956604,169.35934
15,-36.999603,-161.1465
15,135.77435,-168.82974
15,-14.219116,43.471542
15,-82.92208,-171.39207
15,49.310944,165.94818
15,-104.879944,173.71356
15,-16.421524,-176.42844
15,40.89679,-119.09182
15,-68.71565,-161.02275
15,-119.50979,130.31189
15,-39.356216,152.52893
15,-3.5773926,82.961334
15,-167.93831,175.04498
15,132.41553,-170.85255
15,76.79932,142.72586
15,88.09357,-154.07526
15,-17.467194,64.7677
15,-123.05175,-162.57007
15,-27.120575,136.11932
15,14.8311615,162.56189
15,-176.96535,166.17581
15,141.875,-79.69899
15,103.84738,142.09918
15,24.846573,178.10803
15,-84.667465,65.21246
15,-49.81067,106.708466
15,-141.51562,-156.98587
15,-0.4281006,165.09808
15,-37.167572,135.34259
15,122.15842,-153.52193
15,-5.2202606,12.758667
15,133.65887,149.6276
15,-82.10662,-173.63483
15,40.863235,-43.632675
15,-160.56496,40.20172
15,-1.7111359,153.52307
15,120.967834,125.703156
15,-16.273575,61.52945
15,-124.690315,144.2586
15,107.023865,-113.48098
15,-151.01372,134.62756
15,92.157684,-174.6476
15,-109.66059,-149.6668
15,-148.71729,167.74976
15,75.7941,127.023224
15,8.571548,-170.60094
15,82.09027,-176.16776
15,45.724014,-121.2029
15,-1.8715515,160.6875
15,-165.6966,171.48477
15,124.24222,170.49237
15,80.25348,-176.95021
15,-122.52187,-27.123077
15,39.30066,-133.01945
15,58.353775,144.5221
15,-25.974854,-99.86836
15,119.00867,-96.031654
15,119.900085,-131.77339
15,-22.626846,20.133163
15,-165.71602,7.344757
15,-110.14083,140.87045
15,-171.85211,-143.88466
15,-23.180649,177.11096
15,34.38211,-171.7079
15,-152.67288,-152.61919
15,-105.77599,175.59204
15,-37.453674,144.34857
15,31.465347,-35.34207
15,142.841,112.02704
15,-19.924072,179.96274
15,-31.037643,150.58667
15,15.825729,103.44638
15,37.33522,-148.05612
15,-0.23164368,162.59338
15,1.3266907,-129.21971
15,34.801086,-126.90416
15,160.8197,-104.240326
15,-80.53011,133.52274
15,148.86935,65.8873
15,133.43109,-177.16966
15,-4.080414,170.00073
15,36.39644,133.10428
15,34.900238,169.03662
15,17.219467,-162.80527
15,131.96454,163.77759
15,28.751709,-175.83858
15,-80.663994,45.640503
15,-161.52911,-144.44249
15,131.0509,-134.59644
15,151.50461,-72.88365
15,24.52533,-139.68068
15,-132.00992,57.875244
15,148.86304,-177.41428
15,103.37164,-112.52796
15,152.26263,-175.68051
15,171.79233,-179.02522
15,135.67102,-37.90889
15,-145.60526,-177.28137
15,71.48291,-134.20218
15,-40.480408,120.59595
15,103.03595,-161.93178
15,-80.936844,-158.4966
15,51.068115,-137.39398
15,23.004807,-170.3358
15,50.410492,130.61398
15,-146.18723,159.61249
15,-75.13013,-176.98323
15,170.05756,171.85602
15,-96.62613,151.13849
15,5.097458,179.90472
15,-109.06173,153.37738
15,168.75446,-149.32146
15,140.68497,-71.84033
15,176.19473,139.15802
15,96.117615,-119.81532
15,-115.87115,-163.90868
15,-155.82428,-94.328125
15,-47.467667,40.5233
15,55.77841,-141.31233
15,127.88876,162.64496
15,-113.47819,70.81775
15,-178.35617,-14.671387
15,-93.64342,168.57709
15,-125.30166,149.62457
15,61.129074,-179.51627
15,176.59006,-172.13042
15,55.413895,106.00369
15,-121.76431,148.10571
15,164.55197,147.64838
15,106.28485,-177.58632
15,121.31943,-115.62141
15,27.132065,-124.89253
15,-18.646194,28.487457
15,85.80664,-172.8084
15,-55.76123,120.51248
15,-178.9747,-117.0122
15,-79.92135,-163.94295
15,-24.430038,77.33032
15,120.938354,-140.18181
15,20.691513,-164.60934
15,119.10809,-179.84673
15,-48.98253,-177.25417
15,63.82936,-136.97592
15,-7.7439423,7.2348633
15,-86.703094,150.30792
15,-158.33151,168.03433
15,-99.95675,-178.1861
15,-102.84532,137.08475
15,-24.674438,115.759796
15,-0.51582336,-10.942505
15,122.06949,-153.06866
15,-37.325165,135.8274
15,-152.04993,-127.81118
15,84.15344,-176.4937
15,172.10504,-166.39809
15,-25.660004,136.8341
15,-30.124588,-170.66039
15,-112.56201,-176.86977
15,-142.81532,-166.0401
15,-140.72194,-136.6635
15,66.56094,168.3338
15,-157.80708,46.510315
15,150.44455,171.3388
15,-146.02849,173.52924
15,-136.75899,82.75128
15,-171.55249,-118.1476
15,-139.55125,168.24963
15,126.02203,-144.64326
15,-127.286064,154.76599
15,-50.149628,-162.69655
15,-54.210876,174.71616
15,0.035308838,-179.68773
15,149.16876,-151.5544
15,-125.7936,-177.1295
15,154.11322,-174.52951
15,39.02646,-166.33897
15,-106.67395,141.86664
15,80.5907,70.73746
15,26.438278,-98.57787
15,124.37982,-146.80145
15,165.34009,-136.47905
15,-42.60791,117.737976
15,-158.17375,-168.02
15,119.48801,-145.48853
15,91.20422,-175.91785
15,10.897568,-98.37566
15,48.42633,-110.86653
15,-96.50117,168.09192
15,-119.811226,169.75397
15,155.45758,175.4097
15,-14.676193,120.50568
15,132.35876,179.36713
15,-101.6552,148.83893
15,-132.79915,119.13501
15,-125.96483,-142.64581
15,26.386032,-163.5333
15,-171.39445,-138.94977
15,165.08112,-86.34186
15,0.27464294,120.256714
15,17.98912,10.094879
15,-91.98917,141.51321
15,-132.62553,124.46271
15,10.315308,-176.03917
15,-12.159515,177.31458
15,-173.4734,-159.87047
15,77.39569,154.38678
15,38.058777,171.15656
15,-114.64345,-175.39688
15,77.86841,-138.77443
15,121.451355,139.81985
15,-60.044052,156.98395
15,66.56421,-141.18314
15,14.800278,102.05084
15,83.35269,147.93805
15,-18.581863,136.5899
15,-157.4475,50.219574
15,-128.69452,-179.1818
15,-62.480957,177.49756
15,-178.89832,-163.86566
15,-110.2746,-160.51852
15,76.62085,172.876
15,-158.87761,-156.66742
15,-61.699844,-112.871124
15,36.864838,-131.45512
15,-37.130615,114.38663
15,-72.85109,-179.49544
15,-53.838066,-172.45972
15,-25.138931,51.244354
15,64.39401,-156.03458
15,-100.10353,-167.87172
15,148.98798,167.1117
15,3.6286469,-174.99345
15,74.5578,-109.70613
15,-42.537537,47.52652
15,162.65106,111.14075
15,-138.56264,-136.84845
15,-122.69132,165.12183
15,-73.065674,21.395538
15,1.8117828,-40.61252
15,83.04526,53.229233
15,138.8086,-152.21481
15,139.77948,108.429565
15,131.64697,169.90472
15,124.43283,-148.23586
15,-10.396286,40.685623
15,17.914185,-159.65416
15,-33.8573,147.41455
15,-114.52162,81.70917
15,-136.79645,147.24988
15,-46.384064,123.69385
15,-160.10837,-150.42876
15,135.35373,-88.38082
15,19.083847,-175.64503
15,-130.82233,61.4747
15,166.68518,100.30026
15,105.48468,-163.88663
15,3.1679382,-151.81973
15,-136.00957,160.21436
15,-131.82773,73.638504
15,93.38229,-167.0457
15,23.404236,-20.28566
15,-35.809067,166.6518
15,162.04633,-104.843346
15,-94.82313,-160.54
15,-139.91321,-86.99726
15,78.26486,177.66272
15,36.15216,-128.46481
15,-25.76651,-176.9167
15,29.54103,153.95123
15,-35.55789,165.33826
15,91.06259,-146.61707
15,-60.86316,152.73941
15,127.67505,-175.63612
15,-6.313843,17.745667
15,-110.90381,-140.5729
15,-30.304153,133.63177
15,-25.35318,-147.50818
15,163.17813,-35.48781
15,-123.11782,145.35626
15,-134.62236,-171.84763
15,-4.3823547,-117.32949
15,-113.667534,-157.67224
15,3.7554016,-159.87735
15,148.35614,161.59616
15,15.95639,-158.39746
15,-12.98259,-158.71489
15,71.86322,-166.30296
15,108.75549,-75.455986
15,-59.9868,85.78763
15,156.50253,-172.75221
15,116.69763,-99.18025
15,140.43558,171.99792
15,-11.00116,153.34222
15,29.728333,-121.73718
15,-76.87984,-160.93187
15,-34.34662,88.0047
15,116.33084,-101.71163
15,-96.69471,128.3086
15,-147.50714,-164.89433
15,-137.67412,-166.31624
15,-122.63683,162.05463
15,165.57428,-179.00185
15,70.43381,175.64911
15,170.05612,-175.90083
15,136.56854,105.03204
15,81.197266,-172.70563
15,16.558624,-127.63695
15,82.91055,-147.06157
15,100.02615,-88.56638
15,159.6576,-51.969223
15,105.91217,172.89911
15,111.67627,-71.95067
15,75.06006,74.81073
15,24.999847,-152.53493
15,46.891647,-162.54674
15,48.280396,141.43524
15,-52.173798,161.77032
15,-20.52002,167.84973
15,-148.23972,144.73453
15,154.25055,-161.28853
15,4.9099274,-171.82985
15,-151.51231,-170.7469
15,-89.22191,-176.03864
15,166.88956,133.97934
15,-142.22388,-129.43044
15,44.28984,-22.869308
15,-64.44327,140.08875
15,-34.30371,-96.325424
15,67.18179,-155.82578
15,-70.799,-174.03377
15,21.604553,-113.09416
15,50.854614,-177.5566
15,-61.760902,-160.83398
15,168.98688,112.177795
15,-34.62953,-173.95337
15,-154.11116,57.780334
15,-127.77145,-174.44153
15,-107.11683,64.63089
15,-143.58258,-160.84279
15,102.64926,-138.7469
15,72.79585,-177.00743
15,-14.542831,169.5072
15,-41.118484,47.4032
15,8.958359,-176.53508
15,-152.28972,-172.70712
15,113.96414,146.24438
15,-78.641014,178.42505
15,-131.35245,-126.698364
15,-131.12384,177.92426
15,90.33185,-154.98694
15,162.42822,-49.27446
15,-151.16864,163.68915
15,2.9910889,176.85327
15,-172.43791,25.539963
15,125.804504,-125.53401
15,17.03006,-98.03436
15,-14.069412,166.96259
15,32.562653,-168.42789
15,104.18262,-104.392815
15,-84.42011,126.144806
15,-43.47908,152.43695
15,24.25708,-141.89023
15,-42.796432,6.3077087
15,58.894547,-69.629486
15,145.34906,-171.65518
15,-168.97191,-17.804367
15,13.786316,159.8761
15,-146.72856,-23.919846
15,-111.66901,103.33142
15,93.939514,164.9725
15,0.6819916,3.8301392
15,27.416199,-179.20097
15,-170.13434,55.1586
15,4.6497498,-170.03714
15,162.24164,-172.54048
15,93.87189,139.39471
15,173.39462,167.13928
15,-137.43611,25.581207
15,117.45511,165.72437
15,-175.80885,13.956467
15,114.625824,112.015076
15,-113.19555,136.90411
15,104.2099,-68.46215
15,16.58284,-121.280045
15,30.495193,-59.385216
15,62.85382,-163.78766
15,15.252914,-164.06335
15,31.675705,-165.9863
15,-19.903122,1.9129944
15,-50.61226,-167.05942
15,64.78598,144.8139
15,59.656982,-147.72409
15,-143.65176,149.5758
15,109.873535,-136.66357
15,-167.10687,96.06711
15,23.65245,-139.71017
15,20.107895,-165.53954
15,163.44995,-132.49124
15,-13.241089,-156.26239
15,-122.42167,121.25394
15,80.410095,-162.09793
15,19.836594,-140.91582
15,-131.11407,-178.60423
15,61.975067,149.56415
15,161.66379,179.17508
15,-136.05202,-92.31247
15,-40.918686,-130.49924
15,-56.788986,153.20694
15,64.18771,-128.37254
15,-19.329132,97.83313
15,-96.42683,82.233154
15,-98.772675,120.14343
15,-6.393326,-145.1264
15,163.67163,131.21426
15,-97.77176,128.21277
15,36.33412,-146.9283
15,82.42709,-120.95425
15,-18.427979,-7.844269
15,-124.23454,-138.49637
15,114.831726,136.88916
15,-169.12616,25.51332
15,31.931427,170.33301
15,-57.610107,152.4603
15,132.99802,176.54666
15,-130.1951,169.98553
15,121.52402,-100.21363
15,39.549576,-99.97874
15,-19.260437,42.18286
15,15.6731415,111.71533
15,-129.16312,-46.473206
15,130.44156,-149.70432
15,58.524673,160.44617
15,45.48912,-59.912888
15,-106.67418,79.09775
15,83.05032,166.06842
15,-95.95886,24.959503
15,-18.345352,35.87375
15,44.183884,-175.33607
15,-153.09532,-143.22447
15,-167.27429,174.02924
15,9.861755,139.8537
15,179.48209,-168.82356
15,-118.0494,147.75342
15,41.235275,-148.00969
15,156.28711,-123.41463
15,-26.166473,-168.10645
15,-166.20792,-161.41267
15,43.516037,-133.20967
15,-162.55292,174.21942
15,6.92247,171.7085
15,24.411743,49.130554
15,-64.12121,-137.02692
15,134.51807,-91.98576
15,126.86078,-147.60464
15,-160.0106,-164.83694
15,-26.75595,-130.92172
15,168.22476,-157.59688
15,-71.31445,149.7315
15,107.744995,-98.30955
15,23.497162,137.22098
15,136.54651,54.413605
15,112.3031,165.62769
15,-115.854195,166.64932
15,69.16641,-111.56761
15,18.816544,-144.63948
15,165.30765,-144.32695
15,55.99164,-100.309006
15,31.679276,-136.94739
15,151.80743,-178.18445
15,-66.0813,152.81094
15,-139.54199,126.69354
15,-175.25198,-127.124214
15,-33.331573,-157.23067
15,-166.38524,161.98279
15,-33.550995,-146.37485
15,105.09863,-117.889404
15,158.3609,-157.61853
15,12.497726,-106.29282
15,-82.49971,-146.0255
15,3.969345,172.56668
15,156.14838,109.9877
15,34.20076,156.4151
15,-128.09785,145.32745
15,66.10939,-129.61868
15,23.628494,-158.03082
15,105.773315,-129.0071
15,86.0694,-117.56904
15,-153.9121,169.25012
15,-114.18787,-94.10886
15,97.148926,130.84668
15,-127.73627,158.94275
15,-92.89147,81.70215
15,-166.58966,-174.40874
15,17.439072,-174.78839
15,-32.685898,124.848236
15,11.433014,-163.36398
15,29.997421,72.518616
15,-118.89833,71.91701
15,175.5185,-175.82498
15,97.16913,161.9607
15,12.282013,-89.19893
15,113.27579,-91.79708
15,-98.06843,133.67847
15,63.888977,-68.77533
15,3.1101074,-150.38095
15,-116.18938,-146.88214
15,-128.04114,70.528046
15,-142.15057,-166.21489
20,-49.88571,76.99704
20,-149.8454,29.597122
20,-149.44582,109.25275
20,137.84296,165.30405
20,135.10925,-117.56627
20,-126.80438,-146.23642
20,62.164642,-121.96177
20,-77.67841,83.45099
20,-154.37575,138.83667
20,161.71503,-49.639572
20,131.89972,-146.8439
20,-171.03574,-173.5003
20,-45.905457,149.76685
20,125.0437,-179.55354
20,132.46918,125.096405
20,138.0777,-82.09276
20,152.01572,167.30676
20,6.0232544,-173.3477
20,-172.01514,-171.16518
20,-4.9011536,148.98865
20,107.81845,-139.53833
20,-111.72451,169.73547
20,86.738495,179.30276
20,4.408478,2.7101898
20,-175.27502,-127.18477
20,5.546234,-106.2681
20,149.91684,171.62573
20,131.4502,176.94739
20,-136.0695,-123.32432
20,98.15796,-173.17534
20,-4.3884583,144.04422
20,9.804138,-173.65215
20,-146.99632,162.56818
20,-52.60347,-8.380707
20,10.798157,-149.86377
20,158.21677,9.537109
20,-68.916145,165.72855
20,22.774689,173.69403
20,73.01018,-130.47636
20,-178.66008,163.35709
20,-146.08215,137.36096
20,-125.08686,101.30475
20,38.34401,169.43457
20,-109.67751,-168.07927
20,-40.19919,-111.22447
20,-83.4553,129.18881
20,-29.95604,-145.08215
20,160.0951,-171.73364
20,112.153595,-160.62305
20,-63.929764,-154.2166
20,87.085785,-124.591156
20,0.26815796,-171.41634
20,-32.38875,103.61093
20,136.81934,-157.47653
20,-15.565582,-130.30151
20,-37.211426,-170.15228
20,-69.27169,76.12048
20,133.97156,-166.19191
20,-42.2966,-135.20515
20,-104.527084,173.42911
20,164.74197,-162.92293
20,-63.46856,153.14291
20,157.93402,-42.157516
20,-72.917755,-151.10493
20,97.52115,-168.50824
20,125.63989,-165.12155
20,132.38507,-160.93752
20,84.80911,169.33124
20,-57.023254,153.44061
20,-54.592262,-22.75058
20,-78.71602,165.85913
20,-145.29872,151.78632
20,-8.103378,-177.33292
20,105.05179,159.01886
20,7.3746796,174.5957
20,71.31021,154.74466
20,168.37946,86.90726
20,159.82791,-6.471161
20,-169.85165,123.3866
20,-67.239395,161.99677
20,33.708435,-129.68341
20,42.482025,-106.679695
20,-149.21649,-176.63434
20,157.20264,133.8623
20,-5.4540253,-171.06541
20,72.3851,148.32697
20,36.69606,-136.23656
20,-103.21566,81.31497
20,-38.361023,-124.52041
20,-99.90891,-130.52371
20,3.6120148,-120.42424
20,-130.37703,134.11462
20,37.999557,100.66785
20,2.076706,118.85895
20,-169.06892,-170.46371
20,-109.18548,-178.22629
20,-177.69029,136.65552
20,165.92365,136.33429
20,149.83273,-75.10743
20,-5.543686,151.57886
20,-91.36371,-171.2193
20,149.30746,129.63336
20,-168.58467,176.37576
20,-0.68634033,-167.92787
20,-151.42555,-145.49924
20,144.39526,-163.83409
20,91.58838,-123.85922
20,-145.24297,-113.326225
20,-142.4328,174.05463
20,-142.06143,132.47015
20,-106.672455,-160.9406
20,141.19193,-159.30597
20,-128.09584,157.67328
20,-164.16719,63.2809
20,-167.75783,-153.5902
20,11.839859,-0.22021484
20,-35.769394,137.95209
20,149.4422,-58.029083
20,7.1268005,155.79657
20,38.1447,166.43253
20,-148.07176,134.28918
20,-78.43262,-151.45934
20,109.39676,-63.219254
20,-133.78094,-166.44577
20,37.2276,143.90823
20,-142.73781,110.92355
20,-129.15263,104.90381
20,-54.32074,-173.94432
20,-99.85116,126.33542
20,-121.30968,169.90265
20,81.482025,55.30069
20,15.637405,-163.45973
20,4.127411,104.878174
20,103.7637,-138.67105
20,21.134476,179.68402
20,83.12479,-173.84209
20,-123.948395,154.4487
20,-25.107407,158.50342
20,116.44327,-146.03287
20,-98.931046,134.40631
20,10.811783,27.00145
20,-40.48665,127.380615
20,-58.21054,129.50174
20,10.87767,114.91376
20,-15.114883,101.14697
20,-113.42555,-175.58112
20,12.889008,-37.27832
20,168.74377,168.8439
20,161.3418,-173.54308
20,-45.81134,155.73108
20,-121.51582,-165.67245
20,-19.766693,-151.82326
20,8.296768,-59.785522
20,56.48378,-140.64342
20,136.29535,-101.06127
20,171.63007,-166.4612
20,-3.277649,172.99948
20,75.14194,-76.08273
20,50.89586,-142.07782
20,141.65314,-148.04317
20,-79.05043,152.46185
20,-175.67815,-145.3358
20,63.296967,109.0441
20,65.15245,-131.9843
20,91.77771,-157.40407
20,144.28613,155.93652
20,42.2807,-81.21476
20,71.323456,-102.36683
20,-95.27918,175.21378
20,109.46567,166.15192
20,-130.79262,69.423874
20,-22.825653,160.09167
20,-83.54448,176.42331
20,-10.621017,36.900726
20,-141.91049,-111.46686
20,11.852234,142.21613
20,137.40625,-141.81415
20,38.539,-159.60461
20,144.34174,-163.6222
20,-138.46895,144.57233
20,-81.967865,84.879395
20,-23.246353,160.16803
20,-121.83467,150.78864
20,-32.51082,170.94699
20,134.19672,-171.1602
20,130.42218,-174.40424
20,106.096405,-136.10013
20,10.902863,7.938263
20,68.60318,-120.46897
20,-110.50512,137.12677
20,131.08252,-165.41829
20,109.088196,32.900513
20,41.56891,-148.29816
20,-110.235756,105.395996
20,10.165634,171.59296
20,144.4432,-158.29817
20,-155.13255,-174.18088
20,161.017,-18.204163
20,54.35161,-175.45267
20,139.08655,159.07346
20,-41.8452,-121.488556
20,-23.781296,-153.56276
20,-156.17325,154.12482
20,-127.1669,63.976746
20,95.013916,142.54651
20,-15.948837,139.07874
20,-83.23994,155.44452
20,40.806763,-147.18362
20,-100.00588,70.81676
20,-125.56696,-65.1192
20,-28.820953,141.63177
20,-70.43376,104.64853
20,-35.463547,-119.534134
20,-93.918755,-168.41524
20,34.002502,-141.31836
20,-152.44153,-167.49493
20,-16.939209,120.72214
20,-111.51769,157.08606
20,-44.553833,179.5037
20,176.59253,151.10248
20,-127.77774,125.894714
20,162.47156,-178.07664
20,101.60217,155.73438
20,-146.25798,-175.69972
20,110.290344,-160.24237
20,-127.72411,-167.78107
20,98.600464,-159.09721
20,7.85495,-53.320618
20,148.64212,-118.880424
20,-24.652344,-135.25186
20,169.17242,-164.14842
20,-10.308395,158.75488
20,160.63257,0.12123108
20,-178.26843,-79.941154
20,-92.02464,131.48303
20,156.1311,143.11096
20,170.55627,-171.40408
20,58.036957,-98.05928
20,-30.954132,102.89389
20,-108.78702,-165.8818
20,-81.49216,169.14343
20,-175.964,-177.71303
20,-103.09532,-147.84291
20,-43.4348,-171.43683
20,-117.31855,100.391174
20,-131.1659,162.89859
20,50.187622,171.39017
20,20.828247,-168.82327
20,-135.91556,-169.5183
20,20.462585,-169.87814
20,-87.62499,137.08667
20,-157.92796,-146.10313
20,88.73312,-125.44386
20,121.81723,146.13992
20,123.39743,12.718338
20,-72.052666,157.52475
20,-29.789047,148.71857
20,21.353592,-174.50603
20,-151.73183,143.63788
20,124.29913,155.9108
20,-140.69168,147.77405
20,119.959564,-152.5445
20,-120.733086,149.7746
20,-92.8166,154.95587
20,122.47229,165.42072
20,-29.919449,-139.50932
20,172.58167,158.93707
20,-95.51204,138.35168
20,121.67169,-164.61633
20,31.109497,-156.26704
20,-113.10547,-155.93416
20,67.30292,-156.57921
20,-19.153091,179.56927
20,91.802734,-164.98174
20,-23.019379,27.085526
20,34.071762,150.64984
20,-129.05034,120.63455
20,95.932526,162.30704
20,155.0765,102.77551
20,-24.238968,174.85379
20,156.39233,159.13867
20,-130.73586,160.21838
20,131.19763,-117.09746
20,-36.765,-173.49066
20,-50.14041,176.41815
20,-41.813797,134.33884
20,-125.163826,154.92987
20,38.501953,-84.511444
20,106.79587,-92.09566
20,-25.594528,135.60474
20,-40.248413,139.94498
20,-158.19112,164.48352
20,-59.69693,169.00125
20,-30.791824,-159.97037
20,86.88965,-174.48376
20,-165.84868,-150.56033
20,133.9643,114.50467
20,-25.307968,108.99362
20,-123.61484,153.7807
20,10.52327,137.48138
20,145.18365,-67.570526
20,-172.8016,61.376724
20,117.69458,-148.943
20,-10.369797,159.02765
20,145.87164,-92.50677
20,173.80511,-140.36974
20,128.5885,169.1665
20,57.332138,-148.9927
20,-97.876114,-143.71384
20,-116.668465,147.61313
20,-164.12091,169.89917
20,-39.804672,73.3078
20,-45.67325,179.62433
20,127.59085,-172.25854
20,111.572754,157.91241
20,-155.04958,-178.86356
20,27.681717,-156.65791
20,-118.26815,104.62543
20,99.201904,79.11963
20,-129.07957,154.8938
20,158.707,124.384186
20,37.59613,117.67432
20,-54.705856,153.47461
20,24.371307,-137.64764
20,-44.196396,177.87537
20,-127.42182,77.9483
20,123.63553,-137.1245
20,152.04663,175.46191
20,-135.28603,119.076965
20,30.871017,69.15509
20,33.70163,139.02658
20,-82.75523,70.61914
20,-91.08679,100.24313
20,19.861496,178.73444
20,47.398148,-171.35608
20,-129.68832,-102.49378
20,-37.311005,-88.945465
20,-45.03183,161.23343
20,-25.06195,103.77887
20,166.80771,-63.053802
20,31.021408,-178.63222
20,122.0318,142.38861
20,-162.24088,128.02512
20,-128.7027,117.509186
20,-166.86165,167.20898
20,-66.27107,32.49231
20,88.644745,-99.25987
20,-90.26351,-144.90509
20,165.4762,121.121
20,-125.59132,65.942474
20,-76.29895,-173.97423
20,-145.26851,65.40839
20,171.68585,155.58575
20,-87.37137,168.17834
20,-127.7106,147.03333
20,-37.080658,120.1749
20,15.33815,-7.173126
20,115.15735,-141.1781
20,-139.75798,152.46753
20,48.02446,-154.76776
20,-8.117462,177.62537
20,128.1416,-152.6384
20,109.41574,160.63403
20,-146.38112,-159.1219
20,112.98398,-149.65201
20,-146.11646,-147.73701
20,78.56555,-67.058975
20,-1.5688019,98.916626
20,-113.40755,155.70502
20,-45.16736,178.23465
20,-118.16616,147.91388
20,150.55817,169.33984
20,51.084198,155.6372
20,179.02423,-167.94229
20,88.399994,-167.41815
20,55.671112,-74.76844
20,-173.65878,79.695404
20,-1.5332794,-179.69289
20,99.05362,-173.3544
20,-24.082489,106.62982
20,14.935165,-155.3607
20,-166.86427,166.94989
20,35.143448,-128.06017
20,-119.006424,-133.68027
20,7.3888702,173.5401
20,130.50433,-60.5159
20,-174.6907,174.77579
20,-14.333237,151.47488
20,-130.75568,-157.60635
20,149.54199,-177.74342
20,-110.93086,-169.05365
20,97.46741,150.551
20,-175.22952,-0.9424896
20,-79.9852,-87.238785
20,-169.87842,159.84909
20,-32.915665,108.92743
20,27.818665,-117.2926
20,-147.89394,77.01764
20,-90.40102,173.60095
20,-122.71753,-174.89267
20,51.37372,168.99133
20,-29.113068,-139.88396
20,36.45749,-105.0446
20,-26.114899,162.14337
20,-113.9852,-176.36168
20,-76.92412,-125.143555
20,73.824005,178.76257
20,-8.098099,156.41968
20,-100.02968,163.39572
20,22.944702,-174.08142
20,45.13469,-108.031624
20,-5.050354,162.51086
20,161.25235,168.2428
20,-64.72857,-130.7525
20,120.522156,108.09729
20,3.6489258,178.29105
20,-48.35916,-178.51625
20,63.51387,-76.5958
20,79.896484,2.572342
20,-116.20558,-178.5675
20,32.80139,-179.74757
20,82.36163,83.23819
20,-105.62655,-156.88235
20,-152.86368,146.57452
20,-38.6606,-169.341
20,-137.07304,167.29309
20,116.66638,-153.88055
20,-177.8625,146.97772
20,67.59717,-97.3791
20,-162.64166,-171.47144
20,-123.53965,102.45444
20,100.7973,177.59344
20,90.40991,-160.5405
20,-1.8725281,158.47717
20,124.58621,-158.60345
20,129.51318,-162.43883
20,-28.82779,131.59348
20,-127.40895,51.89496
20,-25.167328,174.45364
20,-158.75327,-116.869255
20,46.679626,-146.0085
20,166.14792,-42.962616
20,65.00853,-154.06804
20,-153.45714,-166.79614
20,34.820114,-176.09027
20,-109.13273,124.12964
20,169.93802,166.55106
20,9.137161,-152.85599
20,-113.248375,-132.84097
20,-18.434479,81.29205
20,-116.023796,-0.18322754
20,-30.833298,-75.13179
20,9.291061,170.88803
20,-149.72632,-147.5309
20,133.8162,-37.31018
20,-15.6528015,-166.21727
20,-4.1723175,-0.41514587
20,73.704956,148.83551
20,58.668884,-30.983063
20,-143.96509,127.36722
20,98.42908,161.50568
20,43.682846,-111.00374
20,-8.066818,-176.32713
20,-60.84664,-177.29988
20,-29.639374,-154.54149
20,-0.028274536,37.812088
20,120.71942,165.63501
20,-38.605774,131.46701
20,148.69153,155.78528
20,172.99121,145.43158
20,-97.66943,134.83276
20,114.21115,126.03067
20,-48.416214,-178.3906
20,56.18457,-51.462967
20,-20.315216,146.31668
20,121.3439,122.78854
20,96.117065,151.02539
20,-118.012344,106.46884
20,-159.02429,-125.50863
20,60.15764,-158.62767
20,52.981506,-175.18259
20,-134.45387,172.70663
20,-35.01442,-67.14236
20,97.13016,-162.98007
20,-174.7987,160.87372
20,30.433884,163.23944
20,-80.59368,153.52997
20,-149.46114,-165.78229
20,118.11383,-110.3591
20,106.64157,-170.2974
20,-82.90516,172.13025
20,168.67993,-157.51161
20,-122.581375,170.89081
20,57.27028,178.20651
20,158.73654,87.67328
20,37.572906,-162.85417
20,144.19415,-141.05734
20,0.11595154,126.18042
20,-26.966995,-163.73361
20,-113.94037,142.979
20,-136.67053,159.8623
20,-147.9563,91.56561
20,-91.575134,-163.66338
20,-3.6695251,142.87106
20,140.42688,-176.6637
20,-116.39523,126.0275
20,25.854187,-58.525085
20,-134.51845,52.35327
20,-34.23297,107.81769
20,-106.46045,-146.1822
20,22.175491,169.64246
20,174.7904,138.54095
20,106.20691,176.30713
20,-82.81072,139.69504
20,58.125473,-163.063
20,52.978485,-162.64508
20,162.80774,-161.10168
20,-34.67006,171.18759
20,31.054077,-75.72462
20,179.01663,-104.354774
20,1.8405151,-163.3349
20,-49.5045,132.98218
20,18.164536,-163.74756
20,-45.381073,154.26971
20,-17.514313,-173.6388
20,172.01343,-84.96938
20,-18.480392,105.82837
20,129.67273,-166.42995
20,-33.5392,141.02487
20,173.14899,178.21545
20,11.874481,-163.70137
20,-151.12048,107.18036
20,-5.2130737,156.57373
20,93.61389,-158.35788
20,-103.442375,120.89346
20,122.419586,-174.3462
20,-139.8473,90.51239
20,-13.189606,26.962036
20,8.799469,165.19916
20,-178.69441,-155.2751
20,-159.13922,-89.7551
20,-39.409332,162.90503
20,99.088745,18.779694
20,116.775696,173.11343
20,126.96991,-156.5014
20,36.94316,155.0863
20,35.361084,-170.8483
20,-130.07613,33.068085
20,-6.6004486,143.93915
20,77.7135,-113.34917
20,35.556366,109.57373
20,37.01039,163.914
20,92.70575,48.516342
20,-101.20055,-4.796814
20,8.7561035,-165.15245
20,160.0456,120.09854
20,-94.97388,161.68387
20,-171.12042,136.55713
20,109.794495,-144.81541
20,173.60745,-168.53978
20,-49.827133,137.22754
20,-158.42729,-116.79345
20,35.218506,108.2486
20,-43.126205,174.32025
20,-172.91643,-22.505264
20,-174.84998,15.38887
20,24.38562,144.68445
20,110.98273,115.96564
20,-96.93506,159.64368
20,-103.05144,85.91788
20,-76.138626,137.39725
20,-157.61032,-161.3182
20,-160.41557,158.37787
20,49.07643,134.01892
20,68.604614,66.25877
20,-11.838699,95.406494
20,139.63153,52.719543
20,-32.808136,-139.99707
20,-115.09274,-156.73323
20,96.4599,-55.40422
20,176.49243,-19.066498
20,95.56625,173.79199
20,9.318817,-170.72914
20,-160.28331,-173.78862
20,-65.47267,149.18488
20,20.199371,-161.14178
20,72.73624,155.64252
20,128.52869,-158.99411
20,23.710022,-130.62555
20,20.644287,-128.50237
20,-91.327126,161.17511
20,10.202713,-147.98865
20,147.61786,153.21667
20,-115.77722,122.7999
20,151.30661,169.15582
20,76.071045,74.97714
20,-62.12784,-148.70346
20,142.56635,-103.0515
20,-107.42015,159.2136
20,73.7207,158.1781
20,-168.94273,-166.53804
20,-33.76677,108.10394
20,-24.559448,148.35654
20,86.52347,88.927795
20,10.114166,-139.71095
20,-111.948296,174.5849
20,-140.35757,-154.99387
20,102.38248,64.714294
20,-21.864044,-7.1759033
20,120.15054,-141.15707
20,13.332993,-161.05957
20,-6.554611,177.30444
20,-121.215454,-173.18219
20,41.174896,139.87839
20,74.22012,-83.7599
20,61.816406,-150.29263
20,-128.73573,135.20071
20,-34.116776,117.210144
20,116.54996,-175.305
20,-32.61891,173.5705
20,56.04869,-179.4505
20,98.39795,-176.83429
20,167.60486,146.67535
20,40.829178,176.00665
20,-141.75111,160.80078
20,22.239182,-165.5045
20,110.52667,156.58295
20,-118.87391,149.90045
20,165.04584,-119.1636
20,142.95984,-148.67717
20,159.25119,-97.26602
20,147.96817,-160.72745
20,-152.77582,17.022614
20,-168.55603,94.2785
20,76.97879,72.178955
20,-178.70267,-26.999207
20,150.93329,-20.809723
20,140.02039,82.94354
20,-86.640495,-172.67662
20,-125.15091,-146.27858
20,-107.15002,-21.27594
20,-25.7137,-157.17743
20,-41.26483,106.06427
20,-150.71516,173.4585
20,-126.813324,-111.86104
20,-27.366714,86.1958
20,-27.738708,-95.578804
20,165.11115,149.33447
20,140.71576,-51.25638
20,45.64969,-121.45947
20,-158.1891,-110.907715
20,-156.42963,176.44858
20,23.000977,-154.4584
20,170.2464,-134.89015
20,114.012146,-74.2881
20,36.130096,86.39584
20,162.3522,172.63327
20,145.0105,119.03052
20,-27.73735,112.501526
20,-35.729446,85.91113
20,14.329651,-155.53183
20,-167.53015,34.90747
20,174.61703,14.232574
20,20.768341,175.85968
20,177.75537,-162.87767
20,-28.96135,176.34943
20,130.6289,157.46051
20,168.69977,-16.39566
20,-90.75283,-173.1742
20,134.49396,-165.97574
20,-128.67609,-172.7845
20,18.307297,-139.05878
20,106.80664,-91.898155
20,173.7286,-166.77141
20,105.089386,-150.76302
20,37.43329,-172.30023
20,60.889236,-178.6959
20,-44.820877,143.69257
20,21.566086,-169.40317
20,-170.55582,41.291367
20,-110.24573,-157.15813
20,89.1622,-162.99947
20,-120.269325,172.14743
20,165.72443,-162.30452
20,-114.66482,114.97424
20,33.804413,-159.0792
20,-113.670525,-174.3776
20,-143.20195,23.03888
20,132.95065,-52.963585
20,23.997467,-155.98149
20,73.569916,95.62317
20,-168.87346,48.450043
20,-165.73213,-1.9941406
20,-168.38324,178.64636
20,23.37796,-151.73613
20,-76.4027,156.42633
20,-6.3421326,174.40817
20,-77.88183,-173.92989
20,119.78668,-62.14939
20,-168.7992,-156.23848
20,-121.2372,-156.39531
20,19.751114,118.55859
20,-6.095886,177.7789
20,60.375443,-151.19681
20,-168.07045,-178.83817
20,37.747025,-45.807602
20,-92.16312,-149.18158
20,81.55377,-105.275665
20,-67.153595,95.366394
20,120.18948,-170.96204
20,-84.13603,97.33252
20,-144.46782,-155.65968
20,155.94275,166.73822
20,122.34137,-146.88203
20,95.8656,171.939
20,156.78864,178.81653
20,-85.613945,165.92981
20,-160.26534,-173.50374
20,-174.00499,-0.5324707
20,-142.03522,129.68445
20,73.61076,124.5459
20,-7.138687,154.2551
20,95.6936,64.37332
20,47.55545,155.02097
20,130.28198,-178.8213
20,-51.48407,-36.769318
20,-40.664093,144.09601
20,142.51807,153.5383
20,-24.47232,170.15955
20,95.07068,143.05322
20,152.51459,-147.63615
20,127.01523,-137.76501
20,71.758514,169.80725
20,74.26184,-165.5968
20,77.70163,-143.75737
20,-49.803528,142.89514
20,149.25806,164.20197
20,-140.11424,57.54239
20,-51.30803,170.79724
20,-4.471756,138.95996
20,29.646942,-162.26228
20,-149.37277,166.5484
20,100.01849,-108.684975
20,92.16025,158.79266
20,123.22513,-65.75916
20,-89.56854,-90.911545
20,144.45636,-172.19623
20,-130.48862,-173.36748
20,-144.98357,97.951416
20,13.056168,138.7359
20,43.42157,154.65689
20,173.98471,25.744965
20,-33.836304,111.78073
20,120.97098,-77.156075
20,88.27887,-60.59807
20,119.49652,80.44324
20,-46.211456,172.2099
20,-91.213715,148.31934
20,-128.62561,147.24982
20,128.25781,-141.6029
20,-62.186493,119.93378
20,82.16754,-175.19878
20,111.02716,177.97076
20,1.5510559,-174.3831
20,83.00833,-120.09538
20,-13.094559,141.20325
20,116.03708,169.58197
20,9.109085,57.748444
20,-114.86146,-90.1348
20,36.402405,-111.376274
20,10.212967,170.54071
20,26.425262,134.88147
20,-137.75594,-113.65981
20,25.598038,-125.4207
20,-129.62444,166.57526
20,-130.39946,-25.818268
20,-155.81062,168.39352
20,-65.57102,171.83496
20,-149.12596,111.06723
20,122.94171,156.19864
20,22.621796,-140.79991
20,177.76468,-172.57564
20,-89.43714,137.7218
20,-139.93503,-140.4915
20,-15.278091,-163.5038
20,-90.10375,171.28043
20,32.056183,-132.46327
20,18.144775,-168.97617
20,-39.18219,-157.09868
20,61.16771,164.12659
20,-7.235916,136.98947
20,-27.971832,150.40259
20,-105.75706,123.37985
20,-32.83185,-167.85829
20,-130.91757,-127.90953
20,-44.862167,-177.91248
20,47.11357,-113.79079
20,-25.934235,170.1847
20,-147.34741,79.805725
20,-81.83823,-97.19993
20,-51.315475,120.809204
20,-100.843994,108.74136
20,147.14267,141.38568
20,-167.3531,-145.17671
20,98.033325,158.40894
20,-78.39514,172.93561
20,136.47247,-155.19408
20,-74.9185,-175.13058
20,114.656494,163.92953
20,-2.839264,-124.805595
20,-165.6326,-177.81769
20,136.815,-152.64111
20,-162.29471,162.97241
20,-12.710281,144.92542
20,148.20465,-103.86775
20,154.89838,93.30777
20,-98.30936,173.96695
20,-0.62161255,24.165298
20,3.4271088,165.22906
20,158.03922,-162.30502
20,-41.645264,-150.74875
20,-132.02618,71.683395
20,-121.18616,-156.20616
20,12.427612,-131.15175
20,159.46576,-158.25853
20,-150.28651,148.58124
20,-55.98761,-165.65593
20,114.53293,165.03677
20,-113.1644,113.095184
20,37.12271,-168.94804
20,32.380127,-132.75665
20,-98.15414,103.98447
20,125.580475,-36.159805
20,29.908646,86.09592
20,105.03882,-135.29114
20,99.6185,162.2977
20,-114.62835,28.144073
20,37.907425,38.573624
20,54.166,-156.91788
20,-102.76883,45.80655
20,-2.6932983,99.40555
20,-62.30095,158.59436
20,159.74829,-170.4364
20,161.22272,-169.33507
20,-164.66702,175.02866
20,65.807556,-165.99739
20,99.32126,-175.21504
20,-171.78548,-135.76099
20,177.56613,-151.45421
20,-9.394409,-117.12535
20,-163.27231,172.2136
20,15.233337,154.26117
20,-23.176147,-67.3141
20,170.91605,-12.418503
20,-39.418335,-116.35828
20,30.233368,-156.06183
20,30.487503,136.67114
20,-90.317215,-167.18407
20,-136.18414,-73.21934
20,-63.91777,162.16821
20,170.22491,-58.51554
20,-28.731491,-130.8747
20,-156.70805,-10.791367
20,112.370605,-147.14722
20,-143.37369,147.86322
20,156.79517,-151.67001
20,90.01526,18.71698
20,-155.59622,157.20679
20,21.511368,155.5102
20,97.76874,177.932
20,-132.8289,80.89929
20,-121.4021,67.768585
20,-14.757751,-166.07515
20,27.94844,170.41058
20,31.102371,176.57895
20,-105.695915,-162.21884
20,111.74014,-28.35289
20,47.82802,-152.57336
20,-5.521866,-179.20657
20,-0.6530609,120.603424
20,71.29993,-145.40639
20,-40.77054,157.25983
20,177.43713,-161.64789
20,98.62659,160.01672
20,103.1387,165.32996
20,150.70984,-172.94243
20,98.12207,-135.10297
20,7.0230713,141.85675
20,-152.55223,58.786285
20,133.83496,-165.98238
20,-103.085045,170.5672
20,120.48566,175.9563
20,136.29083,-159.05933
20,40.806686,-89.13162
20,-175.10912,-169.10728
20,99.02255,158.88242
20,-141.88876,169.8772
20,79.14047,-164.99937
20,151.25568,157.52142
20,-37.479477,115.0405
20,-117.7256,66.71596
20,-68.510704,160.58228
20,126.08496,-173.36592
20,-167.11197,-174.5027
20,-138.48813,124.14108
20,-147.34708,170.99591
20,-142.78934,169.3653
20,-125.64481,-158.18372
20,-63.25757,42.30899
20,-23.585861,173.85968
20,-75.15925,-175.2153
20,152.63477,178.40814
20,-103.51725,95.55612
20,73.286316,-100.42949
20,162.8417,-152.594
20,15.081512,141.74786
20,26.717377,149.40521
20,48.57321,-154.07776
20,-13.696335,150.46936
20,-137.10191,110.078674
20,-3.6686554,-23.276001
20,111.02408,150.00925
20,-107.77086,157.37018
20,-17.805664,-126.70395
20,-60.952957,-118.627975
20,143.4154,-73.28404
20,140.51297,-124.84384
20,14.868378,-166.2027
20,-54.923218,152.67487
20,-62.051224,128.12741
20,-14.663834,173.21643
20,15.371506,-162.15652
20,-177.67499,26.057693
20,77.60797,57.221405
20,167.01343,141.22311
20,4.378235,-165.27548
20,-18.894745,151.93683
20,129.00696,-173.06606
20,178.20193,178.78275
20,-27.380173,150.97934
20,170.7974,132.29254
20,-81.98923,2.7670593
20,30.628052,-120.84713
20,-59.871445,-166.10362
20,113.39032,-145.59189
20,97.40906,89.66974
20,161.2504,-153.42154
20,-4.515167,-151.21774
20,80.21756,148.591
20,155.74536,164.21701
20,-176.02065,-157.40952
20,96.53482,-162.35739
20,106.65546,-169.16565
20,19.54541,-161.8224
20,-19.000381,-125.046776
20,159.40265,137.3204
20,-53.92372,143.93304
20,-30.388733,80.103424
20,-150.14502,-170.82794
20,-147.05496,-143.15297
20,-132.91293,149.32202
20,-160.3989,-153.82715
20,-147.53178,-29.509354
20,-87.19998,-168.4914
20,12.8281555,148.03094
20,-11.9197235,-164.69943
20,15.188141,144.17154
20,36.676147,155.10211
20,33.410645,-149.14375
20,114.50839,-173.32336
20,147.48297,-166.2997
20,81.75049,-147.6503
20,-6.7888794,36.82498
20,151.58716,154.45041
20,61.802414,-120.33032
20,171.47821,146.23566
20,-99.09304,157.05536
20,-82.39009,123.86603
20,85.42621,-169.98404
20,145.38547,-168.65898
20,-54.01938,93.61243
20,48.87387,-165.32198
20,-112.54971,162.3153
20,-22.283127,152.00787
20,117.147736,-173.02702
20,-77.01371,-156.2446
20,-105.77548,-164.06407
20,155.97955,-157.97052
20,-76.73953,122.19562
20,-102.154396,120.249664
20,128.89032,158.49713
20,68.0874,94.477844
20,-106.49055,-178.19762
20,-22.262192,80.579285
20,139.29034,115.04767
20,114.28061,76.554565
20,-121.35082,143.3115
20,-139.16101,-177.83058
20,157.90909,-106.73216
20,16.864853,-159.51918
