Iter,Phi,Psi,Uncertainty
1,-51.821472,68.164795,0.029916886
1,-88.48881,-48.217957,0.028441083
1,14.424957,-3.6118774,0.03464879
1,-26.866333,-131.91487,0.026882956
1,0.9283142,162.43222,0.0210871
1,28.290344,140.46735,0.034764756
1,131.7338,-30.47702,0.05799476
1,121.45746,161.74374,0.02868467
1,98.79889,-75.97653,0.031225862
1,1.6587372,3.8265228,0.04549536
1,-151.97351,-35.02191,0.02099467
1,26.352478,152.7395,0.026446743
1,11.320221,-95.06329,0.032765076
1,4.004837,-113.53759,0.026983019
1,21.9691,-177.10654,0.037882257
1,-2.8316193,-179.40933,0.051853728
1,-13.879288,152.0564,0.020508524
1,19.81424,-41.402832,0.026437782
1,14.416931,-119.19993,0.030248763
1,154.77759,-165.21832,0.034874666
1,-100.89086,95.33942,0.030404495
1,150.06995,-164.06963,0.022736384
1,20.317001,-175.64325,0.041128226
1,-170.43958,-161.25903,0.04577661
1,-54.444298,94.357635,0.041459102
1,-7.8536224,161.77142,0.057075027
1,-137.9667,-151.66753,0.045055702
1,-23.387985,-173.46721,0.040267628
1,-14.583115,172.47662,0.030147903
1,-36.461716,162.6253,0.02186572
1,-6.815857,134.4476,0.0315668
1,-175.72275,-93.42514,0.024456572
1,162.3028,-12.152985,0.026772032
1,170.20978,-179.45807,0.024273625
1,145.69019,-92.05704,0.03670561
1,-84.64181,153.47723,0.038497772
1,20.012115,-53.191666,0.01891758
1,70.99194,136.49261,0.03067376
1,-33.147476,-104.83001,0.026754094
1,99.9462,-119.5413,0.049838986
1,-126.76494,141.36359,0.032121334
1,-40.521057,72.01648,0.06581189
1,-63.35907,82.45883,0.050674647
1,-119.82424,85.262024,0.039577894
1,13.208679,-175.26294,0.03298334
1,-12.406357,21.963882,0.058092296
1,-46.58368,-80.28906,0.025370326
1,172.11023,132.19461,0.038099468
1,-9.7118225,-170.4123,0.029625604
1,-84.0789,37.28055,0.025839852
1,41.327454,-162.63712,0.016880639
1,-133.93811,-142.65988,0.033117894
1,40.10112,-2.0530853,0.04200744
1,32.55069,-63.77591,0.038894907
1,14.782669,162.54688,0.033639643
1,48.31842,-178.35861,0.021332538
1,-165.45584,47.74855,0.04234594
1,5.017151,-29.606888,0.030978328
1,-94.37776,95.33014,0.03134082
1,29.481812,-50.42247,0.034036122
1,153.56436,-23.889069,0.027684854
1,-78.92586,118.203064,0.04023662
1,-20.818024,-178.97824,0.019454002
1,-107.37259,161.88104,0.043307558
1,118.97449,-22.854141,0.03475755
1,-45.469788,-31.770111,0.02893419
1,-75.00315,146.26288,0.05699535
1,3.3475952,-110.34994,0.029615978
1,-9.514206,-112.69004,0.028020024
1,124.64728,175.01141,0.02574979
1,70.76555,-100.74867,0.036722586
1,144.54993,-23.850311,0.047298294
1,-120.71967,-122.55388,0.037615575
1,-85.14191,128.25073,0.03681032
1,-82.64236,-3.6949615,0.037520826
1,-24.7164,154.96674,0.036636982
1,4.911865,0.6001587,0.038239773
1,78.71973,-81.98154,0.028808014
1,-67.447655,86.46649,0.025498282
1,173.35675,-171.6676,0.026169414
1,22.22992,-71.062126,0.042239293
1,-162.99005,-148.17639,0.028334817
1,174.47845,140.7558,0.029676123
1,49.245514,-100.168625,0.040654954
1,56.30742,-137.0756,0.03591776
1,-31.71193,163.4859,0.019976988
1,-116.75182,178.30951,0.016353069
1,-139.58192,-163.84778,0.03009827
1,-6.4219513,152.18231,0.02800259
1,82.28174,174.65286,0.041858084
1,-158.7726,111.467896,0.03943559
1,-118.49302,43.695282,0.043397475
1,-92.81868,58.16266,0.04825752
1,-85.47718,-86.6208,0.03752824
1,-176.88145,167.4234,0.04387684
1,-81.725266,72.93024,0.035275597
1,3.924408,173.10217,0.018066164
1,-65.1457,116.220825,0.034306157
1,-146.46988,-16.174713,0.040803693
1,-128.19022,132.90375,0.066160604
1,-80.608475,109.11282,0.033169758
1,-117.36352,56.325592,0.039641336
1,109.199646,151.32452,0.03692271
1,28.611954,-171.9638,0.023359155
1,-145.90652,-170.8423,0.036693025
1,141.39594,135.4057,0.041073397
1,-2.7064514,160.4704,0.058785465
1,174.52081,-137.6254,0.02984237
1,172.9718,155.3291,0.030406334
1,-8.096298,-49.845764,0.0373254
1,11.741135,-8.912552,0.05374256
1,-149.90218,141.54233,0.027502386
1,44.738403,-30.939026,0.02189674
1,14.267044,-108.41658,0.03614148
1,117.09766,-128.23497,0.030959591
1,77.00632,-168.40575,0.036506664
1,146.02435,179.4823,0.025564734
1,-107.77418,-45.61891,0.048805263
1,-18.971848,166.31451,0.035029028
1,-2.0750275,-169.0961,0.024988806
1,57.62906,158.26398,0.025040414
1,-48.615356,110.121704,0.019529805
1,-144.43301,-157.98018,0.024922099
1,167.71436,-19.087708,0.07103407
1,-167.98335,-61.99801,0.03552353
1,-101.99558,118.9353,0.017948728
1,69.274994,-126.69696,0.028281815
1,-147.26591,35.779495,0.05459823
1,-43.080048,158.87051,0.044327397
1,-17.423676,177.86957,0.027130015
1,-2.0904083,-131.79588,0.025550384
1,162.94543,-44.962814,0.036115732
1,-137.50987,48.889725,0.026095787
1,-1.0603027,115.765625,0.037096016
1,177.9032,-66.746925,0.029400019
1,-166.30861,138.21832,0.024374528
1,10.343857,53.985855,0.012589882
1,-20.256027,161.62689,0.033831038
1,116.61444,68.79135,0.023695387
1,-140.20595,1.1945496,0.043896936
1,17.637192,-177.94165,0.026063545
1,-166.45686,-158.75148,0.03484088
1,-155.98973,105.42508,0.031078598
1,-134.50151,86.25668,0.024814257
1,-169.55046,118.45914,0.021026425
1,-81.27772,54.81636,0.029389536
1,178.54968,-42.552246,0.029161466
1,16.251038,-135.66249,0.038771134
1,17.973846,-5.203598,0.033599194
1,22.06253,3.1345062,0.038882982
1,-102.58232,41.95009,0.023804456
1,149.58011,-133.47571,0.03479982
1,-58.045715,52.661987,0.029836604
1,145.93704,112.99194,0.044159308
1,-150.08282,-165.86426,0.027933922
1,84.506744,8.81839,0.019851182
1,-173.68016,80.79639,0.029277716
1,-100.34568,67.47633,0.026977457
1,173.53986,46.99057,0.0239871
1,131.68005,-122.5017,0.023482982
1,-69.677925,7.5377655,0.03794187
1,-2.7586365,154.32843,0.040408492
1,-79.25706,-60.434822,0.02277026
1,13.318909,-153.78738,0.026622808
1,-149.0145,174.68878,0.061628617
1,-53.182556,6.480728,0.046722848
1,-87.6129,159.3186,0.030128028
1,-96.79423,-152.84306,0.034702122
1,-8.684631,178.88855,0.026362812
1,-11.075073,108.52362,0.03351299
1,-76.56149,173.23157,0.046865184
1,16.053162,-176.85205,0.037739966
1,-8.646576,-169.99243,0.028302958
1,-116.82724,60.97046,0.032969557
1,75.58603,-126.83542,0.031056399
1,-6.012558,-124.01387,0.035030756
1,118.415955,-148.04662,0.033300832
1,47.73625,31.263092,0.048911247
1,-167.66777,8.456955,0.026238332
1,-169.48622,127.65741,0.05167914
1,-87.22497,-12.709961,0.04014588
1,-150.3912,-177.95728,0.025699308
1,82.684204,-139.1685,0.062431704
1,163.508,99.932526,0.022567915
1,120.58652,-160.3851,0.04577876
1,155.74316,-47.55609,0.040861018
1,-100.57954,128.82434,0.025210712
1,-162.39595,-133.82274,0.039319355
1,158.71106,136.8935,0.03760771
1,-76.4802,159.30383,0.039541926
1,-152.22638,118.914185,0.05812235
1,-100.47187,148.83066,0.035287973
1,-156.6324,172.3017,0.043001622
1,84.66043,142.53677,0.039172802
1,67.33627,-74.929016,0.031987827
1,-94.20979,93.7948,0.06988967
1,165.96268,-13.210892,0.020169968
1,60.175934,176.46838,0.021182632
1,-43.54744,48.852966,0.018661732
1,25.387848,-91.72475,0.03355387
1,161.12689,150.33496,0.035986908
1,103.40912,-80.32114,0.033113606
1,-25.459839,-57.316177,0.032005705
1,158.67267,-37.580338,0.022622675
1,-148.82126,-73.29984,0.032724906
1,5.0712585,-148.47678,0.025045961
1,44.454132,-152.96722,0.022216344
1,-169.87982,129.31525,0.034903303
1,-27.512909,116.49213,0.06595772
1,20.259842,-171.71597,0.03595856
1,-2.4527283,-30.76535,0.040045314
1,11.187012,-126.14371,0.027445856
1,2.684906,162.4921,0.026381817
1,-170.11601,123.70563,0.024731118
1,153.45001,172.76959,0.04336747
1,-74.82568,93.9881,0.03786631
1,-15.184036,155.54514,0.024100397
1,105.48172,-165.8143,0.029276349
1,-110.950874,78.46893,0.026451882
1,168.64923,157.46252,0.04602654
1,18.509659,-151.05582,0.024394032
1,-149.70634,19.239471,0.032829504
1,-75.58259,115.174164,0.04380984
1,-84.35661,177.3927,0.026245905
1,-100.69684,98.40167,0.027159294
1,63.642868,-62.90419,0.04590539
1,69.306656,-73.948845,0.040726177
1,-47.14531,137.38345,0.03302928
1,3.9162598,115.104675,0.04763312
1,20.143387,-166.11546,0.025039997
1,160.1882,-87.61014,0.023300584
1,-23.195358,-151.99689,0.06402935
1,-15.084015,110.982666,0.021817578
1,156.2904,135.28122,0.02272739
1,-138.15529,51.48781,0.043259338
1,120.80203,-20.104324,0.026654478
1,158.9751,-151.1391,0.053850133
1,-163.48462,-46.33844,0.022865843
1,162.75354,-156.44238,0.029575378
1,165.99396,-133.89384,0.02511417
1,60.213364,-112.2912,0.038021136
1,144.11627,-76.67395,0.030030593
1,0.050430298,-129.42389,0.033868145
1,-27.653595,-154.278,0.018305318
1,-3.7463684,168.612,0.03533179
1,-49.46115,-142.81842,0.050306525
1,178.98743,-145.55576,0.020879094
1,91.16647,-124.882385,0.039575197
1,-157.25572,135.9288,0.030259253
1,-38.237915,155.23193,0.038145654
1,33.27037,-37.24283,0.04439342
1,-14.271042,124.2673,0.04275089
1,-66.32777,114.91385,0.032452527
1,-137.17519,31.957855,0.053387508
1,-130.38885,-128.26323,0.027582495
1,178.07227,-141.93147,0.055711705
1,-174.97298,176.09845,0.03639181
1,11.352997,37.798492,0.034371007
1,-163.32338,-159.27359,0.019077841
1,20.996109,-124.63765,0.023788972
1,167.85883,-165.4911,0.023608215
1,-42.747803,78.04193,0.031180996
1,-2.1654358,3.560028,0.045503214
1,-173.72488,-5.162796,0.045597438
1,-51.641724,116.78577,0.031267755
1,7.4765015,125.62955,0.038568612
1,24.290253,-121.190025,0.016535357
1,4.440918,52.632355,0.03451728
1,-32.9012,-153.22382,0.042460106
1,3.8426208,-130.9708,0.040600054
1,-108.60875,-170.85535,0.062354665
1,145.3153,-92.90699,0.038127337
1,129.81082,126.717285,0.032908887
1,-9.30542,153.55023,0.051175117
1,94.370514,-131.37558,0.022969272
1,-34.871353,129.01135,0.05029033
1,159.76727,-102.33128,0.045163307
1,69.934204,-167.35524,0.029757744
1,137.75165,-25.200195,0.039345883
1,-57.554276,159.47955,0.03206302
1,-158.59984,162.4403,0.03924642
1,-176.52277,151.35333,0.031586464
1,-43.104416,116.12891,0.035666116
1,-170.39836,3.8568573,0.02442934
1,-109.47417,-151.46382,0.058941264
1,64.16101,-166.99843,0.012272573
1,-11.2851715,173.42499,0.032667156
1,-17.322144,145.6648,0.064211555
1,-65.35178,22.57994,0.035877194
1,-157.59496,17.204483,0.04845466
1,11.952835,54.01773,0.044207904
1,146.164,158.77008,0.03304868
1,7.5930176,14.087128,0.55478626
1,-179.47418,-156.10869,0.044304106
1,-80.8385,83.58765,0.02392007
1,-32.384552,73.1857,0.032566853
1,-45.88463,55.237488,0.03138949
1,17.580597,-151.26436,0.02857049
1,130.44879,-117.07759,0.024434458
1,73.29297,-68.42541,0.04690286
1,64.64859,150.8265,0.03158326
1,150.70566,-155.37837,0.0246267
1,-79.56097,156.54187,0.04156659
1,9.311539,176.01514,0.026230663
1,-11.388031,-135.07448,0.022885568
1,10.914795,-119.07058,0.044702657
1,-93.045616,-142.87636,0.024839452
1,-177.92844,136.8732,0.02563515
1,-116.19152,64.74536,0.049023066
1,177.91278,117.94925,0.040928245
1,-170.74768,26.097778,0.031942863
1,179.99152,-38.639343,0.030778632
1,152.56216,22.96614,0.0284686
1,172.03046,-176.96585,0.026276533
1,-174.38316,39.07846,0.034073796
1,-12.381439,-0.29794312,0.06029984
1,40.691895,-98.3516,0.024865922
1,16.427322,24.595947,0.026014876
1,39.71138,152.65546,0.030249344
1,2.8270264,155.61725,0.040008117
1,-23.248627,117.90088,0.0331102
1,-83.44183,111.18991,0.023310978
1,110.181946,165.8787,0.022890422
1,-165.51823,162.74597,0.049494017
1,5.8724976,-79.34557,0.033222143
1,-177.32346,143.73459,0.047386423
1,-66.83245,97.707825,0.029086906
1,166.6991,-120.877556,0.025098473
1,46.4187,145.53455,0.058645062
1,-34.87912,69.98096,0.054399364
1,56.847076,152.9461,0.031049605
1,-113.68843,115.90311,0.04938141
1,-36.297134,93.56076,0.028367152
1,-173.82176,12.725128,0.034247175
1,-78.34662,-140.97684,0.042587414
1,117.57498,-103.61491,0.052902725
1,-127.01064,7.217331,0.025236899
1,-146.67433,118.71332,0.035312846
1,-7.864151,-158.06174,0.02559725
1,-138.68442,131.34625,0.02507968
1,154.87082,-12.495392,0.035598867
1,-139.29,-177.14949,0.0354302
1,-172.35019,11.716095,0.03795644
1,-169.3958,13.429092,0.023897942
1,-151.1924,-166.62509,0.034574356
1,-167.56482,-58.475075,0.06184575
1,-129.75917,102.73544,0.039683335
1,118.56189,-73.09288,0.03727508
1,13.237015,179.7586,0.025250591
1,15.661255,-117.23359,0.040296912
1,142.73325,-76.93623,0.021892268
1,62.780014,-166.35585,0.03345671
1,3.9134674,97.094604,0.023429448
1,-155.54962,169.4147,0.0320704
1,4.9369354,44.294495,0.04544936
1,-26.391663,-119.41699,0.03643115
1,-38.95746,-166.00653,0.027261464
1,5.151291,167.95535,0.018142283
1,-155.15541,172.83417,0.03346982
1,-10.365829,130.81616,0.021584408
1,-168.46916,178.49475,0.026768116
1,145.1571,146.71155,0.06611027
1,4.1537933,175.1936,0.03138714
1,-144.21819,-91.811455,0.05436577
1,173.8623,77.965546,0.034240678
1,137.1146,-15.197098,0.04618325
1,-36.03842,101.54959,0.031740844
1,-6.2686615,155.84888,0.013169329
1,3.6815186,121.0733,0.021682547
1,-174.44987,58.48674,0.031494785
1,3.6919098,-127.19824,0.04571188
1,19.35759,-127.12387,0.03193559
1,153.60425,38.152206,0.057683308
1,111.75705,-176.47841,0.03535561
1,179.17618,81.732025,0.045106314
1,-104.39821,122.447815,0.030268844
1,35.41562,-121.47965,0.02683708
1,-0.732666,-155.31924,0.026107112
1,63.744003,-140.63481,0.03098109
1,-146.6223,128.44318,0.0319383
1,-160.16649,-171.19081,0.03293625
1,-126.60415,19.943466,0.063300185
1,-36.807312,-179.74419,0.025782373
1,-75.29816,150.65933,0.039837427
1,-36.11136,-152.7616,0.04205348
1,179.81448,-9.580765,0.03491021
1,-8.682495,148.2793,0.025615115
1,2.2548523,166.91458,0.017874574
1,-169.93254,7.992386,0.034152113
1,-131.61703,151.75659,0.028635833
1,13.665054,-140.55815,0.026186163
1,-52.785614,29.209793,0.05112589
1,-160.11424,-166.52737,0.019820575
1,-169.55878,13.470978,0.023978015
1,112.79001,159.68097,0.033075925
1,42.311127,176.2362,0.05155343
1,-84.82727,60.80388,0.027593507
1,-18.793503,152.6308,0.025977774
1,4.2098846,12.608795,0.021390347
1,-2.83815,-132.20325,0.01829908
1,-64.022316,30.284637,0.0294804
1,123.42026,-160.83385,0.018423792
1,-21.584213,-151.99197,0.02414534
1,74.32382,-111.444786,0.03482956
1,-171.52022,46.326508,0.033108555
1,5.312149,155.03278,0.05658477
1,8.720001,14.397125,0.031931877
1,-110.72262,-157.64069,0.028158346
1,-64.55057,120.98102,0.03547546
1,36.742218,49.545258,0.022588981
1,-177.50345,155.02124,0.0231173
1,-13.45079,-174.43842,0.030992014
1,174.47986,-93.08043,0.038399994
1,-60.595276,117.69043,0.03349116
1,167.46063,163.28503,0.05399297
1,74.617035,-64.22421,0.03559934
1,142.33026,-179.25177,0.07005701
1,-136.57285,-158.66127,0.02999771
1,-36.72879,90.50604,0.020092942
1,-157.50221,-145.15381,0.037259985
1,-153.16005,121.34796,0.019368265
1,55.54753,-146.48302,0.04032251
1,-113.150085,-0.08963013,0.03179557
1,4.706848,-162.46089,0.027422987
1,95.80661,169.6513,0.013948921
1,-177.23451,-13.123215,0.02695915
1,-169.39116,30.599106,0.059168495
1,-24.875702,-177.65765,0.034682807
1,138.6763,-22.469788,0.037311308
1,15.000046,-21.028656,0.017249908
1,-166.77379,164.36383,0.02773133
1,28.290283,159.759,0.03861696
1,81.63162,131.51752,0.027748905
1,135.31155,-124.734634,0.032220207
1,-21.298584,-79.458244,0.01666936
1,170.32428,-117.27726,0.02408238
1,66.13887,-171.91898,0.027528664
1,-37.212357,102.42511,0.051531002
1,58.633377,-165.22304,0.036273148
1,150.06033,-164.72536,0.034123465
1,-10.272659,157.33972,0.029400442
1,171.90967,-16.527695,0.03594017
1,24.198105,-95.88783,0.029639278
1,-165.29167,-133.7537,0.052437924
1,-46.310867,126.34979,0.030946376
1,10.265884,-165.61723,0.038064614
1,162.47827,-26.212097,0.049054746
1,-108.55571,115.13086,0.027728196
1,174.98029,141.52063,0.018803567
1,-35.156586,43.27365,0.018418444
1,-72.43845,-46.624832,0.027466672
1,5.891922,-140.83435,0.04045566
1,-157.82932,45.21193,0.036731116
1,-135.52304,168.70868,0.041804828
1,156.12994,-161.98927,0.03281569
1,2.3351898,145.31207,0.059084963
1,-25.994919,95.26294,0.035056267
1,8.295959,-41.89148,0.044232577
1,-151.29543,179.12286,0.027990038
1,-115.60479,-3.15036,0.029564576
1,7.3730316,-168.03,0.03170017
1,88.685486,-165.74724,0.04339774
1,-157.48575,105.32391,0.05075108
1,153.22272,-152.7447,0.037459448
1,-97.48528,158.18042,0.022991454
1,167.9425,11.535217,0.03377973
1,41.123886,151.9361,0.030101245
1,-2.1876526,175.12057,0.03877448
1,-110.440765,85.28439,0.024781473
1,-14.050629,135.75516,0.020325186
1,-42.72516,-169.0242,0.03683875
1,116.82376,-179.54305,0.0332491
1,91.770874,-155.32481,0.01601079
1,170.43018,104.799255,0.044727586
1,-57.590103,62.758087,0.04396882
1,-85.45135,15.594559,0.02102165
1,-124.29494,128.04993,0.03099023
1,86.25037,-78.65775,0.025020748
1,-17.976822,-114.468864,0.026176574
1,-19.542496,127.018585,0.048671763
1,-73.161835,126.55725,0.029769192
1,150.16513,-98.65798,0.040692832
1,-125.96644,-71.55153,0.051263206
1,-9.457428,151.11911,0.023971587
1,49.150055,-99.12164,0.033285916
1,-177.3893,-33.762222,0.027734429
1,87.3811,-109.15915,0.039993595
1,-84.16113,73.94537,0.034440827
1,38.22223,-58.464943,0.03937634
1,-6.1739197,-164.74477,0.027315313
1,-177.63422,-167.97176,0.018095504
1,49.556503,-117.76034,0.04734956
1,-2.5593872,-161.88313,0.033059984
1,-38.125687,-115.381004,0.026326798
1,-170.54533,24.017212,0.035385225
1,70.24826,-83.567474,0.03897807
1,-166.88887,99.48813,0.023144636
1,175.89594,-148.78209,0.036902845
1,-61.12909,142.27689,0.026567172
1,173.13614,166.89609,0.04134504
1,-172.39322,108.31534,0.030350864
1,-13.702087,159.69339,0.041311637
1,-6.468216,149.67963,0.038159005
1,-96.61153,22.677902,0.03630897
1,102.55365,-118.9006,0.025326006
1,-0.81126404,81.88397,0.02686907
1,151.27258,-23.216248,0.03851111
1,108.23172,-62.736504,0.030578647
1,-166.64343,25.440094,0.03700653
1,14.68338,-139.41579,0.042337492
1,144.4801,-176.36238,0.04486113
1,-7.6354065,18.421951,0.025765609
1,23.16249,-165.25137,0.03140963
1,133.63153,-160.0106,0.02695416
1,11.963974,-109.40595,0.040375683
1,10.104187,-162.86783,0.038431652
1,-116.19582,120.831726,0.04345044
1,-69.099434,-144.5622,0.03343966
1,-19.129425,78.77356,0.023046052
1,163.82617,-59.926758,0.045531143
1,81.16742,-109.902245,0.044706073
1,71.193436,-179.92911,0.019508407
1,-62.577515,0.11206055,0.04352267
1,-162.21759,-90.605896,0.0448496
1,6.8148804,174.91501,0.038909927
1,113.044556,-18.161911,0.03961034
1,-25.419281,143.29144,0.016502015
1,-73.4033,117.652405,0.039098524
1,163.06259,-165.38342,0.046617668
1,-149.17766,151.83838,0.019279845
1,-18.706802,-139.99472,0.023383597
1,-127.38297,68.390564,0.029434118
1,-40.471725,-1.5030365,0.03881506
1,-57.401108,82.111206,0.03240844
1,-33.73059,-110.96289,0.02264784
1,113.53662,-172.65543,0.029906916
1,125.680084,175.26569,0.031782925
1,-86.95595,-172.07098,0.034004435
1,142.47894,-161.17389,0.03267044
1,-165.86804,167.54755,0.020908035
1,27.809021,-79.05659,0.033772025
1,67.99118,-113.6246,0.027154252
1,-142.26558,95.32379,0.02072446
1,-60.534897,80.84683,0.036123622
1,91.56903,-71.58575,0.036303885
1,-13.932251,156.37622,0.028601123
1,-52.60791,145.49768,0.044800505
1,-178.86299,20.912262,0.042031907
1,-10.393585,143.24603,0.028708607
1,133.95825,91.05853,0.034255244
1,2.2726898,29.395386,0.04914797
1,-62.9821,112.779755,0.021469746
1,147.84998,123.2887,0.028601157
1,135.62054,-167.79729,0.028893964
1,63.04904,165.52759,0.025941856
1,-1.9836884,133.36679,0.027133802
1,154.08514,-132.36548,0.043026887
1,8.192841,8.56337,0.053870577
1,-133.47623,125.460266,0.018502727
1,50.423264,-131.71179,0.0569114
1,-153.68196,159.22925,0.036722157
1,-144.02164,-98.44872,0.05215284
1,22.097153,173.81824,0.01644718
1,47.618927,176.53531,0.033757344
1,-8.525116,6.7890472,0.024227882
1,-36.902313,-84.44915,0.038798776
1,111.2984,123.62039,0.022454156
1,65.2314,-66.95516,0.04621672
1,176.6253,22.363785,0.021945203
1,-63.957924,92.40854,0.042554334
1,-94.40649,-88.43094,0.051405687
1,-37.8674,126.632904,0.040409513
1,-148.11879,-36.33075,0.043176144
1,-9.751038,168.88708,0.037082933
1,21.164597,-172.4258,0.02810169
1,-33.35643,148.51282,0.03320942
1,-170.05113,-68.14278,0.03428844
1,173.27234,-159.5723,0.04614624
1,134.78845,19.21341,0.021974776
1,-11.942352,-106.49733,0.023062399
1,37.725723,-151.14911,0.025414316
1,153.798,11.422882,0.034852456
1,-13.177231,-153.40778,0.039561767
1,9.309616,167.87091,0.035077117
1,-17.760452,163.6178,0.0215373
1,-153.26079,175.40308,0.025206055
1,-24.964127,-14.661224,0.038276143
1,-15.028046,-100.21427,0.040613156
1,-0.2735138,9.824249,0.029220697
1,13.529022,4.715973,0.024443472
1,-39.764328,65.00568,0.046872042
1,100.036194,-112.6856,0.02630527
1,-119.212006,-5.7905273,0.0309682
1,88.2077,25.987701,0.04789883
1,-121.7785,167.93243,0.033580754
1,42.029816,-148.56639,0.07480815
1,-31.018814,132.41077,0.022728361
1,-39.4097,113.23276,0.030348128
1,-166.45868,157.71939,0.026116228
1,-160.25816,80.10321,0.03725138
1,143.73166,-0.08180237,0.024109129
1,-164.13783,153.37741,0.034802776
1,-32.28476,112.013214,0.03928947
1,-154.13167,139.30173,0.04289287
1,84.35828,-148.1759,0.030320615
1,121.28372,176.6175,0.021947172
1,144.93945,-150.36992,0.023924878
1,-173.31259,-153.98886,0.027461845
1,145.74997,-136.31474,0.039120454
1,53.464813,-75.77119,0.03624865
1,38.142822,-137.57089,0.034557756
1,1.0456238,1.2767487,0.032849267
1,117.258026,-37.87039,0.019241888
1,-148.52559,176.0552,0.028502783
1,42.2471,177.28003,0.034174975
1,-151.17622,104.88745,0.042444862
1,-6.0028076,-13.690033,0.032002565
1,-2.853592,167.9049,0.03399032
1,-25.421448,-66.54805,0.030164959
1,18.50064,-30.83989,0.017568115
1,18.875809,-6.6602783,0.049334306
1,-106.792816,91.95636,0.047440782
1,-49.186768,107.10281,0.04251692
1,115.65875,173.17474,0.028695907
1,149.04755,-125.17499,0.045165047
1,167.97113,-148.61201,0.039931655
1,-126.86435,-128.62898,0.02916848
1,92.20776,-74.26203,0.043667473
1,104.25781,-59.414215,0.02868244
1,-170.33926,168.57675,0.04884347
1,65.118164,171.24347,0.025971387
1,-173.71317,-90.28639,0.039074488
1,-178.48187,3.1135254,0.036290567
1,-23.22847,127.53934,0.039270684
1,77.93036,-75.88109,0.03538172
1,51.00212,-123.99667,0.042600203
1,-56.46678,101.75934,0.020720826
1,158.75586,138.29327,0.026019607
1,28.800858,132.5774,0.035322342
1,80.607635,-58.88916,0.043472007
1,-9.682968,160.64392,0.033074964
1,55.754272,-108.67322,0.020514226
1,-72.701035,-88.04308,0.033694778
1,-90.692406,156.79181,0.025366079
1,166.42313,-167.8467,0.038814
1,-24.278748,120.78018,0.022287216
1,92.69977,162.65988,0.0444682
1,0.5413208,177.84433,0.031182995
1,-120.070305,-142.8226,0.040539682
1,-11.698532,-165.33247,0.022704966
1,-39.58583,-28.26419,0.03573446
1,164.28384,-159.25934,0.014132366
1,169.53772,-140.14012,0.028626837
1,159.20319,148.89221,0.03374022
1,74.00154,-55.33818,0.023125393
1,58.416092,-7.6551056,0.038430672
1,12.932312,148.99283,0.032068204
1,-133.4753,72.267395,0.026074128
1,-119.90942,132.64221,0.025334172
1,-111.64743,-146.10464,0.054312646
1,-115.01689,-126.622,0.023088574
1,-16.709625,177.69171,0.039974082
1,7.3665466,-111.517586,0.025660781
1,-179.04723,-156.1332,0.04407696
1,-152.83632,-144.00356,0.023006272
1,-29.537338,165.3164,0.036971774
1,-159.10458,86.99039,0.036411874
1,-122.93806,10.166977,0.021091621
1,-40.996506,38.23372,0.03553647
1,-21.947235,-39.095673,0.031496413
1,9.900223,132.54282,0.020146132
1,117.65671,-154.30658,0.036086936
1,144.90216,-170.05696,0.040296998
1,-154.73996,73.71629,0.044399742
1,111.41266,-113.61728,0.034428857
1,172.62268,11.458572,0.030528419
1,1.5171967,170.90503,0.02629492
1,11.640228,-178.7929,0.029561037
1,-19.791946,16.512375,0.04708524
1,-32.819077,19.80664,0.03889925
1,-51.11194,34.52112,0.06704398
1,30.808502,-141.78197,0.038196094
1,32.38887,-134.96214,0.027898053
1,-40.334946,-151.67447,0.027501237
1,-125.81724,128.5427,0.04662393
1,40.257584,-148.98935,0.037405122
1,124.181335,25.701797,0.045132656
1,84.71918,175.22525,0.036236074
1,25.344223,-125.743546,0.03011075
1,135.58197,146.55933,0.027846975
1,165.54883,-167.23582,0.03099221
1,84.64172,-173.88666,0.024411365
1,101.790436,-113.68252,0.030376513
1,-2.05513,-174.49161,0.03684312
1,-49.102448,-32.12834,0.018108685
1,71.20587,-32.26825,0.028021116
1,-57.54731,58.25235,0.025777115
1,21.85202,-179.64418,0.02758188
1,177.84433,-139.06252,0.040470675
1,-144.67851,-164.8782,0.02628721
1,-96.31793,108.26309,0.035860095
1,-18.63095,171.0307,0.059631266
1,55.77446,-132.35677,0.019659096
1,-30.451782,38.9861,0.04475247
1,162.59003,44.704254,0.048970144
1,28.245148,-70.83628,0.04388396
1,-163.43353,-175.5103,0.022014135
1,-8.432175,178.12012,0.024462828
1,2.017334,33.63356,0.020748362
1,-25.147156,176.80621,0.026763849
1,76.41205,51.45247,0.041313186
1,15.574539,-166.22424,0.027067587
1,53.626007,119.96445,0.021819482
1,-147.65518,170.18036,0.03191664
1,159.28336,-146.76138,0.034982737
1,11.796951,-34.83235,0.03113567
1,156.9726,9.411499,0.03573294
1,149.66245,-102.145355,0.020549046
1,148.37506,170.24326,0.035579767
1,-139.63205,-171.96765,0.026881427
1,-160.46289,-133.30959,0.013823399
1,151.09186,-132.89218,0.032394238
1,155.40942,167.14346,0.030559089
1,-176.35103,-6.928711,0.027961386
1,28.41603,-18.746826,0.036672838
1,-22.269485,22.639786,0.02856854
1,-100.33439,63.305527,0.04839026
1,-68.71563,-71.15376,0.04965954
1,16.96518,-92.55527,0.04721812
1,-79.85983,107.74451,0.0433559
1,-105.54769,-164.77061,0.019543853
1,-56.413086,14.653961,0.03750407
1,105.9397,162.83514,0.039481983
1,140.61813,167.92886,0.020649489
1,-42.64267,105.34421,0.040528808
1,-111.81793,-174.1572,0.03125722
1,-34.086456,-32.569916,0.022022903
1,47.717316,158.80142,0.04247382
1,-176.0537,-5.5648193,0.050828956
1,126.51581,-154.71043,0.037705462
1,-69.30504,175.37988,0.0510548
1,136.06793,-7.022888,0.020820783
1,-17.7164,164.45395,0.01651789
1,106.33887,133.70148,0.036446903
1,73.44673,-167.05653,0.020008994
1,-41.904297,93.92206,0.02832273
1,-122.19382,39.816498,0.042324975
1,126.233826,-130.26892,0.03631951
1,-66.22506,-145.02466,0.035267375
1,-157.29039,42.105774,0.035836127
1,-140.9943,155.19745,0.027718546
1,-65.33023,-51.55014,0.021868745
1,178.97461,176.51752,0.02423366
1,-156.95563,151.14572,0.044125136
1,13.54863,-115.59797,0.038528714
1,-12.828079,37.994965,0.03402089
1,-10.717499,76.51645,0.030170461
1,40.370453,-75.92981,0.016952876
1,-151.1974,138.61197,0.03761787
1,-166.14888,-120.65822,0.030204091
1,168.97943,82.05521,0.0293764
1,-87.11052,-167.87962,0.037365317
1,26.831299,-71.87865,0.021654457
1,172.07791,-15.2235565,0.037319705
1,-136.531,133.3031,0.028936181
1,76.644714,151.27026,0.02817231
1,-12.932297,135.53851,0.03815784
1,-39.754242,76.94452,0.021911308
1,128.95035,-34.11386,0.021664433
1,-45.95395,154.38715,0.025087737
1,-20.409851,76.07916,0.048538275
1,-54.5745,120.40256,0.025019012
1,76.728424,-144.15273,0.027956264
1,-166.5731,21.456573,0.052460182
1,-170.88689,170.9639,0.03616619
1,-30.832825,169.01532,0.02577404
1,-118.88209,-167.33923,0.029424323
1,154.18091,-30.46727,0.02440367
1,7.790039,-143.28378,0.03751458
1,-20.988617,44.871674,0.048109785
1,-113.41489,145.73602,0.042369504
1,94.41153,-131.90956,0.027432369
1,119.1752,-82.362434,0.018988011
1,26.555069,-88.10633,0.044510167
1,125.28943,-83.33553,0.045851935
1,55.34207,130.26733,0.03752887
1,22.111984,131.4383,0.03343131
1,20.43814,-163.93892,0.028778655
1,103.03845,-108.48915,0.03588787
1,43.866364,146.76706,0.020670602
1,-43.310135,172.93411,0.026639316
1,4.398758,-19.39035,0.018283574
1,-49.724716,144.94797,0.034348387
1,21.155823,122.90863,0.038855918
1,118.70517,156.4501,0.027785417
1,-37.461273,89.67706,0.030970883
1,-18.871689,-123.03143,0.036860026
1,19.939117,-149.15616,0.03799159
1,117.37378,-166.26375,0.03052098
1,-23.944794,179.54065,0.053569917
1,-75.5557,101.37567,0.036717873
1,-99.3274,60.148514,0.041245297
1,94.06439,-6.4026184,0.038539253
1,-29.494446,97.06775,0.025665024
1,53.82048,176.42511,0.031248158
1,20.528076,174.05438,0.031601127
1,-26.069382,170.20605,0.022781638
1,122.37518,-128.94302,0.035669085
1,10.182266,84.41376,0.037992794
1,-122.55206,133.67886,0.041470006
1,5.909607,-131.53839,0.048712604
1,152.30334,159.69998,0.0261274
1,147.12668,-157.30598,0.04132429
1,-49.966858,153.32544,0.025594145
1,177.79999,179.44006,0.038875476
1,-162.18182,170.28302,0.026242055
1,170.18823,56.369247,0.03485807
1,-171.35532,-78.009514,0.06331272
1,38.308716,-141.53401,0.047964342
1,-176.00572,-55.315155,0.049366187
1,-176.57562,-105.36322,0.0409661
1,-125.28004,75.523315,0.023256982
1,3.5665436,78.09897,0.03209274
1,-27.466003,80.81,0.02554621
1,-14.287048,173.75085,0.016763678
1,157.38562,-33.269806,0.04263526
1,-17.5224,49.97754,0.042754024
1,119.162964,-28.52745,0.020765942
1,-138.74962,71.36644,0.0224458
1,-141.92357,83.50046,0.052057184
1,-178.02428,50.167847,0.02847144
1,51.642807,178.22595,0.06000204
1,146.06958,-121.36649,0.042183455
1,70.41629,-148.6997,0.027886484
1,-156.01833,61.913116,0.03365519
1,163.15417,-38.094513,0.027462363
1,-163.04926,96.80417,0.02738529
1,-105.68093,-131.42497,0.048147973
1,-166.8565,169.32297,0.041169733
1,147.95059,126.83011,0.039014883
1,-43.93013,143.9053,0.039173353
1,-130.81393,130.08118,0.034138307
1,-134.25087,-140.14233,0.024736162
1,-169.4609,9.315887,0.0258502
1,-143.17172,151.51904,0.018843165
1,-172.99692,43.814255,0.039139688
1,175.64777,21.278625,0.031610582
1,-160.37123,150.49234,0.025984611
1,160.19672,-124.136406,0.03122441
1,-28.368774,-137.34186,0.029236512
1,-111.92709,84.211,0.027167238
1,-109.86901,-103.23884,0.025365077
1,-17.95465,171.11084,0.024759755
1,18.450485,-53.542404,0.032811876
1,29.30812,-128.43118,0.041381948
1,-172.28406,-164.94855,0.03935407
1,-167.0238,-163.08273,0.045335107
1,-10.926163,-120.75025,0.025091942
1,-6.9364624,155.88525,0.029667523
1,-132.3757,178.7514,0.013927672
1,-30.640274,-148.12064,0.032324456
1,-133.8437,123.44925,0.030516867
1,-8.609787,-164.16087,0.036646392
1,-67.15647,15.027832,0.043372314
1,177.76825,-166.52075,0.027271314
1,-117.53054,167.67978,0.04062644
1,12.49025,-92.46491,0.024197726
1,-0.020233154,-154.02713,0.022111392
1,100.50729,117.31311,0.035922613
1,-152.17204,-105.6179,0.033970412
1,27.692825,-156.59348,0.06319745
1,10.473267,-150.30891,0.043630466
1,1.0689545,-142.63896,0.023580687
1,-99.81564,167.61084,0.03015001
1,89.99341,168.34204,0.03112114
1,-139.45987,118.77359,0.025371468
1,50.15634,37.473297,0.026411647
1,157.92053,-9.378387,0.035245612
1,118.26544,-128.9957,0.030634558
1,169.30865,2.5227814,0.040381044
1,-26.683746,97.159515,0.034628175
1,-28.050095,-151.13448,0.032916468
1,-26.595337,-164.68732,0.034514334
1,-159.57767,155.4281,0.020327672
1,-46.63997,133.3819,0.023773817
1,-7.8838806,-164.28372,0.023895418
1,128.42273,112.53204,0.030180255
1,66.61218,-47.825226,0.015120181
1,-16.315338,58.451904,0.03572662
1,167.28339,114.32962,0.030486725
1,-34.95404,5.093338,0.029021062
1,-139.36995,84.88275,0.019153967
1,-14.040939,-121.94818,0.026699947
1,70.40619,-70.3201,0.04129937
1,-64.66729,69.406906,0.04610374
1,-34.968933,-178.87807,0.026495848
1,-35.555984,118.537506,0.048058376
1,-64.927635,57.23976,0.053638924
1,94.81973,-170.87408,0.030912003
1,-73.010895,-31.121048,0.030736966
1,-148.07135,13.7734375,0.030608045
1,-144.4691,-104.19926,0.041676406
1,-80.094536,149.36755,0.045088895
1,-1.7051392,-74.35757,0.03984258
1,168.6926,75.14563,0.024245914
1,-22.173676,159.90613,0.035715397
1,151.48071,-134.22623,0.066891715
1,-24.548752,124.58194,0.033893634
1,1.4077759,-167.88536,0.03262603
1,-33.710785,17.584183,0.038835976
1,168.47937,-151.8233,0.019031698
1,172.56909,-23.832428,0.034351517
1,27.053879,-119.787415,0.024301967
1,-162.86835,-12.396942,0.037514634
1,-8.005951,95.62506,0.029379478
1,-152.57368,157.84296,0.020286083
1,178.1774,-165.65051,0.017440079
1,-4.2434235,-128.52245,0.032249916
1,15.041,-86.69348,0.045405935
1,-172.60518,21.28302,0.027687619
1,106.07675,69.41275,0.03279247
1,-15.982834,-176.57336,0.035915524
1,175.82617,-81.74401,0.04395428
1,-3.2145996,31.03746,0.03328592
1,38.93524,103.581726,0.016585702
1,19.693405,-175.31267,0.0151690515
1,-4.059677,124.2572,0.053931084
1,1.3864288,166.23279,0.05001625
1,-78.47043,68.87323,0.03135899
1,178.28552,-176.02338,0.05355749
1,-31.872223,-140.31688,0.032627143
1,-115.95611,-164.63481,0.05224254
1,-55.227493,168.50189,0.041925248
1,-89.20234,153.33905,0.020159984
1,5.050537,56.73552,0.03392664
1,-0.28640747,162.39679,0.046957053
1,41.350418,-145.73073,0.026778277
1,171.95276,-15.779556,0.04447954
1,-44.054565,18.777283,0.03453187
1,-41.553223,139.89444,0.024069067
1,-145.42938,21.800644,0.042916607
1,83.67761,-89.93288,0.033826403
1,176.84991,94.95093,0.018289704
1,-7.6848907,157.95343,0.021017356
1,-74.0535,118.230225,0.02718521
1,-110.74803,84.651794,0.048438836
1,127.60565,125.72052,0.014952811
1,-89.8494,175.03644,0.05543606
1,60.796753,-129.95517,0.05144494
1,-107.33127,83.95679,0.036130946
1,88.00952,-145.38142,0.03618073
1,36.899323,-31.11879,0.04020626
1,-9.64093,119.104065,0.024709
1,-12.134338,-165.44838,0.015769312
1,140.31873,147.1676,0.034197222
1,-14.612473,76.184784,0.047585573
1,122.4133,-53.90963,0.022608884
1,-168.60274,178.8822,0.027368061
1,-8.78804,150.49854,0.040109966
1,170.96515,160.02402,0.034614857
1,-59.431946,-109.209694,0.019256145
1,-148.04248,162.21759,0.04051912
1,111.98242,-60.81108,0.035826687
1,-169.61063,174.30518,0.031000292
1,-105.82136,99.12915,0.03415321
1,-46.987793,171.74512,0.021840837
1,86.00647,-121.88456,0.03522677
1,15.825912,63.12378,0.031028718
1,151.40302,44.89186,0.038771283
1,-179.47462,175.24591,0.025011148
1,-140.88615,-61.140068,0.033017248
1,138.24371,-74.373764,0.02499158
1,-46.569794,179.71884,0.03353292
1,-13.044678,54.630264,0.028415293
1,29.23613,166.65527,0.027685562
1,-150.94675,129.12592,0.025806215
1,-87.082054,107.035675,0.025573265
1,129.844,-96.06506,0.02368881
1,-136.26869,131.02655,0.040463466
1,-138.3464,93.77515,0.033099104
1,111.66351,-96.43658,0.037351627
1,8.436783,-166.56404,0.026911862
1,-34.088608,-165.35672,0.027502486
1,-147.13994,108.06253,0.0322708
1,15.359695,173.80121,0.037666366
1,-78.8897,74.11008,0.027634064
1,-35.264755,137.75443,0.031865634
1,-3.948944,176.83524,0.034280535
1,-55.1214,164.78015,0.026099967
1,136.99594,150.28802,0.020403283
1,170.0375,-129.8227,0.024670554
1,89.15759,-170.79715,0.015917573
1,167.76083,-3.4220428,0.043517333
1,-120.977394,149.45886,0.030855069
1,-174.48442,139.5932,0.034819365
1,-78.973885,3.0490112,0.025634794
1,81.32562,124.71445,0.023000624
1,32.62732,-162.57901,0.017953005
1,-108.20502,162.6435,0.031752456
1,-61.673904,69.58618,0.030727126
1,85.54431,-98.242195,0.025827436
1,-30.940628,133.35858,0.034980323
1,-2.461319,87.344086,0.026478216
1,156.9942,165.83722,0.028377205
1,-156.87035,-115.58521,0.030758562
1,95.2612,-74.15949,0.03761384
1,-14.393539,166.65308,0.028776066
1,158.61096,-90.0933,0.054528646
1,-5.661316,-115.670456,0.028484464
1,102.21069,-143.4862,0.03849728
1,0.8844452,176.41797,0.02886455
1,36.23709,158.73941,0.051919464
1,-11.650696,161.63788,0.023675526
1,-179.15631,29.577759,0.034773532
1,21.675095,-174.33678,0.024868544
1,-12.935181,74.41324,0.034022305
1,20.00885,-121.38389,0.03492601
1,-29.007416,176.88144,0.029428594
1,-137.34203,114.412506,0.030781107
1,-164.79225,-93.40829,0.030413603
1,5.439575,-173.2458,0.036056276
1,176.66351,-5.810013,0.01456136
1,139.91547,-141.30379,0.029816687
1,-14.751785,133.10333,0.056061532
1,-159.33391,26.337936,0.025347013
1,179.97708,-95.50911,0.048652347
1,-7.995346,146.19907,0.02754832
1,16.286362,-167.13594,0.039389048
1,-69.01938,64.390594,0.040463157
1,26.177048,-126.071396,0.025292555
1,-42.88669,49.519485,0.05214476
1,93.950165,172.68494,0.030209154
1,-89.45169,57.108612,0.04501182
1,6.4293823,-140.40266,0.03656714
1,-19.72409,171.66696,0.06375593
1,-155.44997,-176.06737,0.029872527
1,-31.674133,156.01407,0.020770248
1,129.94315,-101.73833,0.04555897
1,160.05096,144.11401,0.037261724
1,-9.8519745,80.884705,0.03855137
1,-50.015656,163.05362,0.044404253
1,152.88998,6.1506195,0.039081454
1,51.016693,-78.7195,0.042929146
1,151.62726,-37.091156,0.028563095
1,12.809708,-174.07892,0.05567101
1,179.00085,-6.3611603,0.04572174
1,-9.014908,-119.2888,0.01984285
1,-20.924133,124.48288,0.026064835
1,59.908295,157.70984,0.027491923
1,-9.751678,167.02405,0.04529286
1,65.21051,-104.81623,0.023754856
1,-178.6403,-164.39017,0.038869534
1,46.924255,-163.69221,0.04682829
1,-141.95976,112.71057,0.030723324
1,-18.139252,-160.72067,0.021326268
1,-13.552078,172.83331,0.047012385
1,-178.54128,-1.5164032,0.029550688
1,7.152481,131.66522,0.032919083
1,-105.7424,157.11569,0.035959765
1,-64.12827,59.006058,0.023596253
1,30.169968,111.71771,0.034224357
1,-173.03867,151.51416,0.040996943
1,-67.042145,151.77197,0.020985296
1,-16.42337,-134.25227,0.025855554
1,-12.143173,104.79077,0.03736339
1,-26.08165,122.13159,0.015533011
1,83.46039,-108.87645,0.02772365
1,7.0116425,163.76096,0.02756394
1,4.158264,-141.95728,0.03532866
1,-77.65473,52.922943,0.036411576
1,-152.93114,14.0905,0.032755274
1,8.536224,-164.44504,0.03912757
1,-35.533127,-113.49216,0.04222799
1,160.20392,172.84576,0.027204849
1,-18.830582,-51.873627,0.039937656
1,-92.547035,-143.97702,0.027184086
1,-18.98767,172.55878,0.04722885
1,-5.850418,-76.97982,0.030462878
1,-76.146996,-22.549454,0.023105271
1,-49.715454,94.03964,0.01739008
1,-76.38395,-121.360855,0.020245282
1,-146.68434,35.055496,0.042886913
1,64.988495,107.899445,0.038927734
1,-156.0375,67.193634,0.03972644
1,-153.5444,168.13153,0.022048945
1,36.407288,19.872665,0.029400028
1,-161.7529,148.57077,0.024280354
1,-113.54551,-155.20946,0.038721833
1,178.26501,-167.54129,0.037117913
1,166.63681,-29.796448,0.03228642
1,11.328583,33.231216,0.040286575
1,160.83176,-73.466675,0.030299272
1,18.075897,-174.44681,0.02339627
1,-11.779587,177.39508,0.035929136
1,-173.26953,-178.29791,0.021630904
1,-175.20583,-175.79982,0.038040593
1,53.402924,158.04813,0.034953658
1,-65.65643,53.850403,0.045947243
1,81.33325,-116.75438,0.04606374
1,-5.263794,85.86032,0.027047796
1,66.72537,-42.27533,0.03160136
1,21.90863,-21.587418,0.047903854
1,24.500397,-148.3997,0.061579503
1,-48.4429,85.49863,0.035381626
1,-22.96289,159.90076,0.023172569
1,121.27936,-140.25157,0.044727888
1,118.636536,170.91132,0.04322009
1,15.958542,-94.750565,0.022385485
1,-142.85063,-165.08458,0.038549326
1,-52.801468,122.943695,0.025037978
1,139.44214,-38.21794,0.020113613
1,-155.4597,-41.358337,0.023124188
1,49.961624,-41.400146,0.07604977
1,-30.248032,97.362854,0.037727356
1,-18.83162,-83.885544,0.056083187
1,133.04022,40.397903,0.04790799
1,-141.64034,20.965149,0.03744232
1,2.499115,51.03537,0.040295377
1,-16.445969,150.48993,0.03658668
1,179.98215,-5.9270325,0.02601325
1,121.598816,-151.3486,0.027536854
1,-141.39444,123.720764,0.04541614
1,-20.163284,170.21457,0.024876343
1,-6.243805,163.84671,0.05111008
1,157.98517,126.83673,0.039207023
1,-136.01892,-10.152878,0.01941043
1,-143.81804,-178.57893,0.025834339
1,142.72278,-165.77676,0.041812215
1,23.360718,-71.62894,0.029522594
1,47.545105,-173.74251,0.035727803
1,56.94188,129.55353,0.026574718
1,-96.88321,135.07986,0.02079328
1,-19.697708,-168.94763,0.023472855
1,-4.574585,-167.71954,0.03313534
1,-112.8289,-89.831696,0.039329417
1,-167.14456,1.0759735,0.028186113
1,-30.883102,177.32608,0.032160554
1,48.859497,-17.460632,0.03307816
1,4.0206146,-155.71992,0.03322383
1,-97.595116,-169.49312,0.02498615
1,-94.64644,41.960724,0.022202726
1,153.69653,-12.825333,0.041301087
1,-3.72023,172.97177,0.021232601
1,-136.34319,-39.584442,0.039748415
1,82.97711,-167.70232,0.024628222
1,27.197891,-8.144897,0.03722954
1,59.508255,-65.9606,0.03301026
1,-27.096375,144.77222,0.027390778
1,132.92178,45.970383,0.025312075
1,15.160202,125.74609,0.042600654
1,-163.02013,-177.92407,0.02839369
1,-27.884445,41.67923,0.03804016
1,144.87747,-88.13875,0.02993073
1,-139.8211,-173.19548,0.018886462
1,176.75177,-19.481598,0.022595027
1,133.13287,-138.03465,0.038808633
1,-114.34615,98.30969,0.034331236
1,173.61691,12.318878,0.04280782
1,150.83405,176.5011,0.035219252
1,-161.96718,-114.14129,0.033226896
1,-63.258514,31.304108,0.024971412
1,-142.68385,158.35733,0.028000815
1,130.06488,-122.80203,0.044954322
1,104.90869,-85.42382,0.036921255
1,-177.46455,163.03622,0.021781148
1,-127.28485,-151.17651,0.041223638
1,-14.639114,-131.28331,0.037508402
1,-13.92865,79.44403,0.024890516
1,-129.85402,143.45947,0.03224163
1,163.41522,177.66687,0.035697427
1,-22.689056,157.3034,0.018431941
1,176.61594,-47.13446,0.041777637
1,169.87988,85.647095,0.049529918
1,-15.779068,168.94086,0.020813733
1,-1.6834259,-8.165924,0.034564435
1,24.839828,-179.58972,0.03162749
1,-117.81642,149.9534,0.030692196
1,-170.05412,12.148239,0.02375985
1,150.56781,169.54794,0.023711078
1,-52.216423,144.54218,0.03064987
1,9.965378,173.44604,0.022634227
1,171.89246,113.156006,0.026593119
1,68.675415,-73.49512,0.016673727
1,-137.7357,127.714294,0.03114428
1,-176.48071,-63.073166,0.04199471
1,-152.79515,19.670563,0.030578034
1,152.56592,-70.14697,0.02933528
1,-65.568405,149.02902,0.029279107
1,82.05704,-132.14151,0.03777757
1,39.32782,-150.82002,0.022507386
1,7.615906,179.19543,0.02343592
1,9.955551,-27.767792,0.027693164
1,156.93713,177.25067,0.027564665
1,-74.85824,-161.97296,0.03021495
1,115.62503,-151.88316,0.0253867
1,176.20029,28.240356,0.058951363
1,135.75598,49.389435,0.03837804
1,-37.46353,118.706055,0.03933255
1,174.28229,21.741547,0.034181572
1,-126.019035,109.127014,0.031743202
1,-9.585754,-169.10756,0.03763022
1,-6.7526703,-24.408875,0.020691007
1,-152.96812,19.744003,0.034362774
1,-0.55101013,-82.43004,0.030212842
1,69.74484,-107.79322,0.0366909
1,159.70605,-101.19144,0.027747707
1,-9.79689,158.50098,0.04316391
1,-10.689285,-104.93041,0.031361435
1,-8.195343,177.53107,0.032869693
1,-10.90477,134.04837,0.021922413
1,158.4685,105.337036,0.039750926
1,12.41391,20.85115,0.030885315
1,-62.818443,-27.654663,0.041594587
1,-87.78192,7.6558685,0.024768345
1,16.829605,90.63092,0.034231473
1,-21.54306,126.13324,0.027471133
1,-138.3251,77.09769,0.04036439
1,-2.05484,4.295456,0.027310818
1,15.129837,-170.81459,0.023323085
1,-116.619675,-152.31908,0.030011892
1,17.840698,-179.26439,0.033144414
1,127.37775,144.21606,0.039601915
1,151.1047,-56.873703,0.028529147
1,-120.929,135.83511,0.028819706
1,-11.826874,-42.783463,0.027840812
1,-142.79733,-158.13725,0.01656829
1,-164.47464,-11.303314,0.0521078
1,77.12463,-15.0482025,0.037571095
1,-165.71173,161.9722,0.044955373
1,-175.55463,142.22803,0.03518921
1,-2.7927246,-48.268967,0.051557746
1,-36.598587,140.00311,0.02291044
1,163.19217,43.365112,0.03897581
1,-147.22752,-48.30864,0.035402283
1,-2.7804718,-176.1382,0.038113054
1,51.562866,109.68103,0.04282313
1,-125.448524,36.546722,0.035940606
1,158.92609,-83.77419,0.030851236
1,14.482025,-52.814896,0.035134207
1,-10.4092865,162.0173,0.021279585
1,-59.562614,130.52182,0.0235453
1,-150.25212,126.170746,0.05841842
1,3.177826,174.48206,0.03152796
1,-7.676178,-174.89612,0.03571784
1,-18.475494,155.54016,0.033743363
1,-55.297134,-13.326706,0.036970403
1,0.55062866,27.646667,0.02967301
1,177.87762,-174.9957,0.04571083
1,134.53912,174.83588,0.03199725
1,-132.7078,-17.069977,0.036897797
1,-126.82244,-169.06282,0.052886784
1,131.2514,-17.801819,0.031211508
1,-3.4487152,-122.45061,0.03184315
1,170.39465,-129.0989,0.03851025
1,146.84576,-136.58011,0.03169877
1,-133.93355,154.23938,0.022067353
1,-130.71484,55.379486,0.040726148
1,-163.80106,167.90564,0.028346065
1,6.9394226,135.61804,0.038884394
1,5.036743,171.6142,0.029775344
1,31.768585,116.05994,0.07470371
1,-19.779129,-30.999283,0.024796164
1,-95.124435,171.73077,0.030194031
1,-163.87518,67.62686,0.023674509
1,153.15012,-101.84387,0.048366852
1,88.12988,-82.3534,0.05050016
1,13.684479,-50.792053,0.020237334
1,-151.78871,173.63675,0.033832777
1,-139.23671,90.9592,0.044868182
1,-63.853577,109.92166,0.033755265
1,171.68268,-52.155304,0.0379053
1,-10.427704,163.4101,0.023573054
1,3.1481628,-163.13243,0.02899505
1,19.92685,-153.54156,0.025401082
1,173.4053,-9.88887,0.03526869
1,-13.640839,96.19873,0.018892206
1,-9.838501,15.436554,0.020244963
1,51.057693,-141.70874,0.019354615
1,-84.585205,117.88574,0.025665572
1,-123.10757,96.46594,0.04191358
1,-116.07344,148.69916,0.019304445
1,84.08658,-44.291504,0.025727203
1,81.81583,-116.14058,0.05020644
1,-134.52902,98.71701,0.02856883
1,-164.0592,-107.4524,0.046044044
1,-67.01581,73.95419,0.031961553
1,153.047,167.36652,0.02656131
1,-50.926956,102.58832,0.017447056
1,-36.88092,148.3392,0.023752786
1,134.51492,163.43921,0.028086578
1,-121.00871,44.896942,0.05038807
1,176.75323,-67.714806,0.02967874
1,3.606964,-28.567963,0.035548132
1,57.010986,-104.05091,0.024036637
1,9.086258,136.79688,0.038698222
1,36.24208,-70.746956,0.035187148
1,-150.4171,23.265594,0.03149286
1,-100.685936,147.33246,0.037053227
1,-123.14892,162.68628,0.08555201
1,97.93552,-156.08955,0.02135152
1,11.121033,-111.661354,0.028181266
1,164.83606,-138.51135,0.031103645
1,158.9147,170.73859,0.024034232
1,-41.402756,72.62698,0.048195336
1,-147.10559,-67.73028,0.024145616
1,-105.90818,30.632523,0.031259682
1,-22.635239,-163.76483,0.025259428
1,-75.42877,176.88318,0.03703565
1,-67.97432,175.4469,0.015606122
1,-1.7028351,111.28073,0.027341468
1,129.64319,132.83014,0.04730277
1,-59.174377,137.89322,0.026715726
1,92.16708,-47.315353,0.050662167
1,-100.78072,176.88977,0.031245997
1,-0.14897156,166.10297,0.021913715
1,-38.78601,7.176773,0.026459767
1,-134.31616,95.88605,0.037924137
1,148.31897,-143.33008,0.018408198
1,-84.32199,-139.93642,0.02961985
1,56.544388,141.62988,0.033072326
1,109.08707,72.765335,0.03608223
1,-107.45751,142.86185,0.025613695
1,-159.48167,-23.460602,0.024151633
1,-179.02406,-156.6458,0.017541196
1,-62.843002,145.706,0.016265566
1,-114.750885,101.36786,0.028572628
1,22.166672,-115.71969,0.027455134
1,-161.07605,44.43463,0.04354087
1,158.65097,-56.545,0.027737936
1,-155.31409,68.16339,0.030945074
1,31.130585,-174.57245,0.04447433
1,-178.863,43.474426,0.022502543
1,16.428558,-167.84856,0.01676936
1,-10.911774,167.16672,0.031236429
1,-143.38393,78.87549,0.03437706
1,-95.17023,-2.5209656,0.027294079
1,-78.3491,83.47739,0.03456928
1,147.83243,152.08191,0.025680842
1,-126.5231,33.835556,0.045835726
1,-123.094376,68.52316,0.026893217
1,-174.2191,-12.255829,0.040409777
1,158.18866,-102.652565,0.042476516
1,173.83978,-12.935944,0.046208374
1,10.328247,-120.22517,0.02646204
1,125.95499,-80.52614,0.022644402
1,-73.878044,-177.72578,0.040148247
1,53.135864,81.06348,0.029355487
1,-128.00345,141.93228,0.036441162
1,173.98221,83.57492,0.02744583
1,13.503906,-167.95477,0.020361524
1,132.94849,-43.190903,0.047744684
1,-116.030334,150.22174,0.027807614
1,95.32782,-93.10084,0.042163596
1,-174.61818,-171.82382,0.045632295
1,30.416443,-46.341827,0.052502602
1,21.635117,-91.69304,0.023597158
1,-1.921463,177.28925,0.036507662
1,-24.54654,-123.899445,0.02950551
1,-169.38799,-42.18419,0.034753054
1,-58.31903,-177.20236,0.023299273
1,167.3948,-62.83258,0.023065707
1,-144.95021,159.34027,0.03452296
1,175.6477,-168.26361,0.03842683
1,4.441284,-164.02397,0.030814085
1,-14.084076,129.47385,0.025894918
1,-166.96814,13.034164,0.024562664
1,49.51239,-59.885506,0.02868046
1,-89.64659,54.23204,0.046970837
1,9.692154,-14.620743,0.03406941
1,158.62723,-170.7282,0.021248873
1,-109.434395,-48.653244,0.04660597
1,149.80182,-141.82414,0.030179722
1,99.21298,-134.42223,0.030918756
1,-129.0857,82.078705,0.029542094
1,93.20764,-128.15646,0.030630026
1,10.390503,-34.26465,0.07627647
1,-110.00449,69.8828,0.037760586
1,154.9429,-21.228409,0.039716456
1,-149.28806,150.56894,0.020670695
1,3.4673615,-160.28342,0.04784996
1,101.53458,-98.03345,0.04488927
1,-175.69339,-172.91522,0.04076755
1,45.507584,125.05377,0.030075291
1,173.10364,23.314133,0.030095086
1,-173.3859,-38.668,0.020821042
1,52.4812,-24.713684,0.03816012
1,-49.81671,-158.46931,0.04489294
1,-78.50447,157.29663,0.01894629
1,168.6871,-9.693237,0.031435438
1,172.00104,18.337479,0.04440865
1,-158.86864,52.072876,0.027453508
1,14.016617,-176.46811,0.030805409
1,125.161194,-104.56965,0.033740908
1,67.83368,-84.16037,0.032249935
1,69.91107,-175.68434,0.025815807
1,-175.70715,159.4079,0.027011093
1,-169.72133,6.463455,0.026902378
1,1.7673492,145.69626,0.015645526
1,-129.53452,-100.43618,0.04331892
1,-94.72616,113.55118,0.041747622
1,-0.42359924,-173.2638,0.03955373
1,96.53186,-119.96361,0.028463397
1,36.508728,39.211777,0.032580428
1,-31.823242,162.67822,0.03917568
1,84.42856,136.02405,0.045114964
1,-38.22548,-174.10815,0.03191698
1,163.87311,-81.787796,0.026086008
1,-34.439453,27.61464,0.026986405
1,-129.38667,157.28802,0.047453593
1,-34.639877,144.3498,0.024025738
1,-159.46384,-126.59321,0.035406303
1,-177.16942,1.0817108,0.042061422
1,163.58456,-152.51688,0.02750534
1,-4.0885468,-70.6991,0.049504068
1,53.9666,-43.686066,0.035382554
1,-161.70819,166.66159,0.039815996
1,-119.6196,-89.13846,0.024359167
1,92.354004,175.5986,0.033216313
1,65.800446,-85.34487,0.043365978
1,4.845764,77.19745,0.0230509
1,152.37018,-80.41003,0.032224264
1,-99.29178,100.335266,0.04555752
1,-164.36804,176.63174,0.023997096
1,-49.23471,163.66168,0.03329678
1,148.65668,-44.84836,0.035174593
1,116.35361,81.745636,0.026014296
1,-142.90082,103.148865,0.07740757
1,-96.1125,153.13861,0.035993073
1,-22.193512,155.54095,0.028808173
1,174.57474,16.063004,0.03212457
1,-47.572876,141.97021,0.032129344
1,13.221542,-160.76828,0.0272952
1,171.13031,-32.486023,0.031125981
1,-17.08493,151.12946,0.039234675
1,68.30498,-123.467186,0.063099995
1,26.154694,-75.44971,0.026144914
1,4.4950104,-4.3756866,0.039828748
1,91.22287,-50.283615,0.025005529
1,-24.182709,167.59796,0.029580794
1,89.52161,-105.60504,0.027846469
1,8.13678,21.927658,0.036534507
1,-59.899826,90.54834,0.05016903
1,133.79877,-158.49548,0.039849102
1,-0.27079773,174.77246,0.01896723
1,3.6840057,-167.99628,0.041764062
1,170.19781,157.30737,0.026591238
1,118.91266,-129.66827,0.02514584
1,-45.48706,-1.2310486,0.040274397
1,-91.12072,-105.54105,0.028271427
1,-33.899353,31.376602,0.026864953
1,-153.00743,171.83234,0.031689364
1,-105.592026,-34.1913,0.041117277
1,-145.80948,-153.42218,0.027049229
1,172.53241,179.82025,0.0323433
1,-51.966034,158.23615,0.022483952
1,126.350464,-83.78949,0.03879866
1,6.2871857,-14.035431,0.03669224
1,-146.31992,162.39218,0.055287465
1,-12.890503,-179.35452,0.036196537
1,170.92651,-150.29825,0.032144345
1,73.92404,146.4396,0.04050678
1,29.307007,-136.7092,0.030485425
1,-106.917915,76.65347,0.058408603
1,178.30847,111.212524,0.027360382
1,-166.1752,141.66449,0.028001955
1,-167.27994,172.06976,0.022993127
1,0.50227356,-157.4333,0.05504922
1,-9.743805,63.68657,0.030693434
1,-116.245995,-133.97289,0.035901878
1,76.16498,-80.73771,0.035000883
1,-104.889595,99.529785,0.04369097
1,-89.56413,107.89874,0.40346038
1,-98.95241,-144.6457,0.024194436
1,-66.985535,-157.87671,0.036625735
1,-120.625435,56.644012,0.034510683
1,-33.422028,77.15692,0.03166245
1,13.737991,-100.77175,0.04467565
1,134.14624,39.134766,0.029671606
1,143.77887,115.96631,0.04971224
1,121.92261,167.59009,0.059811313
1,-122.01991,44.354294,0.04411958
1,-3.1499481,-105.04049,0.031265236
1,2.6891174,56.191162,0.04737086
1,-119.021164,47.79396,0.02824134
1,60.689728,97.595764,0.03207606
1,97.691956,-123.54344,0.030903826
1,41.93901,-139.36621,0.019446386
1,-131.81668,167.03888,0.033480816
1,-140.31407,64.73633,0.023290502
1,110.40784,154.15732,0.024352077
1,158.10834,-3.8335571,0.03186865
1,12.698593,-139.80304,0.058505535
1,-30.884308,-177.97643,0.04693939
1,-61.870926,-18.0316,0.041220963
1,-156.68196,34.54628,0.052333534
1,-1.5673676,-175.02975,0.026543826
1,-142.18898,172.16376,0.03152046
1,-113.16274,51.352554,0.032054186
1,38.11841,-148.85571,0.0602428
1,57.096817,-157.38126,0.0231698
1,17.330978,-178.05846,0.044075504
1,-129.71179,84.23425,0.018889733
1,-114.28071,125.84772,0.0286539
1,82.997314,-69.44261,0.035896424
1,104.63318,-82.42356,0.047762707
1,164.0311,-1.2172394,0.02873035
1,107.22015,-90.15019,0.031121928
1,176.60657,175.30734,0.029763332
1,57.565018,72.44031,0.023827808
1,-15.106567,102.325195,0.024801549
1,100.44913,-34.090393,0.022076441
1,-46.764267,86.62659,0.029174589
1,-41.47087,128.17822,0.04063286
1,-138.59978,-80.99589,0.042702254
1,21.898438,-52.388138,0.013356068
1,140.2807,-110.25508,0.029707683
1,-63.568672,61.063675,0.022763848
1,-22.09819,-157.35516,0.025626175
1,104.81128,-125.13656,0.022853589
1,2.9510498,-113.2449,0.035649553
1,-65.89958,-151.73299,0.03752007
1,-5.0083313,1.4924316,0.021347696
1,72.23404,-45.770645,0.027670585
1,8.239273,-103.25536,0.032062862
1,-134.56345,-47.075546,0.035531744
1,-18.033066,-133.39453,0.031082308
1,-46.75949,139.33356,0.057106588
1,4.1486206,-177.23956,0.054761782
1,178.19156,85.84689,0.022065576
1,140.85303,-77.720856,0.041872118
1,2.4260864,80.73566,0.019670002
1,-1.8074493,-178.46196,0.018872585
1,74.76416,-106.30762,0.029514136
1,169.91846,-51.650467,0.038046
1,2.2297363,11.114273,0.02980282
1,-96.753174,72.242935,0.042459376
1,-3.491806,171.33804,0.02091099
1,4.461029,-16.672607,0.026318587
1,-34.973022,176.07996,0.041638024
1,41.386658,-73.93237,0.028741108
1,-156.6331,159.6641,0.052722316
1,-13.277435,151.45111,0.020335268
1,-145.63937,-154.90118,0.026745379
1,170.26865,-35.549103,0.029166045
1,176.18835,-27.141312,0.03076827
1,172.39212,-4.510254,0.041721143
1,21.636475,-149.45317,0.040983856
1,-170.81656,-162.66472,0.018800896
1,-123.66302,107.645905,0.03425764
1,-26.832642,-174.06737,0.026763303
1,6.9843597,-177.27002,0.032115865
1,91.86859,171.38806,0.025327828
1,125.082214,-81.47941,0.025509285
1,13.872055,147.11182,0.021221023
1,-9.392853,158.20087,0.048631735
1,44.72003,-165.78764,0.015921976
1,167.41248,36.78174,0.017149543
1,56.555817,-35.071075,0.025750123
1,-166.50804,-100.59534,0.026139501
1,-33.866104,-24.294373,0.033019684
1,7.1595764,-175.43121,0.031367566
1,13.303131,19.569565,0.034317147
1,107.19174,-154.13222,0.02898082
1,-141.15875,-178.52916,0.026941333
1,-29.63472,-141.68727,0.038878378
1,-0.08843994,-178.78854,0.041461978
1,-142.01413,135.40149,0.03130621
1,5.2146454,-145.07838,0.02110512
1,-13.796143,-135.58594,0.026328132
1,156.38019,-147.12865,0.026812874
1,-120.97892,-151.15906,0.039911136
1,23.11087,-151.44194,0.029319044
1,-106.096855,95.74881,0.022954142
1,153.54425,-124.0406,0.05326156
1,-77.71742,-112.664986,0.025404038
1,158.48975,-178.28578,0.024272427
1,-37.45999,50.825134,0.027093576
1,-41.028427,148.79437,0.02745127
1,164.75095,42.468384,0.01799181
1,-43.141037,-125.82454,0.030453192
1,141.693,130.64603,0.022678465
1,81.9859,-107.01461,0.031141
1,-146.6301,137.33856,0.031422123
1,-2.6161041,108.14871,0.02473678
1,164.07559,177.29419,0.01917741
1,-98.143906,120.79559,0.050466273
1,-175.95293,-20.080124,0.058154643
1,-172.7631,-150.53073,0.023583446
1,-178.08682,-151.7123,0.03692859
1,-169.40007,11.967438,0.03137939
1,-176.37096,-159.71841,0.032123696
1,138.49237,178.11798,0.0306475
1,10.939026,176.0517,0.037482515
1,-85.82862,75.16141,0.041309707
1,-71.962715,69.7204,0.041928858
1,40.495422,-104.32881,0.047739152
1,-54.453163,167.76227,0.029574031
1,153.77814,-108.825935,0.06176045
1,-171.20036,-37.56305,0.027115187
1,-18.288818,14.102219,0.030096224
1,122.39212,-140.22905,0.045753673
1,-24.436432,169.23297,0.02960458
1,-28.242783,-161.5149,0.032404453
1,165.07675,-62.294113,0.034096833
1,-32.877243,90.131744,0.031662136
1,178.35059,-173.78006,0.020466136
1,-167.26921,-68.27921,0.0316188
1,94.052795,155.9143,0.021338066
1,18.116837,-94.57209,0.04132871
1,-71.24569,-160.58566,0.019192223
1,134.95078,59.554382,0.027642678
1,179.69434,-23.119507,0.040529493
1,3.988449,138.57751,0.043547377
1,-145.37915,-173.08035,0.034802962
1,-2.5899658,-0.68530273,0.060244955
1,163.16876,-142.55882,0.028089285
1,-163.40501,-144.6247,0.019897986
1,132.53864,-73.95161,0.036092598
1,22.838501,-18.063766,0.028715786
1,17.814957,-166.5452,0.02548833
1,41.009964,176.57129,0.027759455
1,129.22198,18.641129,0.043274913
1,17.043472,-168.92056,0.02257609
1,-13.997894,-153.24774,0.01620746
1,61.73828,-134.4324,0.0191903
1,-10.017578,-164.11975,0.01702708
1,-47.173615,126.98892,0.03190999
1,-65.27378,50.44101,0.05080539
1,-178.6512,161.2691,0.038830057
1,-162.68001,99.47479,0.024856884
1,170.34525,-153.39755,0.029206207
1,-107.26107,159.7728,0.020482888
1,-21.520233,112.916626,0.016245965
1,-130.72997,81.93564,0.06424197
1,-112.155205,28.494766,0.028453346
1,-4.7331085,66.69763,0.03851814
1,-102.718254,82.772125,0.026939042
1,-22.6595,143.49387,0.030079426
1,12.973099,179.90344,0.027853528
1,-156.6394,-147.70435,0.019852053
1,-160.79973,-152.11555,0.018602075
1,-140.07959,149.21786,0.023909083
1,-15.51799,69.153534,0.02508539
1,106.82904,-103.00763,0.040992297
1,39.726486,-115.46974,0.036432717
1,26.87886,-176.32718,0.026579235
1,42.98166,172.98016,0.024916878
1,-172.92242,-139.96721,0.033015523
1,134.62793,-149.12102,0.048938207
1,71.71962,-108.00444,0.034096174
1,61.037888,-88.36219,0.038415655
1,146.23071,-126.74165,0.028565248
1,-142.81972,40.54825,0.0275254
1,-56.60913,77.78256,0.023916045
1,-44.07419,-167.46031,0.03305756
1,-115.67903,-163.57944,0.019643638
1,163.19327,-44.75479,0.03546927
1,-164.8044,20.186066,0.048717003
1,-51.372772,98.29285,0.022649199
1,-163.35762,151.56207,0.026675925
1,-162.80568,10.359329,0.02839312
1,-37.93286,-169.80331,0.026129028
1,-0.838562,14.812271,0.032290604
1,44.276855,-72.8901,0.03316071
1,129.81635,154.26785,0.028107308
1,-13.03006,152.62134,0.026890721
1,-109.4724,-73.12995,0.048503965
1,-55.701065,-168.62325,0.033762682
1,87.88699,78.255615,0.036202006
1,174.19061,-151.42148,0.04670153
1,-147.55724,162.40582,0.03746342
1,6.775543,-53.429382,0.03477151
1,-74.01689,-163.59465,0.030490031
1,-14.172104,170.07187,0.022936415
1,-51.97058,61.713333,0.042097487
1,41.756073,-176.61243,0.024782771
1,108.10211,-66.07986,0.022740077
1,100.48874,-84.43975,0.03941146
1,-66.2564,57.198303,0.049655292
1,25.597946,-129.79948,0.022536026
1,98.95187,135.50714,0.037852924
1,56.543915,-171.63474,0.030663425
1,-67.70545,144.19623,0.057355296
1,-125.62843,165.80109,0.03298189
1,36.519363,-172.71432,0.026372468
1,-14.97113,-112.49922,0.039145958
1,-126.554726,113.54425,0.040707164
1,64.15675,-71.37595,0.039605886
1,82.7576,-120.181465,0.025515126
1,4.5441437,-121.418076,0.03982686
1,-90.37489,103.94052,0.0381796
1,139.0839,-157.18356,0.05472287
1,-172.68665,105.66278,0.032046746
1,-14.588745,138.4627,0.014814664
1,144.47626,-98.7401,0.019563727
1,173.86145,-30.66301,0.032028217
1,-23.129395,-98.772125,0.040523246
1,44.81804,-148.05893,0.041996095
1,-178.43652,-4.6453705,0.022123748
1,-1.3773041,-60.8873,0.09453617
1,40.05229,-74.290985,0.041347835
1,-94.440765,-162.12122,0.059002757
1,-133.14786,105.937256,0.022382872
1,135.3811,-149.95287,0.017912796
1,-178.85687,-40.239075,0.033657584
1,-8.327133,115.70804,0.02347063
1,14.145035,66.17804,0.025698883
1,91.83124,-130.1046,0.020443
1,14.360031,-56.57518,0.04364623
1,22.856506,120.45636,0.021513185
1,-37.080826,127.174774,0.026557833
1,-48.225647,152.09589,0.043061357
1,-12.892426,146.05664,0.015251437
1,-171.43138,30.49614,0.031299915
1,-4.4935913,165.48822,0.04451785
1,171.42395,117.05951,0.038549516
1,-19.804565,68.174866,0.046223763
1,-150.69923,142.12811,0.026860606
1,-164.57994,140.97473,0.032903995
1,-175.98694,-27.71495,0.029505868
1,-112.35071,-96.652565,0.027869236
1,-129.95378,17.110916,0.032801513
1,151.16699,109.33005,0.051252738
1,-161.73654,-42.040833,0.037951387
1,-55.481873,106.52246,0.027830651
1,35.46576,-145.21806,0.03215363
1,14.020584,-30.898087,0.041431658
1,-120.34924,55.75403,0.025861915
1,-144.02585,-57.12577,0.032392103
1,151.55066,-27.033005,0.02340999
1,12.18045,-33.578842,0.037829082
1,11.959854,-161.13625,0.03158449
1,-62.211624,159.26569,0.03155968
1,71.82605,129.86316,0.049812797
1,61.481262,104.88501,0.035130795
1,156.24097,-66.214615,0.04924849
1,-93.0896,48.098816,0.034483913
1,85.6438,-142.96974,0.04040156
1,9.597366,-161.33917,0.029855063
1,-179.90399,-159.74794,0.020435609
1,102.532776,-81.72597,0.025455024
1,82.356995,65.30701,0.02705645
1,-43.302826,96.49344,0.029154794
1,-82.252426,123.752716,0.031744402
1,-124.51688,166.74219,0.028814038
1,-67.58964,27.108734,0.05847676
1,-61.21176,161.8819,0.03526299
1,161.32242,-39.86029,0.044710685
1,153.50867,157.49234,0.024885349
1,51.943237,172.72745,0.026676122
1,-162.29552,-49.039536,0.047588456
1,175.27191,-96.49399,0.03704117
1,-166.91551,-144.6984,0.0350336
1,167.49905,-165.49043,0.03774033
1,121.11566,-120.462204,0.051713843
1,-153.43306,4.3773956,0.021176087
1,-145.09673,178.78046,0.03992649
1,-22.345078,-62.3555,0.03324157
1,-169.05818,-112.991486,0.026782893
1,169.02582,179.92749,0.023325656
1,40.03485,-153.06732,0.026834296
1,-154.10304,-4.514679,0.021975819
1,-178.92754,97.167725,0.02735871
1,-74.81566,79.97577,0.031455874
1,76.08322,-40.698685,0.064171165
1,143.2305,-22.925507,0.044920657
1,-176.64595,15.642914,0.03314116
1,-7.8502045,146.93756,0.067652054
1,49.971222,114.23474,0.02542763
1,1.7657166,171.6059,0.03155358
1,-108.18962,-31.62642,0.032474447
1,-20.70752,-69.793106,0.02741959
1,23.763718,-156.85799,0.023995893
1,15.146133,-6.544876,0.025624413
1,18.965622,6.269226,0.051415775
1,-9.753845,118.40051,0.038383994
1,-32.074142,124.09061,0.034988016
1,55.67224,-173.28497,0.03490175
1,20.94226,-160.16563,0.019975757
1,85.76373,-109.77922,0.02216702
1,-162.54407,-67.49112,0.045981314
1,22.546387,-45.800705,0.02817102
1,167.8612,-164.45367,0.021124559
1,-99.412315,-116.13107,0.04132009
1,66.58557,158.3071,0.0375207
1,16.295517,-105.18056,0.025345342
1,-145.62068,91.28912,0.029620383
1,-33.928665,-146.36588,0.030008717
1,-38.21312,165.80206,0.04063417
1,-40.47101,117.951294,0.03954904
1,20.386978,-143.00801,0.02442942
1,25.186554,70.77008,0.037540298
1,140.6142,-157.0965,0.07787327
1,168.4112,37.977295,0.06314992
1,-97.109215,157.88693,0.0674519
1,-85.07171,159.80353,0.019142376
1,-100.8361,87.780365,0.044298723
1,-7.5510864,-151.33502,0.03770909
1,-152.99452,-163.34714,0.024758836
1,35.579956,24.010025,0.038983505
1,50.649902,-162.09471,0.032189026
1,-114.77495,16.493927,0.038931362
1,-14.694397,163.01642,0.034164883
1,5.2215576,93.9198,0.026100188
1,59.78804,-110.66237,0.032587413
1,-171.44968,120.91388,0.02774479
1,156.17743,-161.42921,0.03794949
1,-47.78595,98.43292,0.020912927
1,-8.961243,118.55536,0.024919325
1,147.78387,-162.72202,0.03874207
1,-132.55107,18.16307,0.026282452
1,102.292725,-118.149605,0.026647925
1,-5.3606873,-164.35347,0.03647284
1,176.31012,-136.04886,0.01731382
1,-24.238525,-163.4236,0.035227913
1,-43.600204,49.165497,0.0439157
1,7.498581,167.1301,0.06322126
1,176.95306,-154.50189,0.033436287
1,-54.163635,179.90662,0.025357572
1,-16.108078,139.73065,0.03607905
1,68.94266,-168.60323,0.04027597
1,86.25583,-165.26642,0.033303507
1,-0.7085724,175.89062,0.014613014
1,-19.730164,-163.86891,0.027848134
1,-171.68109,-59.333344,0.031557642
1,-69.388695,63.492065,0.030856628
1,7.9437256,-164.49603,0.025238695
1,-152.0677,158.11923,0.028073182
1,-4.6000214,-179.70222,0.024662474
1,-88.3543,123.53824,0.030234236
1,84.677826,97.20761,0.033967692
1,168.13379,132.28021,0.013915588
1,-85.84404,118.756165,0.035245974
1,-110.398186,-165.19035,0.06838199
1,-70.39175,-121.137146,0.03134709
1,-74.96088,103.73514,0.029024772
1,-22.299622,-72.209984,0.0428559
1,152.84943,-82.49965,0.032433227
1,139.1687,-137.25388,0.030128626
1,50.513474,-89.10555,0.029863965
1,30.011124,-16.526855,0.02996041
1,0.9300995,-9.399368,0.023337418
1,-76.2256,118.85547,0.047735203
1,-148.01767,-129.33522,0.022775799
1,21.43364,-144.62724,0.030089518
1,23.258667,-67.68176,0.03082216
1,72.336075,-100.92972,0.041157067
1,26.552948,4.7800293,0.020552129
1,-157.47583,-27.314987,0.0197414
1,155.02106,-45.52841,0.046096604
1,158.5979,-153.90468,0.032950416
1,-7.926239,176.65472,0.03889249
1,-157.73676,39.20146,0.022178713
1,-136.69513,-28.993912,0.040207356
1,-7.0498505,-141.90482,0.01799949
1,17.646027,-173.5213,0.029251365
1,-48.832153,164.72067,0.022373924
1,-55.720047,-166.74237,0.032638855
1,4.093277,-146.36093,0.025240986
1,167.62811,-20.542053,0.021177802
1,165.28943,-6.7542877,0.020800442
1,-157.11374,34.547623,0.031839628
1,-129.14943,154.3125,0.040199533
1,7.819168,-76.43611,0.03258906
1,-14.79686,173.26633,0.09145213
1,-104.865036,-167.5465,0.02778603
1,73.91815,168.55298,0.028308691
1,2.5320587,128.76755,0.023634365
1,82.82974,144.25214,0.029253082
1,40.650208,156.53711,0.039996617
1,-172.78941,143.78128,0.07280455
1,-5.044739,-156.08746,0.029301507
1,-87.91643,109.22394,0.024845174
1,-175.91336,12.426865,0.030609028
1,10.053482,-116.276436,0.042394806
1,158.29431,-172.15985,0.027618447
1,-76.90122,46.213852,0.040498875
1,27.092224,-62.744644,0.0416959
1,-169.80684,-76.9802,0.027277
1,65.11731,40.39627,0.021135323
1,-80.045906,100.86487,0.023084708
1,176.48163,-152.4292,0.038605027
1,152.13998,32.670166,0.04136673
1,-172.39302,19.701508,0.050317876
1,-46.633133,148.4079,0.033417378
1,-155.29755,-118.31934,0.040038228
1,54.956894,-115.5553,0.031378873
1,113.73779,-80.8486,0.021491004
1,-85.71975,-171.60175,0.04666814
1,4.708374,88.05438,0.015434964
1,140.51236,-143.17052,0.03988037
1,92.425354,162.65741,0.025814485
1,33.363617,-173.82393,0.02401151
1,-120.91475,4.1993866,0.03435854
1,82.35867,-172.70587,0.046867006
1,-3.6611938,167.7735,0.038998075
1,-158.3746,-45.362778,0.025766138
1,15.213623,162.92789,0.0497362
1,8.351654,-65.016884,0.03616935
1,-177.62881,152.69232,0.035026748
1,142.26416,-23.983871,0.031384535
1,-2.1880188,-157.19139,0.018176656
1,174.25568,-100.915085,0.017319376
1,35.278763,103.411835,0.053306825
1,-87.75237,138.50781,0.03827018
1,15.112473,-18.006683,0.03035129
1,-128.0338,-179.38728,0.023597412
1,-166.1366,161.72748,0.03994366
1,85.24161,-52.052002,0.03369907
1,-15.4991455,174.93292,0.021967098
1,-167.7242,36.55754,0.03682825
1,160.64655,-14.587692,0.024241006
1,-118.686134,151.63654,0.0441179
1,-80.53573,-164.03069,0.028637042
1,-92.40935,72.40973,0.05302097
1,6.719925,-175.31395,0.034423806
1,-152.4603,132.11407,0.028781367
1,-18.838638,57.054398,0.029914793
1,124.50293,-75.7985,0.03283161
1,-2.7411194,-37.67816,0.021946639
1,133.96576,-85.194405,0.027587
1,147.21124,80.32739,0.044616245
1,-54.880676,-111.678986,0.04581695
1,108.96658,-38.95752,0.027922887
1,-117.20159,126.05841,0.03326484
1,-159.48045,-174.01192,0.05473468
1,171.99542,-9.116623,0.02720622
1,-126.4838,96.581024,0.046244595
1,-105.382744,134.90674,0.03134675
1,-153.40488,65.26367,0.041736055
1,-49.855682,-57.075607,0.027606739
1,-167.78468,130.77728,0.030483842
1,-168.26634,-137.75764,0.053690642
1,155.32196,46.221832,0.019879138
1,-156.52914,-5.4557037,0.03964666
1,39.832825,96.39819,0.06222862
1,-44.19812,151.41174,0.03179443
1,4.9621887,-177.70044,0.022087356
1,-55.26024,165.13647,0.044150624
1,-12.713058,179.99103,0.033161495
1,-3.5805664,33.498108,0.03315279
1,15.674561,-43.65909,0.029619591
1,-76.90008,-155.62138,0.02263477
1,10.116699,-171.30803,0.020536976
1,-174.35829,-141.13458,0.024834987
1,153.24707,-140.09901,0.025808513
1,166.17358,-21.872238,0.024329884
1,146.90833,88.00687,0.028760744
1,14.40918,-154.96298,0.031551182
1,-6.3407745,-163.8894,0.045031518
1,0.30560303,133.72552,0.041153524
1,-143.02092,95.06201,0.027036186
1,-130.82426,-177.63315,0.03758277
1,-3.3256683,-174.68346,0.019851798
1,-97.33958,49.324585,0.03826696
1,-106.611496,95.65207,0.037070632
1,123.20148,-32.23697,0.023658542
1,43.506317,-176.56511,0.03605193
1,58.747528,-162.45775,0.036366425
1,-134.23839,68.14627,0.02331642
1,168.30338,171.15192,0.03650958
1,-129.75594,66.69679,0.024353394
1,-167.37477,-170.07207,0.03913482
1,169.8352,-175.53362,0.036384717
1,75.60097,-88.833725,0.037669238
1,135.51086,-175.1059,0.030979475
1,8.422684,-116.281044,0.027273554
1,69.09,-142.93944,0.03432056
1,22.864532,147.96896,0.03455909
1,-34.44995,158.22229,0.036499236
1,-104.5345,173.3085,0.034080386
1,-172.10332,163.08356,0.043760184
1,-18.502304,171.05017,0.025087204
1,-2.188797,-122.99603,0.03585976
1,-36.35147,-164.1072,0.027231684
1,19.786194,83.88043,0.03769987
1,-82.98685,149.92273,0.044339705
1,-19.514572,-168.4611,0.03024014
1,-11.216187,-151.21693,0.02868941
1,-137.46997,-123.09015,0.038653817
1,9.381287,-165.46132,0.03888388
1,159.14603,-175.9926,0.03317127
1,-35.275772,16.858215,0.038143046
1,-122.71576,-144.79068,0.037408464
1,126.451416,-137.82419,0.013776984
1,-4.98172,168.39368,0.05991607
1,167.07831,-123.37362,0.043173578
1,2.3146667,-5.0868225,0.022855366
1,-50.54837,84.685425,0.04335355
1,21.602737,145.4823,0.029580623
1,-47.26201,166.16852,0.021467485
1,139.2915,-172.17986,0.033199605
1,-33.91925,-135.51883,0.041229587
1,-153.19678,124.75278,0.029076163
1,-150.42235,165.3117,0.025569402
1,58.96202,-154.92082,0.02610051
1,103.54596,-166.9112,0.022766836
1,-32.202423,32.569244,0.03735239
1,120.331604,-141.5927,0.039194133
1,120.983154,-109.04841,0.024851512
1,179.46921,-179.03406,0.028687743
1,160.32092,-162.4396,0.03782842
1,-19.155243,-94.51791,0.035862096
1,14.680435,-98.22596,0.050848834
1,67.175964,-142.92038,0.032069527
1,161.24255,0.10342407,0.03507882
1,63.015564,-145.23721,0.03901049
1,-18.816696,100.24631,0.029358985
1,-74.433395,78.85635,0.031432148
1,13.707748,-162.71378,0.058303177
1,-166.10397,171.93097,0.02294607
1,-165.77602,130.71649,0.040821902
1,141.43457,-83.518814,0.020542426
1,-5.3506165,160.87292,0.0264453
1,-175.01384,-57.68123,0.018013047
1,-21.179108,113.74982,0.028187957
1,31.927383,20.769974,0.052054957
1,13.9618225,-129.97127,0.027051734
1,-13.364838,100.82889,0.02855555
1,142.88019,-132.97739,0.032031953
1,121.895935,-123.09099,0.03552888
1,-58.797424,-154.89839,0.032052364
1,-170.70447,134.93103,0.030447334
1,-113.157265,48.577103,0.03262511
1,-34.384003,133.71454,0.02000291
1,-29.891998,-72.82369,0.032345068
1,-3.7475128,-153.7779,0.045510687
1,-23.791168,78.48404,0.07436309
1,162.5362,-155.02211,0.047040448
1,87.67096,-63.15905,0.031886104
1,-79.65427,124.61478,0.018241907
1,-24.942596,96.392456,0.02583325
1,150.06909,176.27454,0.050894473
1,-92.7183,168.98349,0.026512677
1,50.0636,-159.84442,0.035128795
1,-125.694954,137.02539,0.0186871
1,-105.760506,114.5043,0.021898
1,28.51886,-87.146454,0.025384903
1,-167.85474,92.44696,0.024235725
1,-33.89894,-127.38813,0.024670636
1,47.337326,-105.55665,0.040338244
1,-3.9227448,115.98163,0.03219852
1,-165.88623,157.60022,0.025088472
1,-139.91394,-136.4816,0.02326557
1,-38.572235,22.03421,0.03659549
1,52.119873,-121.152916,0.023720061
1,16.461945,80.06021,0.029458355
1,-152.18767,97.95291,0.031882655
1,-153.69308,151.77063,0.031741645
1,17.234802,62.782806,0.041292403
1,6.7429047,-148.6124,0.04466733
1,0.23699951,65.56299,0.024701485
1,160.87573,-154.15938,0.025036195
1,-6.226303,-78.523285,0.026986795
1,-108.78362,115.63464,0.021694766
1,-12.182861,-174.33417,0.037772994
1,-73.71679,-110.96679,0.03525744
1,-91.94961,95.82724,0.03324328
1,1.0410919,155.36438,0.017421687
1,114.99545,-18.333344,0.043976016
1,-80.02078,173.41794,0.051921546
1,-107.25256,-151.77385,0.020482352
1,11.201111,-172.07745,0.030565418
1,-67.77181,-108.10596,0.031611834
1,30.11438,-110.18304,0.041398916
1,-23.546326,161.70691,0.049447086
1,2.0172424,-0.8837433,0.018822039
1,-13.982254,37.125946,0.03386781
1,167.5476,104.21356,0.025163118
1,167.40735,168.78369,0.031893685
1,-86.40046,55.34436,0.04715619
1,-28.996826,139.23032,0.03981235
1,13.486832,-7.303421,0.034258112
1,-166.35574,148.17474,0.03176701
1,49.50943,-110.439064,0.027432796
1,-69.891235,-172.6191,0.020906495
1,18.625137,-43.43904,0.03214746
1,131.65204,-37.229553,0.037639093
1,8.023376,167.6636,0.019558791
1,52.19774,-106.145096,0.04650191
1,-52.355103,157.86847,0.019347876
1,-78.74265,128.14801,0.028821263
1,-55.860367,75.606964,0.0254526
1,118.23282,51.853485,0.045954797
1,-140.34715,120.00217,0.030184586
1,-1.0517883,-143.31506,0.019815262
1,4.9421997,-4.1598053,0.020042535
1,-50.470963,102.47513,0.05804064
1,-29.81224,-179.20271,0.033543542
1,-40.487457,70.47502,0.029944185
1,0.22886658,-171.23102,0.066080704
1,52.262405,-162.23402,0.046372168
1,64.64609,-143.24416,0.03146785
1,-27.666397,-172.63916,0.044889897
1,30.90358,-148.17369,0.052794956
1,-164.02382,-143.6984,0.020716233
1,-94.29118,102.02954,0.025704332
1,178.04083,-10.200638,0.02790522
1,-7.0792847,-163.31615,0.02531689
1,1.033493,101.23047,0.014814428
1,-91.369194,167.68903,0.034527194
1,37.718964,-162.3165,0.031080361
1,-28.398087,-154.18396,0.039276745
1,1.541565,108.01834,0.025525063
1,-126.8791,-168.66008,0.034848094
1,14.82399,-136.99391,0.027832856
1,-85.93918,-44.909317,0.020188246
1,176.31818,-109.65641,0.024748806
1,144.57956,-166.95683,0.01784452
1,-150.55237,23.834946,0.03664058
1,6.158539,110.22781,0.028696539
1,-31.528198,-21.17572,0.03320822
1,52.77211,-25.908188,0.04605411
1,-71.44539,30.816452,0.05256811
1,149.26733,-170.62169,0.05259349
1,-117.436584,-137.5264,0.050492976
1,143.67468,-141.03433,0.02019165
1,148.08698,-128.23938,0.030593652
1,134.71451,157.52399,0.029795302
1,-50.6026,94.283936,0.022506883
1,177.56894,14.027939,0.027277343
1,106.16162,-104.87331,0.03937951
1,-50.985443,171.74915,0.037824363
1,115.04117,-136.9837,0.037525326
1,-30.964691,148.16028,0.019453477
1,1.0701599,162.43335,0.033686895
1,1.3876343,-169.27795,0.026999805
1,-18.900497,27.328812,0.049396172
1,-178.09651,72.73215,0.026993811
1,50.556152,-93.187355,0.02627971
1,-115.48804,-176.49527,0.03487583
1,153.42987,-93.80628,0.029025799
1,-11.11557,172.33502,0.039203472
1,60.646683,-75.696686,0.029567951
1,163.68741,-157.47011,0.029833253
1,-13.243668,-28.758575,0.033520337
1,-174.01942,0.23565674,0.017034365
1,10.754868,125.79639,0.020890262
1,27.63321,-158.32848,0.034643512
1,-162.79243,166.15445,0.02737632
1,135.54568,118.914795,0.034605622
1,4.437973,166.19843,0.024364304
1,32.3938,-149.30193,0.04430618
1,66.04993,-166.40912,0.038266636
1,-148.26404,-75.77838,0.02705196
1,-0.5364685,124.13455,0.019844757
1,-170.7864,73.53276,0.022004154
1,-0.6230469,-100.8724,0.027296606
1,82.27698,-15.945892,0.022320652
1,-102.29437,151.8162,0.023130395
1,-178.04486,-148.10085,0.028561417
1,-158.48595,-157.61722,0.036865216
1,95.99341,146.87872,0.05001683
1,12.789246,-176.48088,0.016148897
1,-36.73456,50.86943,0.03747659
1,26.736847,90.37622,0.03534053
1,153.95575,-106.41363,0.037245598
1,178.44562,-167.31532,0.034632105
1,-111.62525,129.11597,0.020715535
1,153.14294,102.21124,0.029920265
1,-34.086914,-174.99765,0.02038451
1,50.143723,-156.71315,0.01858511
1,53.80609,-138.43106,0.045109395
1,-76.54453,114.40906,0.036112215
1,158.84326,-18.72342,0.025557674
1,159.03482,-167.95583,0.013649806
1,172.51965,157.0745,0.037610408
1,130.3917,-133.27507,0.039797843
1,55.813553,43.944824,0.04861985
1,92.056915,-109.743195,0.03432327
1,171.14972,-40.490158,0.018807746
1,6.7758484,-167.632,0.03193972
1,84.180725,-117.00857,0.026123645
1,-61.40776,-109.72341,0.028813226
1,28.665009,-157.14297,0.041052766
1,62.16945,57.432114,0.03778318
1,-107.75963,125.22385,0.059672773
1,141.67773,-134.91132,0.02083018
1,90.40668,-121.6774,0.04053295
1,163.37128,-77.79171,0.025366478
1,127.278015,163.43503,0.0532167
1,158.95847,-175.04889,0.022385096
1,-168.1269,-21.40567,0.02591601
1,12.122665,-149.0731,0.026377287
1,68.76578,-128.92747,0.022034014
1,172.11139,-102.26863,0.026222952
1,41.70479,-34.473755,0.02025184
1,-17.806564,92.657074,0.04257748
1,114.54639,-88.35435,0.041183885
1,-178.19734,-154.63522,0.029183151
1,7.661377,18.718323,0.026662147
1,-11.550659,65.16675,0.024242053
1,-94.457,33.58307,0.030520601
1,-10.633759,139.87549,0.029362852
1,167.03934,-179.32367,0.06320412
1,-70.05119,64.53265,0.024837963
1,-73.97521,-162.80864,0.04391443
1,7.4927673,-164.11653,0.027097162
1,98.34708,-121.422356,0.03553926
1,54.683548,178.11288,0.025667533
1,28.724823,-153.77496,0.022588255
1,168.52725,-110.84613,0.037109923
1,-17.557663,154.74786,0.044709995
1,4.945587,-162.31693,0.028065357
1,1.472641,-147.54785,0.061200593
1,-21.605438,-178.77708,0.043122858
1,-0.8645325,100.86694,0.033107065
1,115.99472,150.992,0.047702126
1,45.182922,-160.327,0.04671102
1,-25.256348,66.521866,0.041980162
1,6.1071777,-125.032425,0.03358394
1,5.6057587,-144.8626,0.031131925
1,119.15735,-148.01971,0.030973641
1,7.65921,-172.06502,0.030517736
1,91.28699,-67.708466,0.041891593
1,-117.16831,52.748352,0.051613256
1,19.129913,-132.47209,0.045707107
1,-140.39668,66.98642,0.04262823
1,-72.74418,-163.407,0.03483313
1,-81.06654,25.195694,0.040773142
1,-41.843704,130.72641,0.060904603
1,-161.11209,-175.12392,0.03222649
1,-166.06046,142.44351,0.039607644
1,-46.854034,139.0545,0.02709125
1,-110.06268,-145.77243,0.04195826
1,-167.39513,-81.776245,0.03561731
1,47.333008,-78.56977,0.026148118
1,32.88594,-68.29772,0.017466415
1,-152.6653,156.39032,0.016581725
1,-116.89397,99.6134,0.028272573
1,-143.99756,-150.27014,0.053123426
1,-1.4147797,-178.39317,0.029548198
1,-143.1034,-131.19344,0.03033223
1,-106.23096,-68.60109,0.023168623
1,-6.006729,-70.7207,0.06727124
1,-40.46756,-72.43472,0.045335878
1,131.48718,62.47522,0.040385745
1,-145.03246,28.943314,0.028168002
1,9.723923,-38.588745,0.03042414
1,-93.67641,59.13127,0.05783858
1,-91.781006,59.799088,0.029552303
1,14.659332,65.73123,0.034662303
1,-93.28765,-1.1050568,0.035841167
1,-30.062363,39.69626,0.033777744
1,-44.487976,128.42017,0.03382072
1,-20.525925,165.90607,0.025335664
1,-8.538605,-127.548996,0.033891138
1,-132.86287,135.05267,0.039853934
1,-117.24249,-174.52222,0.01609193
1,-19.881546,158.11322,0.04135969
1,-16.198303,72.08667,0.032597236
1,157.01373,146.69092,0.042654246
1,100.6098,-0.48284912,0.02780401
1,91.73212,59.853073,0.03547308
1,41.32701,-151.42815,0.025332008
1,-51.740295,-133.7962,0.027789194
1,80.42636,-138.81117,0.032159634
1,-177.94432,105.71088,0.045079965
1,-4.423065,-104.9243,0.0377377
1,-0.23324585,-162.35399,0.030947668
1,58.878204,84.269104,0.021614851
1,-151.45703,58.413605,0.043960422
1,33.83014,-150.28148,0.026553933
1,22.155365,123.33377,0.0258827
1,-16.603546,179.41998,0.02575103
1,-9.410156,9.063568,0.03283057
1,-80.481384,-123.70025,0.026644554
1,-130.4544,-59.185715,0.030729203
1,148.92038,-41.804214,0.034662273
1,42.690002,121.74634,0.06727731
1,-118.53795,60.431,0.041850176
1,29.960037,-157.61134,0.032669235
1,-7.5045013,152.82538,0.03510573
1,-157.71718,-156.07922,0.048259802
1,170.84055,-13.954025,0.043113373
1,151.89136,43.46437,0.030565837
1,68.70087,164.41574,0.042865794
1,-45.164658,-173.77866,0.036053326
1,-11.262634,27.786728,0.04269193
1,-147.1246,124.19949,0.024252033
1,26.891983,-162.87007,0.02393687
1,-118.4066,63.073532,0.03914412
1,-158.98343,-128.24443,0.03717426
1,-88.86577,18.45314,0.024818193
1,1.5266571,175.96497,0.033963077
1,-8.005585,169.19037,0.01950189
1,139.75107,-27.339996,0.041928213
1,-77.42137,106.227264,0.029665288
1,-20.422104,-105.5808,0.039175067
1,13.716461,94.212585,0.0476687
1,-57.96666,-153.14638,0.062609166
1,-176.88963,90.97241,0.031767134
1,-156.32748,143.67029,0.0445025
1,-142.84923,-162.76701,0.027514756
1,85.55759,-76.10794,0.051357493
1,148.41415,167.55939,0.04999388
1,-171.78336,-6.171417,0.031214777
1,123.154785,-12.812164,0.03649474
1,-45.591324,168.19061,0.028822435
1,143.20587,-103.728966,0.03431061
1,5.294586,-165.60744,0.041352153
1,-53.378204,173.64398,0.017560817
1,-150.01932,0.36358643,0.024947952
1,4.092697,170.20612,0.049612332
1,-10.641357,172.73508,0.019465087
1,-118.720566,-141.84413,0.037563596
1,117.872925,-113.71427,0.03819269
1,-5.8292847,164.35556,0.034256924
1,155.30768,-84.843834,0.027494881
1,46.368805,68.11975,0.054927915
1,-151.35619,3.5074615,0.0423225
1,-164.3575,115.332275,0.033983927
1,-70.85457,124.34125,0.03377376
1,86.9837,-102.10063,0.040143885
1,-61.5896,168.60269,0.03166252
1,0.4479828,155.09778,0.037080202
1,7.3905334,166.05438,0.021041438
1,-21.287766,-24.644012,0.029044108
1,-102.38544,17.71341,0.036117196
1,159.77008,-135.76302,0.018392483
1,-147.31865,13.853714,0.028814422
1,-17.212479,-174.13316,0.020233998
1,-5.63179,172.47055,0.03895477
1,-29.31491,169.41177,0.03315225
1,117.99808,13.195251,0.045056347
1,67.867584,162.61145,0.034315575
1,-170.70955,-108.25432,0.038058735
1,-173.24551,-51.95981,0.020941174
1,145.65768,166.23093,0.02665814
1,-125.16871,41.214874,0.028504103
1,117.10251,-134.33936,0.060614545
1,-90.25688,-66.69225,0.05213559
1,143.61835,-105.74693,0.031988475
1,33.4933,-46.175034,0.03594829
1,110.644806,155.63855,0.04173426
1,-57.33481,-150.44937,0.044920493
1,-179.52733,164.92142,0.029369527
1,-150.87546,42.053574,0.054048743
1,-44.859833,6.860718,0.037275393
1,160.06299,-128.45358,0.03929223
1,38.73181,-136.56534,0.039933193
1,-60.68773,-38.459137,0.049041834
1,-114.61522,174.58972,0.027550027
1,-60.265152,108.96838,0.02999087
1,-154.97876,179.12701,0.04407079
1,-64.7572,84.28143,0.04173897
1,-49.759842,51.370926,0.020486059
1,-96.91179,150.74481,0.022340672
1,20.75978,-148.40666,0.03975218
1,-68.04926,106.72034,0.04259921
1,158.70499,-167.04999,0.026006928
1,-43.85388,39.316864,0.03899867
1,-44.12776,105.78052,0.019193511
1,-1.3739319,176.42133,0.06844885
1,-134.86531,154.78088,0.01544391
1,1.9969635,-153.94452,0.039974764
1,134.70486,174.00134,0.027672015
1,152.62466,-47.75145,0.03766294
1,94.289215,78.04028,0.031075673
1,155.2945,-153.93721,0.01660466
1,145.76923,145.914,0.03749728
1,-163.29402,-169.24443,0.034952365
1,42.81758,-135.44283,0.0135636395
1,2.024231,171.66467,0.056962594
1,173.81091,21.472626,0.029836442
1,-21.336075,69.11444,0.05402199
1,-12.101105,-110.50378,0.04724968
1,28.57637,-120.95609,0.020366758
1,-29.568634,-126.74037,0.044775613
1,-5.3434906,-165.60402,0.04472856
1,129.28876,-100.982216,0.026534833
1,-134.90848,84.711395,0.057423886
1,-34.43477,114.48239,0.035477098
1,-42.970993,-170.35289,0.030607224
1,38.100586,157.75934,0.044347238
1,151.8583,23.42189,0.03089677
1,-38.125366,115.793335,0.043559417
1,-39.82222,135.42566,0.01660426
1,-153.65765,71.6915,0.02099579
1,18.386795,68.20264,0.03387199
1,-178.55173,176.85446,0.023436164
1,175.638,-148.85342,0.032952588
1,-1.3488922,-122.24889,0.023572871
1,132.20184,-64.72762,0.027283035
1,-62.264183,69.46559,0.038161203
1,3.4032745,-172.3902,0.032848407
1,-0.2866211,-144.01892,0.035151064
1,15.237045,-105.55414,0.027580963
1,80.371735,170.15045,0.03704907
1,-171.34688,113.59851,0.043297146
1,4.9837646,154.87305,0.018367467
1,171.44403,-85.39975,0.041953344
1,144.10083,-69.59425,0.035307333
1,-139.52188,16.083801,0.0321106
1,-177.61246,135.27844,0.03301193
1,40.14189,-107.20534,0.030478707
1,-3.8295288,-168.94308,0.03959344
1,122.63608,-140.38136,0.043912783
1,100.66034,171.35834,0.033937395
1,-179.39946,-179.61525,0.055443943
1,-129.67905,-40.4944,0.0420974
1,153.92053,-178.13756,0.024835393
1,-155.71883,148.19165,0.021724755
1,150.44397,80.153656,0.033994198
1,-136.86047,18.884323,0.035798058
1,-0.63757324,-21.866257,0.057501152
1,-27.0654,136.0799,0.02077287
1,36.901627,-40.079636,0.036971547
1,160.50464,-24.396896,0.023051219
1,161.02728,173.91693,0.04619525
1,-155.92535,9.083267,0.03535692
1,-0.20492554,163.82092,0.034616467
1,60.541504,-51.94452,0.022668252
1,-78.73178,-135.02945,0.04390226
1,171.8599,-71.26919,0.016198302
1,-137.68256,73.112915,0.047340605
1,-166.75177,172.59058,0.022276359
1,4.1105347,1.0867157,0.056523517
1,-9.245483,-20.302643,0.03652632
1,175.34277,-165.26144,0.034133364
1,142.8797,-146.20872,0.027822053
1,35.358887,129.02722,0.038839877
1,-10.788254,-53.3451,0.03523048
1,-83.7545,118.97363,0.027477505
1,-17.95813,176.80408,0.03295962
1,83.52069,-136.18199,0.03653161
1,83.967285,127.902954,0.02638137
1,36.289795,-110.90229,0.027530689
1,132.0697,-37.845963,0.048037376
1,106.9946,109.48917,0.047278173
1,-6.2905884,115.864624,0.030049147
1,107.51877,-50.565582,0.031068299
1,177.24396,-1.08078,0.12663105
1,8.102997,143.07239,0.030592145
1,-132.43947,99.003174,0.0338573
1,-56.228302,153.0635,0.034218878
1,165.8905,177.38275,0.03180081
1,173.71521,172.26404,0.026316952
1,-115.662636,51.991074,0.03441181
1,-127.86018,96.09125,0.067677826
1,122.71045,-160.14417,0.018921651
1,55.335205,60.541138,0.014341642
1,-169.98772,-4.7051086,0.022238776
1,-135.8561,12.840256,0.034294844
1,-157.46309,127.84561,0.036123227
1,174.14981,169.58661,0.023014106
1,-115.779,-160.20564,0.047846116
1,22.494583,-114.048,0.017321829
1,-17.851028,-93.806496,0.036159363
1,164.6435,-18.240814,0.03230744
1,166.42456,175.16754,0.041084044
1,158.69958,-104.034615,0.022566848
1,-18.087296,160.18188,0.034804128
1,-15.325256,-4.64711,0.032792713
1,-12.166382,129.65576,0.017515194
1,107.58362,-78.524994,0.028789196
1,-134.03946,97.26288,0.016738912
1,-173.85168,-178.6452,0.04336265
1,150.77844,-50.813522,0.041089933
1,1.1917572,65.64722,0.075215444
1,-93.115524,107.00415,0.03746707
1,-166.25934,22.28952,0.05291156
1,89.78537,-93.53875,0.020659046
1,-135.05203,138.08795,0.03624714
1,81.671875,-81.40762,0.022910051
1,24.596313,153.17072,0.021671792
1,-14.193115,106.55368,0.023452004
1,51.713028,-119.16438,0.020609891
1,-45.633347,-109.755806,0.04237686
1,-9.061966,-23.378113,0.040072404
1,88.79465,-116.75098,0.02852019
1,-56.9998,123.632965,0.035230577
1,139.32156,-147.8557,0.034794092
1,17.133362,107.65576,0.031491335
1,-21.428375,147.06082,0.018290091
1,-38.361618,97.1969,0.028858274
1,-160.3278,-119.99411,0.038633548
1,-166.47487,-10.016373,0.05025461
1,-72.5653,169.61621,0.028199563
1,29.767685,-130.58472,0.028127136
1,-53.21631,148.11096,0.046471413
1,30.26529,-115.98247,0.036193628
1,146.08795,-69.761696,0.03171542
1,55.57248,-143.92616,0.04042024
1,51.2845,173.17755,0.03657438
1,162.70395,-143.68394,0.037795
1,-156.31625,47.669983,0.02731996
1,38.438538,171.46313,0.017739777
1,-151.03725,61.26715,0.034340486
1,-67.6761,82.04877,0.03905268
1,-133.16365,171.83783,0.02071674
1,100.093994,-147.31613,0.04943771
1,8.590347,179.36716,0.038161058
1,-0.9940033,172.13425,0.027993891
1,-129.98923,7.6257477,0.03528061
1,-87.066376,49.879333,0.047517676
1,-77.52434,143.45361,0.028820502
1,158.3631,-148.32692,0.021383468
1,-9.989288,10.183792,0.041922983
1,-114.39235,75.22336,0.041801177
1,-8.6927185,-124.6745,0.036546197
1,5.871216,22.573654,0.026282353
1,131.96118,-72.19973,0.023372304
1,81.737854,33.920776,0.03670399
1,-28.052078,71.027176,0.04406653
1,80.23413,-169.9828,0.023836339
1,168.93341,179.62799,0.023091009
1,-151.79234,-99.12646,0.02655182
1,-34.94023,104.75076,0.026367698
1,144.32312,-69.20978,0.03800711
1,-147.43544,-141.29999,0.023161666
1,-67.33466,135.76196,0.0323055
1,-54.87571,-1.3135376,0.030178152
1,-140.92545,168.62341,0.034629267
1,-153.85309,162.4273,0.019390782
1,126.11401,-122.733284,0.05247106
1,89.30237,-46.86177,0.04222617
1,-13.215439,-126.07693,0.04268721
1,-165.2379,-22.51361,0.037983213
1,-3.8948975,167.76096,0.030659096
1,-178.78355,98.10788,0.052297052
1,125.29297,-41.4713,0.018922273
1,89.815186,-164.4934,0.029071476
1,-21.756683,-0.708374,0.042838678
1,-13.831085,138.30243,0.020822203
1,1.7468567,-172.43698,0.02156917
1,40.90677,-115.02604,0.03626608
1,171.26001,145.83307,0.038836636
1,-6.7235565,-175.99927,0.04844582
1,-107.00529,98.46878,0.05464075
1,-0.4896698,-54.30977,0.041536033
1,8.4709015,-163.96468,0.03322352
1,156.87708,-95.02978,0.028133074
1,-1.0409546,-25.4505,0.02821374
1,21.96112,74.19943,0.0381652
1,-27.308075,56.920395,0.0300603
1,12.589218,162.57538,0.024356987
1,-56.307777,-173.49518,0.02749159
1,52.142944,-46.56395,0.03913923
1,9.559647,-179.96141,0.021851785
1,156.70819,-40.32344,0.029320084
1,151.76544,159.1755,0.02973181
1,-1.0950012,-156.3585,0.017616041
1,167.41089,-175.97827,0.060228914
1,-43.19258,114.3436,0.027689645
1,-6.4277344,1.4446869,0.03080443
1,12.255325,177.72675,0.026183503
1,-155.67525,131.45056,0.058947366
1,-123.19872,-101.209114,0.035137974
1,-21.114304,120.36322,0.03843323
1,52.46997,-143.45105,0.040751908
1,-157.09976,72.59717,0.028725153
1,160.72351,-61.257088,0.040767074
1,-13.847168,-83.88412,0.01577058
1,1.7996368,127.480286,0.05176226
1,-171.50684,138.7453,0.034168523
1,158.19855,-74.45578,0.023887873
1,3.226059,-161.00697,0.053298518
1,-125.67262,166.9942,0.0406142
1,-20.925842,160.88486,0.029907288
1,-174.32953,-159.50368,0.021709256
1,-25.203903,134.31613,0.024210963
1,-9.504471,131.32837,0.053993605
1,44.651535,-130.32341,0.035884317
1,128.25388,120.30087,0.04795603
1,-86.90041,159.35196,0.06271458
1,148.12207,49.46286,0.03062407
1,-57.926186,166.01318,0.02814213
1,-19.560883,-14.801102,0.038507793
1,-6.1046143,82.79874,0.057786882
1,34.178223,-98.007835,0.027104272
1,-22.296097,132.37314,0.07469645
1,-15.113586,85.15411,0.0383149
1,7.0599976,-38.917328,0.02921813
1,-15.024811,152.58105,0.031495832
1,-20.29985,100.280396,0.035271313
1,-71.03972,61.909073,0.04822505
1,-92.99397,59.51497,0.045134764
1,-124.25648,95.09714,0.024831457
1,-1.830368,130.02094,0.052363925
1,-107.11518,85.646454,0.034017447
1,52.080307,-9.138596,0.04338764
1,-57.9476,42.718735,0.024274034
1,-60.413727,60.91559,0.028904801
1,33.62387,-60.521843,0.03403662
1,-164.71062,-110.55641,0.044316664
1,-130.02985,-133.02377,0.024045179
1,-99.786316,99.60602,0.028754484
1,-16.533356,-160.7313,0.033903964
1,135.56577,118.61685,0.025398668
1,-152.39827,24.23648,0.03270409
1,-153.3381,116.22571,0.025697716
1,-26.920258,-25.221024,0.04513598
1,50.067535,-168.61185,0.033436324
1,-141.38496,131.8406,0.041540947
1,-83.842865,66.93057,0.019369805
1,-162.66862,93.81445,0.033387285
1,-150.02287,75.69058,0.03832204
1,-92.55778,107.01709,0.034405127
1,-15.795929,-141.68863,0.038233187
1,63.65912,167.53278,0.03419119
1,-78.91329,79.06848,0.023166435
1,132.70648,-145.10034,0.031039676
1,-120.765175,-65.68782,0.07428475
1,149.49237,134.41797,0.033881698
1,-95.091064,79.048096,0.053669896
1,164.49979,153.33844,0.025394317
1,11.018982,83.87546,0.02028969
1,153.19287,-100.88286,0.086733304
1,19.76918,165.24332,0.037670176
1,-157.60571,117.701965,0.03332994
1,-65.33157,-56.777634,0.046588324
1,-3.9356842,34.499832,0.04090892
1,-162.91348,55.330612,0.046367314
1,129.79498,-13.50322,0.04272786
1,-12.45993,-31.080002,0.018655648
1,4.184723,-156.22627,0.036135502
1,-160.45236,159.38623,0.020150365
1,134.1821,-149.33464,0.019502552
1,3.1200562,-179.58699,0.027769191
1,74.84595,173.5,0.041939154
1,6.102646,-167.10228,0.026695758
1,145.58246,101.46765,0.016900755
1,3.6017609,-160.80186,0.025099052
1,10.906708,108.253876,0.03802689
1,178.18176,142.4383,0.05377361
1,-119.161995,-171.78566,0.022665795
1,-161.09364,-175.96777,0.027620053
1,-54.589706,67.58284,0.0518983
1,152.70972,-120.127464,0.02420228
1,4.553238,-178.85362,0.034480095
1,-49.693314,147.90646,0.027504716
1,-162.82016,31.037888,0.028970089
1,-130.79019,-28.084442,0.043503318
1,15.135101,-167.57918,0.028261734
1,17.646622,81.41049,0.045576002
1,43.724884,-103.804146,0.054846976
1,-69.45717,85.51602,0.028141892
1,-166.88513,8.322601,0.022455703
1,-162.10011,-156.71213,0.028999094
1,148.16132,-49.827713,0.024472417
1,3.558319,-149.92094,0.029776627
1,-137.09114,134.8331,0.03543688
1,123.35779,45.756195,0.02534705
1,109.81372,-174.2199,0.038669754
1,-29.10585,63.90912,0.03240583
1,-54.227875,74.69443,0.02146851
1,58.894302,-107.480545,0.015380924
1,94.87067,-146.83365,0.017054044
1,-176.88748,26.547882,0.06683382
1,-1.5120087,45.650513,0.023617754
1,152.90186,-175.45323,0.039013468
1,-78.05373,-170.38919,0.028896874
1,-160.52046,1.8100739,0.020502651
1,24.96936,-168.85977,0.03099574
1,0.4036255,51.34349,0.023166861
1,105.06839,44.18199,0.04024658
1,-6.8087463,144.09454,0.02373893
1,154.6546,-11.549667,0.018759992
1,-32.328217,-125.28558,0.031490196
1,-22.013016,99.72482,0.036844637
1,-10.180679,-105.10021,0.02392602
1,-157.9942,-81.46317,0.019293593
1,104.985016,-95.94561,0.024515219
1,-47.920837,162.15594,0.040091142
1,142.0188,-140.12332,0.030641178
1,34.128387,-177.97025,0.022317022
1,-52.956978,73.0495,0.029676883
1,1.9354095,157.2348,0.0290726
1,-178.75928,-42.890427,0.05599006
1,13.129395,47.333344,0.028795132
1,-15.731384,173.77844,0.031372692
1,-16.625458,102.0755,0.02360641
1,159.84674,-104.3557,0.015050135
1,34.620483,-119.00339,0.03262011
1,170.9939,159.17615,0.040736966
1,82.07233,-149.19702,0.04067782
1,-122.314644,138.71912,0.032664977
1,35.248077,-98.47179,0.040798854
1,-34.49118,5.2575073,0.021009326
1,52.73085,-118.41962,0.040212125
1,-106.26403,133.82367,0.033723827
1,160.16043,19.937836,0.016859803
1,-21.332703,93.26901,0.045514815
1,19.846832,135.10693,0.031544887
1,-3.7000275,151.19296,0.04017658
1,4.511368,-161.03613,0.03789621
1,13.018692,165.61557,0.014841404
1,-123.75196,-163.68202,0.020831956
1,90.12262,-145.6181,0.039943397
1,-174.29237,-21.31929,0.04343162
1,8.705658,-154.5926,0.022615785
1,124.691864,-84.854004,0.050660927
1,101.7106,-118.7343,0.03211399
1,1.2934265,-119.032326,0.030071996
1,137.76117,-33.644577,0.018169956
1,85.654755,-169.9058,0.02284202
1,-67.0687,8.706299,0.04485946
1,-57.192955,22.63092,0.03735572
1,-73.19097,149.64954,0.030759996
1,-164.83086,10.104019,0.056616087
1,172.95178,130.83029,0.028437737
1,49.884598,-55.9691,0.029408997
1,-149.43723,50.18129,0.024279283
1,175.06165,149.80817,0.040607832
1,-116.75775,-119.34884,0.053004026
1,-62.4494,-35.128525,0.021733735
1,172.54416,155.87622,0.041258886
1,43.649597,12.255234,0.19869581
1,29.38208,-48.55905,0.048161052
1,47.75116,-151.64429,0.061519787
1,90.950745,167.8631,0.027719213
1,172.3457,169.75104,0.013700315
1,-156.95877,-171.4442,0.03846855
1,-152.83577,-16.033386,0.022699032
1,157.3819,109.10382,0.038620785
1,18.238739,-179.39162,0.026040241
1,131.7088,-129.98065,0.044765387
1,-19.722137,87.989685,0.021288909
1,15.836166,-138.44263,0.019321432
1,-178.28021,-85.57985,0.031945325
1,-154.83908,158.45187,0.0416262
1,-3.2990265,-177.48882,0.036749277
1,77.319885,-105.89017,0.026810654
1,-107.666985,129.99438,0.025746057
1,57.87555,-33.887848,0.042512603
1,7.1139526,107.87555,0.043464802
1,-102.72967,93.36902,0.04633781
1,15.615753,-70.37188,0.017623032
1,-149.0046,-66.08427,0.028304301
1,58.283157,-134.18323,0.033203814
1,-164.24072,141.48236,0.022121567
1,68.62186,73.64621,0.019902656
1,168.71805,173.28235,0.043193754
1,-21.324265,150.96106,0.021387273
1,-112.19659,108.56918,0.055552267
1,23.957336,139.51648,0.031244835
1,-47.278473,-157.92604,0.032088786
1,175.71167,-1.7075348,0.027190004
1,173.52429,114.1871,0.0316563
1,11.367279,-151.45758,0.0511078
1,163.8977,-44.612915,0.025385132
1,28.308365,8.988983,0.028611152
1,-7.3986664,159.02676,0.04862574
1,-43.083176,161.32718,0.023422807
1,-150.61583,100.76788,0.042089198
1,0.6808014,21.120102,0.020277936
1,-31.923233,151.68323,0.04030898
1,-165.50229,39.10826,0.018946853
1,-2.2206268,-130.63417,0.042607427
1,151.341,-97.28837,0.04645716
1,178.43134,174.75171,0.0329774
1,29.71962,60.335236,0.028861463
1,143.86835,19.012573,0.036406744
1,43.283615,125.00244,0.046398256
1,-165.2735,178.45212,0.05320069
1,176.57883,-58.25231,0.025508467
1,-112.33102,-176.342,0.032855142
1,103.99951,144.80109,0.022736557
1,54.45398,119.254944,0.035461616
1,-166.7264,-169.98694,0.036849175
1,-118.4599,-164.67998,0.030748054
1,-5.919388,165.0434,0.030390138
1,178.02191,-157.2814,0.02290594
1,-129.35112,148.91669,0.022415342
1,42.90355,-8.867111,0.045151837
1,0.69299316,146.526,0.038826924
1,-12.183151,83.9653,0.023540037
1,123.68237,112.17627,0.02712063
1,66.333496,40.731598,0.037381522
1,65.75058,91.07123,0.048320096
1,-144.97694,176.15143,0.02890456
1,-38.162384,118.35068,0.037058063
1,-58.991364,26.799149,0.02886603
1,171.13892,143.09625,0.015900163
1,-65.51921,-161.59528,0.03391925
1,-52.061386,-123.570076,0.035254296
1,-30.40921,59.680573,0.050140753
1,155.20862,-64.03972,0.027708007
1,112.9953,-65.17325,0.0318294
1,-143.36107,122.628174,0.018336972
1,29.515137,-167.19916,0.024237175
1,-27.923767,-39.96556,0.035721622
1,-149.54883,25.065872,0.032263774
1,-20.131409,91.01758,0.029974677
1,-3.2866364,166.0285,0.023150163
1,66.67377,-75.213615,0.018782182
1,50.193604,-103.67484,0.024550077
1,-177.8867,170.50436,0.039610818
1,-93.59546,-148.4312,0.033071842
1,118.68063,-76.795364,0.03240185
1,26.470184,-115.48876,0.05704371
1,11.699982,-178.83202,0.023135416
1,-55.81546,89.70984,0.031824462
1,170.62567,-56.85338,0.032701056
1,-160.84111,19.026474,0.030642185
1,-103.8745,149.08722,0.029907499
1,179.98645,139.95709,0.033767894
1,-26.397354,163.849,0.025358595
1,112.85959,-176.09537,0.019943101
1,-26.552917,-176.2306,0.043599933
1,62.462936,-141.42276,0.029191418
1,-160.65369,154.98767,0.02983877
1,-35.779404,-170.68733,0.027610919
1,91.587616,-158.28455,0.020760518
1,-165.3906,161.276,0.037067853
1,163.43481,-18.174423,0.041348528
1,9.381744,175.08783,0.04521418
1,3.1846771,155.22855,0.03037789
1,12.154251,-162.95473,0.022535708
1,157.16568,-159.95357,0.023082511
1,113.03824,-10.675659,0.030802244
1,-27.096176,97.74609,0.02366307
1,105.70267,-173.54169,0.023950584
1,174.95242,-173.34149,0.026466863
1,29.120087,-119.72759,0.030001828
1,-98.08673,-168.49074,0.037403792
1,118.997925,-125.68977,0.021636438
1,152.14062,150.2507,0.038226612
1,128.61981,-52.329575,0.03590158
1,-167.08842,153.57947,0.026681436
1,-142.4583,103.12656,0.021281678
1,96.72272,-94.96892,0.025307212
1,42.72992,-50.58525,0.04215786
1,141.45285,134.323,0.035701245
1,101.674255,111.19995,0.06031912
1,152.88458,-72.01365,0.036693055
1,-175.99033,25.944534,0.036947053
1,-59.45027,93.237305,0.04235695
1,174.64328,54.752686,0.07086044
1,7.122116,-171.5205,0.026628599
1,-45.274826,129.10394,0.024297154
1,-179.85062,155.20667,0.054076273
1,45.874878,-142.81963,0.037947677
1,-137.81004,-132.32056,0.03748794
1,-34.12149,146.53967,0.023055827
1,141.24747,137.37894,0.04280744
1,-0.049224854,135.1589,0.02417421
1,-57.102737,-79.857285,0.031669375
1,122.882935,-141.30121,0.04336079
1,146.27405,-137.88913,0.03687973
1,63.00325,-146.58804,0.03234083
1,-88.03589,109.87213,0.02690804
1,20.324066,158.18396,0.04011817
1,46.006134,-135.68765,0.04250111
1,167.23938,173.62427,0.030074274
1,-138.65936,-49.6131,0.03629022
1,168.1637,75.949295,0.017830072
1,95.448975,-148.36664,0.028058344
1,6.9834747,99.69714,0.026442958
1,-137.11017,-154.32837,0.023187827
1,-157.58041,179.15332,0.04555273
1,6.3621063,166.43939,0.032261863
1,-108.09263,74.66708,0.02789425
1,90.74539,-167.13359,0.024574254
1,-39.056915,-140.31863,0.03473859
1,6.4240417,-125.24867,0.026412718
1,18.9039,-157.50255,0.02533707
1,-173.7596,-135.57777,0.017716156
1,-17.58226,159.24939,0.03169664
1,134.64362,-164.26915,0.02557283
1,-28.2146,-81.50446,0.021268822
1,-179.0357,-34.54239,0.018673109
1,-1.0857544,84.076385,0.036966905
1,176.35883,-126.72974,0.024915867
1,-18.781845,-102.65543,0.030954732
1,-6.005768,132.97495,0.02512009
1,-147.95445,133.2728,0.03963507
1,-61.952377,-176.16791,0.03727344
1,-163.31155,-73.48653,0.029402437
1,-135.91429,47.171265,0.05626085
1,160.21863,-6.848877,0.037602466
1,-144.86151,162.32642,0.03774361
1,-12.881775,129.9422,0.046910428
1,-128.84995,-74.144844,0.026778582
1,37.641937,-65.35071,0.031861007
1,-12.857864,152.38269,0.02239642
1,-10.48172,-133.12984,0.03863454
1,160.56277,-153.05205,0.017805887
1,131.92627,-82.86054,0.045706533
1,40.355957,2.1547852,0.01474914
1,169.98795,178.23035,0.0298688
1,-58.257523,131.68713,0.024764849
1,132.75412,-71.18099,0.043862928
1,45.137085,-28.32759,0.03089589
1,6.865631,-136.37805,0.024843294
1,-159.78879,-114.92861,0.037624553
1,-11.553741,4.0439453,0.037393063
1,-129.1078,173.11597,0.05197106
1,-118.19854,-31.804565,0.053411577
1,-146.75119,-154.74965,0.044324297
1,-175.93675,0.09651184,0.036126085
1,73.00975,59.814423,0.03170391
1,-10.994415,-167.01703,0.029186806
1,15.074707,-167.87653,0.031345285
1,-31.676071,83.77081,0.025550818
1,111.95337,162.85217,0.03619783
1,18.7247,70.088745,0.03230176
1,-161.31686,18.985138,0.04012301
1,-140.66531,160.27386,0.023375634
1,22.239899,-146.53253,0.018062763
1,-160.14886,9.844269,0.04104707
1,-148.82883,21.097107,0.04410948
1,-144.39563,82.03583,0.024635224
1,-167.7793,-174.11981,0.03204913
1,4.0829773,34.03781,0.030086812
1,73.094696,-39.089447,0.03875892
1,106.86688,174.39844,0.031120833
1,103.32391,76.44232,0.020398028
1,116.09558,113.37372,0.041626386
1,-77.17136,101.84543,0.038471207
1,88.63547,-49.725845,0.047682095
1,161.76581,163.47662,0.03270778
1,114.82953,159.75183,0.030900897
1,-1.676117,173.58752,0.030371243
1,-175.4488,110.53345,0.020420015
1,68.888275,-172.87509,0.028228678
1,107.18628,-82.134964,0.031595077
1,-131.0674,114.23288,0.028521616
1,159.7248,22.851929,0.023969557
1,-151.07454,162.59525,0.039670553
1,17.377304,-131.06808,0.03748322
1,-15.6642,98.57715,0.046055045
1,140.16837,-130.50746,0.029865183
1,154.61035,-124.82989,0.04979904
1,20.653519,142.90045,0.034402583
1,-9.417236,-23.162354,0.0416564
1,11.909088,-60.6661,0.022429673
1,85.46265,-95.92885,0.023088882
1,6.2514496,172.7067,0.02984845
1,164.68805,168.44342,0.026233576
1,107.20703,177.13669,0.01961018
1,-56.549545,60.209274,0.021521192
1,62.010284,26.505417,0.04529286
1,-46.78119,-133.6264,0.02967803
1,-149.48021,-32.57193,0.073244825
1,173.44391,140.63666,0.017762808
1,-72.498856,-171.53003,0.041983023
1,-146.95769,154.07904,0.04404682
1,-149.15584,-30.84053,0.041519668
1,104.48743,-32.003067,0.043231674
1,100.02026,-91.175224,0.051049452
1,21.444504,-127.89906,0.04718178
1,32.803955,163.84894,0.026893424
1,-49.488632,148.4245,0.039858893
1,8.618652,-8.395874,0.03359898
1,-66.91201,173.31348,0.03814402
1,14.481522,164.69061,0.025304755
1,-8.821213,-127.23642,0.025980145
1,-3.8784485,-20.329636,0.037564073
1,12.354935,-121.116585,0.026667895
1,18.630035,-144.54587,0.021032847
1,-65.803055,142.3175,0.03204612
1,-174.19467,176.11267,0.032848362
1,-21.64798,-170.17027,0.03583132
1,122.46094,-74.506546,0.046618555
1,23.585419,-152.1932,0.01493645
1,-27.554382,141.59024,0.019005554
1,-66.11576,93.754944,0.031400014
1,-7.355774,88.0509,0.03283496
1,36.692154,157.89584,0.04459794
1,-158.0679,145.50677,0.019082423
1,32.821503,164.06992,0.026266126
1,158.45877,120.69336,0.020375159
1,-2.8314972,-171.91861,0.022799784
1,104.46057,-115.68348,0.023103885
1,17.388199,-156.71202,0.01928092
1,-136.9325,129.11456,0.02265451
1,-7.7271423,-128.48814,0.0261828
1,-65.26355,-142.78737,0.044520807
1,123.53052,-164.38461,0.041073304
1,-23.641373,137.24237,0.024821348
1,-82.91917,157.82306,0.023242291
1,-157.66058,169.03113,0.034018323
1,-60.97377,104.50638,0.03183886
1,97.18353,123.72998,0.028566755
1,115.258545,-96.98161,0.043214425
1,-124.64038,-145.99763,0.023004873
1,9.561371,-163.2789,0.021552674
1,-166.19498,78.02948,0.027805932
1,122.58215,-179.85454,0.039551202
1,-25.684921,-151.9227,0.030610258
1,17.44281,-32.747986,0.02900073
1,-41.3759,-89.88587,0.033174656
1,-10.060608,103.67294,0.04060778
1,-106.63076,-161.51025,0.047668535
1,150.33456,-148.37256,0.029271463
1,-26.18161,176.4461,0.05272311
1,160.3736,126.80908,0.027234377
1,-86.71804,-175.1785,0.03399799
1,82.10016,-126.01919,0.039448686
1,-57.933548,163.24286,0.02630206
1,38.407654,143.90381,0.0354557
1,3.755661,-164.70306,0.022181572
1,-102.32009,153.01807,0.035323914
1,-51.587006,143.39679,0.04968242
1,-107.582756,-128.79878,0.05174665
1,110.02472,-86.304955,0.022116933
1,-115.23182,63.97731,0.037606165
1,-75.361084,-174.71967,0.04383001
1,-24.52681,-64.02941,0.030480875
1,19.136383,-153.28357,0.038180526
1,3.5896301,156.224,0.018918542
1,162.58841,-162.76558,0.02839872
1,6.452591,143.2427,0.033537176
1,164.89386,-125.67526,0.042019367
1,12.492722,-81.69501,0.028129332
1,80.712585,-20.141647,0.02641909
1,69.62161,-168.09406,0.038732596
1,-98.27299,-173.22556,0.042056955
1,-176.73438,-161.64696,0.03976447
1,-133.2281,22.438324,0.03382863
1,-53.319527,-167.61993,0.027508702
1,56.754868,128.36029,0.024989242
1,101.30463,-153.07591,0.022025878
1,73.2531,-144.69147,0.025414728
1,111.95575,-133.0344,0.033894368
1,-68.94797,170.46466,0.019956239
1,-113.025925,68.76459,0.023382708
1,-114.642494,110.976105,0.046509046
1,-179.85817,176.31586,0.02738004
1,173.71805,-153.93129,0.045521453
1,-154.36705,58.51828,0.030086273
1,-36.182846,162.91693,0.032167032
1,-37.666946,141.0918,0.028953725
1,-57.457443,172.42242,0.034825955
1,88.00964,-151.33287,0.023641879
1,12.0252075,-161.15985,0.020240404
1,-58.5316,94.72919,0.024532558
1,122.95386,-162.27365,0.033260692
1,-30.480682,115.644745,0.022423243
1,144.25677,144.8836,0.049009427
1,-135.47359,-115.625565,0.040987216
1,-131.52283,140.78528,0.029540839
1,-72.37602,110.620056,0.022786712
1,70.14395,-115.51005,0.037564304
1,-10.310547,101.877075,0.018207042
1,-146.37361,-17.310135,0.036518496
1,-177.51042,170.71405,0.023973342
1,-23.909653,44.044937,0.043595932
1,77.379486,-99.44295,0.042069
1,-18.449707,94.72452,0.025644325
1,-69.307014,158.94043,0.032207176
1,-89.38037,95.79169,0.028081836
1,107.642395,-24.508453,0.027240548
1,-172.70042,143.19937,0.033291075
1,-116.02649,-10.894562,0.029898992
1,-23.76915,84.799835,0.024035448
1,12.993668,-91.52586,0.03411066
1,128.4284,75.92876,0.03294225
1,136.30191,97.04315,0.037017845
1,117.514435,-87.8022,0.047387622
1,-45.286423,132.80542,0.05731352
1,74.92804,-62.622147,0.048091825
1,113.18469,-133.5385,0.031807836
1,151.41974,168.40494,0.042007804
1,4.6027527,-120.962814,0.030827545
1,15.939697,-173.32684,0.035036776
1,-104.68087,109.51041,0.028436407
1,-91.89243,175.95929,0.025198938
1,-37.499207,-77.76908,0.037950374
1,20.235306,-59.15245,0.03249762
1,26.895111,-142.49742,0.02295043
1,52.469925,140.9779,0.040960662
1,-139.74974,-173.67076,0.02688615
1,17.966293,-129.84502,0.028344244
1,-0.8305359,-12.459686,0.03849515
1,61.613495,-52.090942,0.041311212
1,145.47302,-154.55151,0.022765128
1,-148.37837,136.41852,0.030974891
1,-6.56575,-139.35257,0.038241707
1,35.03595,-26.16594,0.034038976
1,58.103622,-173.46765,0.033623744
1,-7.0373535,-175.02794,0.03684484
1,-37.067917,-160.18384,0.02253201
1,77.76239,-155.60432,0.059228282
1,151.68378,-150.05272,0.023730228
1,124.03311,-84.667816,0.03836409
1,156.93945,-167.47578,0.038381234
1,146.77618,166.9032,0.019531328
1,60.847275,-145.78836,0.019614076
1,-54.65602,119.30664,0.036007285
1,8.472885,132.56543,0.024758402
1,23.592484,89.435,0.028776973
1,-33.7527,156.4754,0.020186646
1,101.727905,-142.60829,0.027942892
1,119.53467,-123.01714,0.029131899
1,126.00549,-117.37322,0.027829267
1,125.20508,-49.69963,0.032563455
1,-1.9367676,-120.68897,0.028772688
1,-120.80471,-90.49228,0.060270704
1,-37.02359,54.714127,0.026808254
1,-111.44226,125.84598,0.040789794
1,-129.77919,96.84573,0.042343657
1,-15.420395,40.901764,0.023990054
1,-118.32941,-157.58905,0.026370663
1,17.995956,-165.8108,0.037412703
1,-140.59546,155.65948,0.034410622
1,-72.713234,121.00214,0.040192455
1,-0.8768158,-171.32587,0.031427287
1,-30.015244,97.197876,0.041428193
1,-15.312134,161.68976,0.030327082
1,57.895554,-135.62796,0.019692175
1,-142.95926,88.69861,0.03155761
1,6.3675537,-83.56789,0.028198296
1,86.414856,-177.95862,0.049148627
1,135.94037,-57.50644,0.044715736
1,-35.249588,-163.54236,0.027116537
1,162.125,-27.163681,0.04473346
1,13.150055,-122.20174,0.011922706
1,33.928833,-134.9512,0.04738195
1,6.8338776,-151.62177,0.031780597
1,-13.296646,-122.79065,0.03292821
1,135.91388,-131.27995,0.036876492
1,-164.46652,164.90509,0.019042313
1,-103.12998,-128.53899,0.036003757
1,19.728226,-168.87566,0.039043114
1,141.66956,-82.946686,0.03422057
1,35.920166,-121.92582,0.040426355
1,170.78949,-9.46109,0.046134904
1,157.15643,-44.546112,0.023535606
1,31.796448,-153.3149,0.035649125
1,-81.30488,-142.46222,0.026638322
1,-150.66559,153.95801,0.02932914
1,-123.375046,-153.22614,0.027677562
1,108.338135,-156.28932,0.02237482
1,-5.216034,-20.079346,0.051910248
1,132.81607,-17.116394,0.034936734
1,5.133255,31.53621,0.019045556
1,-1.0192108,-141.25212,0.032971244
1,-159.56444,-150.60727,0.027029773
1,-141.41452,158.6336,0.029282164
1,-3.3592072,21.954071,0.07355683
1,-20.391693,35.300934,0.02745613
1,52.42238,-66.011,0.028876917
1,32.31424,149.39667,0.035338096
1,-108.66009,60.54071,0.017375793
1,-159.6705,-139.59477,0.019468697
1,15.707001,134.0473,0.01717113
1,23.894547,-7.4664917,0.02530891
1,-5.9807587,-164.88141,0.029718172
1,93.58502,-74.71837,0.0529106
1,-91.688156,77.38187,0.041551393
1,167.12228,-88.59728,0.033771303
1,144.24802,-65.35485,0.018400943
1,-144.27658,103.88623,0.033134665
1,-150.49026,54.67169,0.032532495
1,-110.170204,-166.38455,0.0266583
1,-176.7693,2.1764832,0.026358468
1,-141.53362,69.81967,0.03635018
1,-4.850128,173.00488,0.022510184
1,-83.399956,83.381775,0.034151774
1,-70.17493,102.13721,0.04187225
1,73.07156,88.84967,0.03993467
1,-3.2120667,173.53888,0.025091292
1,133.04297,28.035599,0.030404426
1,-8.701553,-113.58118,0.03006663
1,91.32791,147.95282,0.040330667
1,-100.20781,-158.15506,0.023085065
1,-83.84019,-65.52415,0.035642136
1,1.323761,-159.90701,0.038255803
1,-12.112579,171.72327,0.073534675
1,161.10913,65.898285,0.04047749
1,-4.181549,132.85703,0.027738657
1,-161.32056,-105.98132,0.028848594
1,-5.5766144,166.34714,0.029242195
1,-179.2914,-158.18695,0.020123696
1,31.583939,-154.38231,0.02943641
1,-127.0026,101.66327,0.029420018
1,-92.28662,119.22037,0.024087874
1,126.071686,-122.84195,0.016431931
1,-144.64577,-152.25009,0.043215007
1,-38.361053,23.226059,0.034099363
1,151.40826,-109.72295,0.040959943
1,176.56012,-95.13063,0.044703573
1,-144.12305,140.6579,0.035547994
1,12.603027,147.26807,0.032452606
1,59.04866,-40.087296,0.03619649
1,-97.32838,170.48398,0.042490292
1,7.856659,-162.1984,0.024576973
1,-119.52476,77.259705,0.029124469
1,5.6017914,-153.73032,0.034399483
1,-66.365425,150.1019,0.03041319
1,9.946442,-163.7469,0.03109786
1,-75.44825,-164.81067,0.032278936
1,-23.03418,129.565,0.024711391
1,106.75073,126.870544,0.036004946
1,111.33566,-96.891464,0.03964701
1,0.9967041,154.81952,0.026572712
1,-167.0248,8.987198,0.018063825
1,-178.75542,147.013,0.052662104
1,23.513565,134.9035,0.040840082
1,35.627304,-95.9534,0.034753185
1,-50.427216,74.968704,0.02860263
1,-51.802795,-134.86984,0.027305083
1,-21.393097,85.268616,0.029799944
1,86.92529,-179.07988,0.030131008
1,-141.10016,160.66498,0.04606727
1,-18.206406,-146.70908,0.03297321
1,-77.151,-176.64566,0.026984014
1,41.53531,-155.05519,0.041564427
1,-162.01167,131.59308,0.035943568
1,-157.87198,50.473816,0.047903866
1,-146.60193,55.74138,0.020136219
1,22.353455,-87.90023,0.025891371
1,5.845215,72.61206,0.028079523
1,176.29773,106.45749,0.016440755
1,-26.398773,132.53485,0.028988464
1,-22.625198,101.519104,0.032457482
1,-60.5365,-103.54143,0.036602523
1,-179.39738,156.3404,0.032714125
1,142.06387,-123.56376,0.030978804
1,-165.83516,17.435425,0.03007478
1,175.818,99.37073,0.024275072
1,-51.530746,-176.19969,0.032344166
1,-78.43937,159.6081,0.03404149
1,109.8194,118.712585,0.030196212
1,20.316925,-90.201035,0.022621943
1,168.92651,179.5633,0.03068315
1,14.246506,-144.56143,0.046678193
1,33.55957,-171.42125,0.03377073
1,-172.36584,167.81519,0.035926282
1,12.855621,163.86685,0.024969125
1,83.624725,-163.87468,0.033357386
1,-135.03104,53.799698,0.023759786
1,-84.88611,68.778076,0.037456
1,-100.84808,161.0982,0.04125405
1,124.64551,-125.70746,0.0464011
1,-158.15315,-35.94539,0.025223512
1,-101.87008,-161.43301,0.02912623
1,-17.815308,-58.75139,0.038835637
1,5.2188873,-159.43143,0.037667524
1,-158.91759,46.878296,0.048746414
1,-4.743149,-128.69722,0.029279523
1,-84.081085,-119.195526,0.030335316
1,166.5365,121.16348,0.030667251
1,-111.918785,117.86688,0.033728182
1,-90.36798,44.417007,0.046391025
1,130.78699,-148.0525,0.030450696
1,87.38086,-93.81259,0.031516798
1,-149.10165,-170.4284,0.038367067
1,-69.69667,21.491577,0.025990624
1,145.61383,-119.10535,0.03414992
1,-115.28891,86.19949,0.03251463
1,-132.42342,-45.04825,0.041751776
1,-146.02374,-163.50345,0.041450117
1,178.45584,109.832886,0.016370215
1,-42.733948,60.008636,0.032774474
1,93.522095,-112.13632,0.032187738
1,-97.36574,96.70767,0.038463052
1,-167.08977,-174.8704,0.035022844
1,5.4135437,178.39224,0.044615727
1,-50.76976,81.23566,0.018740034
1,-148.01006,95.841675,0.04871854
1,156.93796,173.73499,0.0419071
1,-138.87239,173.9635,0.023680994
1,131.90103,-18.269165,0.02732324
1,-170.98604,171.77325,0.025953349
1,-175.41188,176.76761,0.03634183
1,123.58386,147.17807,0.034891274
1,-102.99344,93.87393,0.03028709
1,-159.57613,-98.25422,0.053404696
1,136.54999,-135.85767,0.02504755
1,29.369736,-54.9252,0.029215991
1,148.84314,-93.2719,0.026148986
1,162.89111,-145.32033,0.025415618
1,-171.69797,-4.670273,0.04824384
1,-20.312485,175.7182,0.030679245
1,-107.79969,-144.73799,0.03625839
1,-153.68707,67.819275,0.03834544
1,-71.57324,17.22316,0.061065555
1,139.24966,-149.56195,0.028861409
1,-24.093552,-47.14653,0.045330904
1,-54.941833,20.099564,0.04775651
1,-114.16927,-138.24591,0.039798286
1,119.28381,58.40439,0.029414445
1,-26.829544,-54.05651,0.022833342
1,137.70074,-106.386314,0.04894035
1,-14.010468,178.22595,0.018909998
1,-1.8751526,158.01648,0.028659085
1,144.22186,-178.67899,0.03951018
1,135.26266,175.80713,0.037258986
1,-19.421463,-164.07394,0.030299025
1,8.96727,179.1737,0.02607492
1,-62.296005,167.59549,0.0311883
1,-50.29683,98.38562,0.029152965
1,-15.374451,92.778076,0.03314817
1,-171.81213,-173.16512,0.0341733
1,-111.97301,150.63385,0.026989717
1,75.54799,-131.35709,0.03100912
1,27.240845,122.417725,0.037109535
1,129.15375,168.70013,0.028643468
1,4.595169,-144.60544,0.030606717
1,150.74078,173.19708,0.037697025
1,-131.71013,49.747192,0.021560201
1,-81.94865,-62.644463,0.03817781
1,95.57965,-138.2834,0.042613335
1,175.3298,-11.35199,0.029422512
1,-15.381622,-153.12979,0.0213828
1,-174.76512,170.9046,0.0499591
1,-17.508392,140.43378,0.035566412
1,159.25592,-176.02495,0.048592344
1,173.29565,157.53726,0.019097133
1,15.4151,-111.40277,0.028706793
1,-27.393463,150.8475,0.039691545
1,165.03122,0.27316284,0.03524431
1,-178.23862,40.783188,0.035485063
1,-80.44948,135.60681,0.028373728
1,134.82187,165.57443,0.04311419
1,-13.131592,-170.97777,0.02613851
1,142.87665,64.92203,0.03262506
1,56.732025,-121.6193,0.03428104
1,3.3207092,-0.88290405,0.03084814
1,133.3753,-163.79434,0.018388493
1,-88.557884,124.97183,0.02808731
1,-38.175034,82.17407,0.026866844
1,-138.10329,119.597595,0.038121186
1,-101.624596,71.29602,0.034559596
1,179.20413,-7.476425,0.040835552
1,-178.56985,122.17511,0.04568088
1,147.75262,112.615234,0.036001958
1,112.99301,-90.73628,0.037802193
1,-89.24163,24.34375,0.04823164
1,-17.38118,172.08264,0.026328381
1,-124.00182,-178.74356,0.018148163
1,-69.567406,102.535034,0.03212764
1,-159.15028,-113.45979,0.04061289
1,80.52252,151.40918,0.025291732
1,15.915894,-122.798935,0.045894407
1,-32.805237,103.20715,0.043793853
1,-13.202454,175.13025,0.013651752
1,-152.1064,28.471207,0.029679082
1,-104.14617,60.500595,0.025656816
1,-24.196259,143.12216,0.044069164
1,9.321152,-138.65729,0.028924968
1,176.95721,-173.75206,0.029177422
1,1.3077087,101.59329,0.020475985
1,165.3002,-121.092964,0.03415751
1,-3.1140747,63.65692,0.040133186
1,-93.421104,-31.057785,0.027911842
1,-129.29964,178.66516,0.027637161
1,43.906937,-103.739395,0.04119892
1,88.0791,-106.49066,0.057402577
1,-8.363693,-73.241005,0.032443397
1,146.14551,-76.94761,0.026602773
1,-72.64776,59.286713,0.021595942
1,130.78412,-172.77364,0.027945038
1,-4.817978,174.12027,0.018505245
1,73.4933,-53.420074,0.025144264
1,-151.64987,137.46582,0.028199533
1,81.77521,-124.27716,0.022967478
1,-113.81698,-170.5739,0.03735603
1,-105.00583,147.42313,0.025513781
1,-4.170807,-174.52467,0.049723107
1,175.21878,-167.24658,0.03772591
1,-179.43552,-47.318466,0.025200509
1,-145.67827,74.39479,0.03096736
1,-59.09581,117.9371,0.04891323
1,-124.61127,72.38449,0.04784921
1,-117.898636,106.11719,0.028689446
1,11.535843,-34.02475,0.023020692
1,15.439575,118.56979,0.021129644
1,159.74658,17.72345,0.045173883
1,127.90076,-113.50199,0.039368197
1,-178.55348,-11.161514,0.040948916
1,5.416733,87.86017,0.04196372
1,-42.794907,158.37878,0.038468793
1,-13.441742,24.569016,0.02579733
1,19.996857,-87.09779,0.02706243
1,32.59462,-155.35866,0.037111193
1,-17.294647,-99.46012,0.035922084
1,-115.695274,-177.2703,0.035359703
1,-139.66948,146.66284,0.023210317
1,22.850723,-178.05185,0.02379724
1,-126.37832,158.2496,0.019809036
1,-6.70874,-125.43397,0.02270441
1,-73.05568,-138.6532,0.029330412
1,-26.511932,73.032715,0.023232205
1,-47.65059,-80.751564,0.026089877
1,-115.36495,113.46829,0.03695924
1,-102.53664,-96.22559,0.035051532
1,-6.931427,173.5524,0.042521857
1,-12.458832,96.049255,0.026466722
1,17.408493,-143.45982,0.027723355
1,143.52063,-76.49978,0.033657596
1,-20.987366,138.9107,0.041404393
1,96.896545,-170.67722,0.039550856
1,-156.08612,78.370605,0.038066175
1,-95.24949,36.57402,0.059007928
1,174.78406,-5.672638,0.04570909
1,158.68909,168.95993,0.030506143
1,2.6918793,148.13855,0.018882548
1,-102.879456,-40.679153,0.04075424
1,65.973724,-113.27736,0.035508018
1,151.09076,-165.62103,0.034699433
1,-174.80736,-172.04895,0.018364424
1,178.77444,136.88983,0.041900977
1,-40.958298,-173.73116,0.02534459
1,-85.307465,82.1438,0.024071328
1,165.80682,-22.32602,0.037786115
1,-72.15307,122.18582,0.025375564
1,177.23041,-72.243256,0.03146392
1,-135.66461,-82.96801,0.027814738
1,-8.838715,169.6341,0.023353292
1,0.072265625,149.59015,0.032815184
1,-56.667206,176.7868,0.030891849
1,-49.540085,-96.588356,0.03534368
1,168.1879,108.77615,0.043327525
1,168.52798,-8.90863,0.029586034
1,34.241364,-140.42719,0.027782239
1,-98.37797,140.25726,0.02767913
1,117.43948,-10.120041,0.040406957
1,-161.75209,128.46512,0.02623833
1,-12.411453,91.23004,0.039985556
1,-72.30861,141.61847,0.044902537
1,14.451157,123.74951,0.030680157
1,47.388916,-75.153114,0.03266
1,-49.835297,98.757416,0.026537606
1,-3.8529968,-142.40395,0.041602824
1,49.196655,-40.586456,0.05359049
1,-97.30378,81.470215,0.06519169
1,156.70749,-2.7414856,0.02251735
1,-115.84693,167.52368,0.043575883
1,127.99902,-160.39655,0.042604487
1,3.9781494,4.3783264,0.02829574
1,-124.48436,35.383118,0.036658753
1,16.737274,91.84308,0.040778536
1,160.11066,166.29767,0.029888513
1,50.98398,159.81238,0.022675255
1,18.76738,-163.26686,0.019358477
1,-80.17546,-89.75718,0.037566952
1,119.32672,-84.176575,0.027253082
1,32.306656,-168.73526,0.039433252
1,-111.956604,117.009094,0.0217461
1,-81.48109,-48.306564,0.031909592
1,77.9577,-117.281,0.03766922
1,-64.97849,166.1225,0.028596226
1,121.36548,-144.1541,0.0355607
1,-33.973557,-111.52757,0.020601077
1,-8.51622,166.34479,0.032774907
1,-168.54977,-177.31374,0.026784573
1,-153.39914,-80.33373,0.022402732
1,-146.59924,-149.93921,0.03402959
1,153.32626,-28.950317,0.03614645
1,176.9104,-150.5952,0.027812397
1,62.5011,-161.9557,0.04826571
1,-27.076202,-124.34047,0.039834116
1,-90.55717,28.723053,0.059122607
1,149.33047,-159.48032,0.023547752
1,114.27722,155.29251,0.029010296
1,93.89542,-82.79993,0.03906169
1,87.16055,-65.36847,0.02711101
1,143.79459,-9.532288,0.022741266
1,117.43698,-79.81844,0.03089116
1,-171.9472,21.19806,0.036828406
1,-47.865387,70.03812,0.027987916
1,67.46648,-88.984764,0.0251968
1,-125.05374,72.81572,0.039352007
1,-98.94981,-122.11998,0.030860767
1,-9.147537,-169.11563,0.034919467
1,-174.3398,169.55643,0.026400633
1,35.768204,-91.406105,0.027670613
1,-120.81793,163.3783,0.033026356
1,134.245,108.315704,0.030460622
1,150.68634,-14.850403,0.03430044
1,178.01538,-129.1458,0.027430227
1,157.16742,-168.74493,0.019422067
1,156.45941,-174.39558,0.034398213
1,137.01208,-157.80388,0.027602749
1,-119.44822,176.35901,0.048450354
1,-74.78856,148.48663,0.041717958
1,-34.27597,162.4654,0.030768394
1,130.35687,-143.63025,0.037715126
1,118.3952,-44.383057,0.052914232
1,-16.21405,115.7995,0.012944362
1,-93.574486,134.30042,0.030394422
1,14.118942,-8.3246765,0.027282901
1,-13.449219,22.095871,0.02480916
1,-59.995056,-178.86354,0.05155386
1,95.26846,174.47302,0.024250092
1,-88.60457,80.30417,0.042572536
1,-13.322449,151.2218,0.048688006
1,-107.22575,61.25821,0.031452343
1,-23.766617,79.20203,0.037347354
1,-41.11441,146.85748,0.029598892
1,174.35419,136.52823,0.03577093
1,151.0664,162.91058,0.024211772
1,86.72931,-133.28435,0.031451132
1,41.284424,-176.09164,0.0381085
1,17.223053,-131.9259,0.024900896
1,55.19905,-138.14102,0.030237447
1,-21.016983,150.07416,0.046492323
1,-9.798035,25.142502,0.032649003
1,50.772568,-37.303894,0.026661605
1,1.2527161,-175.55934,0.061598465
1,72.54877,168.84094,0.023950974
1,166.21295,51.547455,0.04357468
1,-21.408142,-9.994949,0.020934803
1,-90.74217,11.364716,0.03892844
1,88.85336,152.71503,0.035548355
1,51.35739,-0.98831177,0.03564076
1,-7.1631775,-129.96545,0.023896571
1,144.4679,-130.62233,0.03941846
1,-63.0719,47.6557,0.0413404
1,25.1456,-81.99531,0.04811989
1,8.552338,-145.03441,0.032707043
1,-173.32787,13.573929,0.028607015
1,34.125275,143.53723,0.065009
1,-10.758545,122.823,0.06543602
1,40.25113,-54.58027,0.04750884
1,59.105774,-105.77839,0.025768138
1,26.00682,179.14935,0.03622583
1,-9.980316,166.96292,0.028568095
1,-165.91522,-19.147415,0.03169349
1,151.66174,-155.01474,0.023008108
1,124.9411,-67.456184,0.04091377
1,41.391037,-47.64125,0.03599719
1,28.787933,-133.91064,0.029160125
1,-93.06471,85.71347,0.028450415
1,5.3610077,-163.9494,0.027529873
1,-62.58306,118.319244,0.052387595
1,177.41528,-144.40845,0.020627035
1,146.70639,-20.118378,0.029053265
1,-30.175446,-161.80301,0.022201499
1,-177.97327,56.045166,0.05152091
1,-64.99912,47.90439,0.036362648
1,-168.26817,-74.96607,0.029126646
1,155.54291,159.31183,0.040877145
1,16.140747,-112.60586,0.029971967
1,12.993698,-107.30165,0.031435948
1,5.6181335,-173.75026,0.0376787
1,-64.53164,-115.68939,0.026927719
1,-172.85637,-81.7423,0.030402785
1,-150.85214,39.701996,0.03173972
1,-162.16902,124.40588,0.043941405
1,-172.02328,172.79932,0.023719937
1,71.41528,-142.19806,0.018555693
1,-45.070786,104.10498,0.029500766
1,-163.49374,92.83313,0.040183682
1,17.42421,18.568558,0.045820594
1,-10.917877,175.40094,0.024996247
1,-107.14106,121.48642,0.04371666
1,-3.9590607,152.55527,0.03722009
1,-18.86177,-60.714157,0.026374426
1,-43.648132,-157.65742,0.023889031
1,-74.380035,-157.28201,0.017534737
1,-43.399994,114.58426,0.029654786
1,-29.66632,-163.18964,0.02922234
1,-71.949684,172.26447,0.024603592
1,-131.65175,-76.03617,0.03297031
1,-168.88336,97.763794,0.019785771
1,177.44662,-178.82835,0.02581498
1,18.912064,-46.302277,0.029444208
1,-90.09568,108.93405,0.024368992
1,-167.86827,145.2674,0.059329282
1,-138.66986,7.362549,0.0471898
1,53.413696,-28.758636,0.02979725
1,118.69925,-87.50343,0.05652019
1,31.068253,149.43805,0.038606245
1,-172.0306,-164.18456,0.017465284
1,-172.97534,72.73917,0.038380474
1,8.153931,126.14978,0.030153913
1,-175.7821,-143.21652,0.06315193
1,-35.924942,-178.31879,0.025811069
1,16.479248,-164.83951,0.026141575
1,-49.413956,133.3783,0.037323795
1,-30.472565,-118.62336,0.030954951
1,10.542007,140.31482,0.029929735
1,-4.9836273,-155.44849,0.05225933
1,4.7161713,-104.40933,0.025743367
1,19.612442,-130.15324,0.029305931
1,170.78497,143.69952,0.041048173
1,-59.337723,-139.68236,0.051653843
1,-139.48592,-154.42323,0.0372765
1,-87.42586,-6.733322,0.027778303
1,151.14337,65.375916,0.040604137
1,164.59479,37.10672,0.028749015
1,-15.810059,-128.59619,0.03598965
1,-48.350204,106.75421,0.051557098
1,133.818,-115.184364,0.017799947
1,92.9462,-81.26785,0.030754736
1,32.210007,152.70428,0.02857204
1,-4.617111,-115.285995,0.02715864
1,-3.6829987,22.27304,0.035204224
1,169.58627,-169.7652,0.016133102
1,-28.06401,22.810837,0.06438099
1,177.86383,-176.79784,0.04737609
1,21.685074,-75.41135,0.04176034
1,-112.9891,-118.92164,0.044132542
1,96.4014,-134.05527,0.032033887
1,-32.883743,-107.96088,0.030157642
1,80.77435,-35.53598,0.024102611
1,20.409988,101.32361,0.023547402
1,69.92122,-144.87427,0.024327116
1,-22.136734,70.91472,0.0493989
1,80.8577,136.55688,0.036458433
1,11.524368,-141.07924,0.025459165
1,-103.27783,136.4385,0.038559604
1,-148.43564,137.94626,0.03456714
1,-174.6001,-136.23915,0.03521678
1,-78.7329,-167.71458,0.03079637
1,2.438034,22.199127,0.025549617
1,-30.728073,81.831116,0.02221144
1,156.79657,-156.95265,0.035750613
1,-85.0704,70.32164,0.044368356
1,-160.99655,72.67749,0.019264046
1,161.72772,148.45154,0.0319462
1,1.5091095,22.194656,0.0182977
1,-14.133011,-83.4318,0.025994672
1,7.877945,154.17447,0.033415213
1,44.912292,-139.0303,0.016332047
1,-129.15138,178.54074,0.023062905
1,90.37964,169.16241,0.04419859
1,79.32242,154.09683,0.032438047
1,-153.32207,-127.25375,0.03341578
1,-87.8259,101.97824,0.046071623
1,168.72446,138.12631,0.044137787
1,-47.984314,145.58353,0.031689763
1,-172.50557,9.039551,0.03757931
1,8.5034485,-75.74302,0.036708616
1,4.237854,-168.62604,0.025294662
1,110.43094,-80.704285,0.012503075
1,-141.64767,67.49341,0.05283908
1,-98.042,-176.09183,0.025501298
1,14.555145,-5.2432556,0.042244863
1,-148.217,22.53328,0.027090209
1,-24.357315,-144.45023,0.031551383
1,14.504211,-8.668106,0.047631178
1,-3.6787262,50.96707,0.025208225
1,-86.933304,103.98483,0.036452856
1,-55.799774,67.87486,0.023362631
1,70.813126,31.946365,0.027321706
1,-141.21588,-132.45291,0.029630637
1,-143.13574,-168.70978,0.026327679
1,-45.003616,53.271606,0.04110282
1,-117.48383,-20.522263,0.039341554
1,179.9826,124.78357,0.04212489
1,-162.05128,85.84131,0.034998015
1,118.3194,-157.83562,0.048045672
1,-164.87575,46.05127,0.04611564
1,64.90408,-89.80999,0.038362022
1,-57.553802,78.08118,0.04181976
1,-66.53271,-74.07725,0.026158309
1,-123.98895,115.05286,0.038072046
1,-9.328369,-156.39876,0.038282685
1,-160.13466,-33.57347,0.03337228
1,-147.50537,176.66656,0.015923698
1,64.46158,-61.735146,0.037618008
1,123.50586,-140.0552,0.032329466
1,145.858,23.389694,0.040463313
1,23.853622,-163.22,0.052347153
1,-72.24832,136.54144,0.027529167
1,-65.69359,77.764984,0.024092132
1,-168.95825,168.28033,0.03258228
1,-15.891769,169.06757,0.025569543
1,-110.45474,179.99683,0.022556147
1,-177.47955,80.046875,0.047756545
1,114.19385,-173.69019,0.03290716
1,-19.31668,100.69089,0.036536194
1,12.700867,152.2139,0.020620532
1,-85.808395,88.31534,0.0472165
1,-118.12919,117.207886,0.03554992
1,-151.68951,82.25116,0.02247865
1,76.56116,-173.61023,0.041582275
1,-3.3295593,-58.10547,0.03603892
1,144.70691,-46.82184,0.023237104
1,-10.313705,105.49072,0.043232836
1,-147.79735,38.961487,0.55865693
1,-6.9482574,68.91467,0.024529673
1,76.20328,-102.53328,0.032008227
1,-12.129578,40.267975,0.022749778
1,15.359695,-151.84386,0.028765842
1,152.85278,-141.61876,0.020768434
1,-28.936646,-179.85472,0.028811447
1,-176.68378,144.6579,0.031121833
1,-162.15059,170.90765,0.037935056
1,175.72748,71.38913,0.017735703
1,-81.50449,112.55582,0.053106207
1,-156.84401,-122.93157,0.023776777
1,-143.03531,-30.592484,0.034710683
1,-113.67863,119.46704,0.048314437
1,132.26001,42.597046,0.030048365
1,-140.02477,-176.0398,0.03290569
1,76.60361,-86.699615,0.030318988
1,175.93817,-166.6291,0.02782977
1,118.30228,-84.4506,0.026552755
1,36.621613,177.73041,0.06234704
1,13.663895,157.20728,0.030562043
1,162.22385,100.312744,0.028436257
1,84.20065,176.73175,0.02881604
1,76.62439,92.43741,0.04254743
1,-26.350403,159.25528,0.03299563
1,-30.042023,-172.61873,0.027289053
1,104.92322,162.62436,0.05112061
1,151.95905,-169.12827,0.028309038
1,12.731216,-114.11603,0.039624326
1,-177.52148,-112.484245,0.05127006
1,-177.71364,-147.51352,0.027084572
1,-66.94778,118.973785,0.038380034
1,-19.209335,123.963684,0.020254185
1,-52.54837,145.11432,0.046154242
1,137.30878,92.99936,0.018160902
1,111.767365,83.96274,0.03413787
1,162.34033,-156.31749,0.025827378
1,138.2945,168.7331,0.01535888
1,-89.48133,49.42154,0.035092093
1,171.3689,178.96887,0.024395099
1,-136.88377,60.197662,0.03899278
1,100.02933,100.69824,0.02519229
1,162.16592,-165.66917,0.02953979
1,90.89722,-141.38388,0.030751863
1,-4.871063,104.15253,0.025044478
1,3.0526428,48.378296,0.062058005
1,-40.148987,-131.82306,0.030166797
1,-57.53276,129.34573,0.036729116
1,160.6647,179.12125,0.033824474
1,-166.83504,144.20721,0.04266443
1,-16.580933,44.820877,0.044713657
1,139.69656,-155.05586,0.034227766
1,-23.728577,-161.97934,0.048532657
1,-58.592346,100.54291,0.030228632
1,-122.56173,-157.38336,0.020395843
1,-155.38896,169.72949,0.015036523
1,123.86929,-16.576721,0.021015903
1,117.21393,-112.41957,0.020392455
1,25.746918,-22.397095,0.027899744
1,108.5332,28.684814,0.042423535
1,2.3366852,-145.42291,0.031533368
1,163.82776,44.288895,0.039726533
1,-112.05871,65.196655,0.042410277
1,147.29059,-157.1346,0.028182004
1,138.27383,-165.24547,0.03878047
1,10.04631,-142.08766,0.031506892
1,-166.3459,-154.76527,0.032172065
1,147.59271,-125.51186,0.027177926
1,-13.345779,-153.6663,0.034703992
1,50.63414,-138.0288,0.030800825
1,-8.543564,174.05444,0.0244797
1,-148.24821,-152.63799,0.031466868
1,52.45053,169.62027,0.031454153
1,-37.370193,-12.034744,0.027828608
1,-75.14652,-161.3899,0.022525843
1,155.33295,155.7742,0.058253042
1,-101.03742,-171.63094,0.025672054
1,53.913315,-68.86117,0.026096119
1,127.99646,-29.651978,0.032316174
1,126.766785,165.37238,0.03846117
1,-175.67603,-125.087425,0.04649372
1,-105.9634,121.32599,0.030321283
1,78.84082,-75.354675,0.033427026
1,-76.05122,91.66266,0.04005386
1,-24.139389,163.15051,0.022364372
1,-32.0589,64.653564,0.019600634
1,-178.17088,168.47522,0.03299747
1,26.746307,124.24695,0.047062676
1,27.812103,-168.48523,0.046957213
1,-115.23649,-135.17583,0.03972957
1,-21.616486,91.99225,0.031339
1,-19.96524,152.79504,0.03189416
1,-6.3401794,-16.549545,0.046785116
1,101.087555,-125.858925,0.024866918
1,-149.49289,35.707474,0.024289884
1,-1.8346558,-65.8054,0.047389716
1,135.11517,-153.36035,0.027608488
1,139.86383,-29.398727,0.03202256
1,-142.8023,39.50383,0.039550662
1,128.5849,-141.41078,0.012269965
1,-79.76301,126.756134,0.021865243
1,-128.96922,-150.111,0.030825546
1,-14.380081,111.96515,0.032781493
1,145.86108,-145.376,0.032739047
1,-103.45856,40.154922,0.038275015
1,-152.9013,136.68634,0.02868404
1,103.71344,-110.54273,0.022000164
1,115.22232,-151.9563,0.02352331
1,-43.0213,-171.34096,0.047104415
1,40.114655,148.77213,0.02861511
1,-12.520233,73.80925,0.039580267
1,167.53802,43.171967,0.03379463
1,-157.98128,78.73358,0.020305548
1,36.581635,-170.54,0.020236883
1,-55.02014,172.5827,0.021074833
1,-33.779755,162.16418,0.03782959
1,18.781265,-173.58107,0.035135396
1,140.6684,-158.23944,0.021257252
1,151.59583,-98.155,0.03736478
1,36.963562,161.6142,0.028905153
1,-0.20344543,-168.37213,0.028182814
1,-29.216278,-14.220001,0.04236288
1,-64.14293,-108.5048,0.03839514
1,45.516983,168.93073,0.022374691
1,-24.816788,73.03758,0.01739796
1,152.99945,-161.30312,0.027868545
1,177.47021,-13.724945,0.034697693
1,-99.8138,-160.78966,0.037235606
1,4.2726135,160.63947,0.03387996
1,-0.06690979,142.28458,0.017800435
1,-146.34659,89.89557,0.023956567
1,6.2104645,159.12128,0.039481726
1,4.5723724,-148.19548,0.080380715
1,-144.78938,151.88812,0.02629982
1,23.967468,178.24915,0.03588829
1,-142.591,133.74835,0.04729345
1,-160.06017,18.334167,0.026940202
1,0.046707153,-175.49591,0.020329716
1,11.738647,-88.44281,0.028631646
1,92.37506,-133.33272,0.022444174
1,-120.86399,176.83606,0.02356066
1,8.780319,-93.15335,0.028845174
1,45.694733,-45.28186,0.033670675
1,-14.607803,124.60693,0.043452084
1,-6.435791,57.429535,0.030562438
1,-21.061325,30.575012,0.029989006
1,-40.914413,-136.1503,0.043024696
1,-133.4308,50.448334,0.052296706
1,28.548035,-30.780853,0.04571854
1,-146.86171,134.34616,0.04201766
1,92.29822,-78.645905,0.029276364
1,-80.35295,-163.69937,0.055042733
1,176.6283,91.62018,0.032119583
1,-164.21346,24.666168,0.024569102
1,176.11658,-175.32672,0.035626646
1,-176.49226,133.0758,0.034465823
1,-9.663452,167.78998,0.030169606
1,132.21716,-86.83174,0.058915496
1,12.964401,24.093185,0.033342537
1,-170.45715,173.52054,0.027645778
1,-109.773865,57.23468,0.034145277
1,165.27484,79.695984,0.034982096
1,-69.14769,-59.05394,0.025019385
1,119.02075,175.43298,0.03514324
1,13.940384,-152.19978,0.037646
1,96.84033,-122.111595,0.02950879
1,171.4415,-49.009903,0.030421803
1,123.706604,-146.34245,0.017778484
1,-5.6160583,9.905487,0.028424675
1,-118.97001,57.513382,0.019143257
1,18.09311,-109.99502,0.04388982
1,24.195587,-127.907166,0.02426196
1,13.269974,-90.46206,0.030201508
1,-107.41664,0.1497345,0.036526807
1,-2.0239716,-172.42677,0.030999951
1,-145.28156,-156.39706,0.018627964
1,-18.53505,-110.374794,0.034025036
1,-127.78513,-173.9472,0.017749146
1,-0.98179626,-99.79202,0.028269414
1,66.73959,-152.35567,0.041396007
1,-73.91986,162.61127,0.025774091
1,3.3645325,172.31274,0.034982283
1,13.441116,-20.07132,0.029793965
1,-8.184647,174.621,0.027645316
1,1.1043549,32.40088,0.058874413
1,52.930435,-57.1616,0.073099144
1,-159.38423,105.430786,0.041454624
1,-165.26309,153.54846,0.025022848
1,-15.125183,112.016174,0.035992164
1,-18.980911,167.78253,0.030091396
1,173.62726,171.8641,0.03720974
1,-59.184708,139.62354,0.02311425
1,-52.463875,77.11221,0.035166975
1,7.561371,81.92529,0.025585186
1,-43.680237,140.82678,0.04251767
1,-132.30011,161.54828,0.028158069
1,-105.25883,-137.8979,0.031996995
1,-90.39328,-159.2293,0.039775874
1,14.233627,-97.78669,0.030425452
1,-42.448944,57.33008,0.042501144
1,5.1272125,59.19229,0.024872417
1,30.820786,-44.24356,0.025078963
1,27.408295,-89.385445,0.032399304
1,-35.649292,114.16611,0.031920493
1,38.009506,-144.8066,0.030194696
1,-77.14697,-142.7081,0.0244389
1,171.95651,-6.560898,0.026902914
1,-36.632385,158.42798,0.032925125
1,122.64868,-102.901985,0.043746274
1,-20.006805,87.97183,0.043697223
1,31.675598,-136.18292,0.025437657
1,50.179962,-170.45488,0.016678056
1,163.36264,132.70383,0.03595668
1,-8.563843,-18.713913,0.036437195
1,-55.00347,131.43991,0.018467234
1,-46.03723,-166.6639,0.03194939
1,-6.378586,63.356277,0.042394605
1,126.91992,-79.85347,0.043007918
1,-142.26111,122.79718,0.03112538
1,-117.92092,112.70166,0.030488485
1,177.3404,69.90588,0.026959872
1,10.930695,-150.5489,0.032594033
1,161.63855,-28.663391,0.04001204
1,115.71936,-59.670868,0.049481824
1,161.70956,-109.17922,0.029038157
1,130.80951,-119.00435,0.022531807
1,49.199783,-118.797424,0.028662333
1,-176.04613,151.1802,0.03034924
1,-68.09317,173.72281,0.023222696
1,7.5224457,139.79529,0.022872554
1,-134.37723,-42.34337,0.032195635
1,-158.4307,45.149628,0.034812875
1,-177.57285,-122.28788,0.055437468
1,-117.76154,99.448425,0.045294233
1,88.699036,-96.556854,0.031142566
1,-176.77736,-114.88975,0.032492585
1,156.314,-150.66881,0.03006569
1,140.51926,-162.04063,0.031067265
1,-179.93605,154.7507,0.042832952
1,-5.1907806,137.22324,0.04204451
1,46.499542,6.8977966,0.08344252
1,136.68448,-142.0721,0.0395138
1,177.67719,165.65948,0.025961183
1,-123.795975,121.36096,0.05649351
1,-143.61006,141.98114,0.023343224
1,-41.323654,141.45776,0.04768851
1,148.17267,-164.7878,0.026824504
1,124.637726,-64.36318,0.017720152
1,-0.39326477,45.76712,0.020231757
1,-165.1812,153.20831,0.027691154
1,-34.897858,-132.29,0.02337193
1,169.77463,-40.69069,0.034629386
1,-122.51915,86.25354,0.0462974
1,4.516754,170.68536,0.020797916
1,160.69788,7.32959,0.04303994
1,-10.902023,164.72327,0.024267487
1,4.6653595,-105.61893,0.029948507
1,-168.80745,-149.13191,0.024432812
1,-112.31832,152.34735,0.023352912
1,54.99092,44.245667,0.047316883
1,-166.85779,-60.181503,0.04570951
1,-82.153175,-158.39343,0.016894408
1,97.66397,-102.36688,0.024195442
1,13.800964,-10.290451,0.037154224
1,-122.733376,81.64111,0.032899674
1,-9.653,157.89801,0.025189053
1,177.73645,-160.05046,0.03589911
1,-179.99261,-76.65071,0.037991207
1,20.249954,119.89197,0.043741416
1,-81.29211,105.48074,0.0364982
1,110.121124,175.36493,0.0364111
1,-176.04434,-140.45854,0.033710178
1,-0.4508667,175.7962,0.039958667
1,134.64331,-138.46422,0.038988877
1,155.19656,88.5014,0.028896937
1,-51.56688,86.174286,0.03974592
1,62.86142,-129.11507,0.021045286
1,-98.380714,24.677872,0.04375141
1,10.834686,-167.2792,0.03576917
1,94.04642,-133.35818,0.061966192
1,-8.833267,174.1369,0.02624745
1,-165.97322,-166.83313,0.027613262
1,-172.06116,-172.36597,0.036129065
1,-35.517197,167.3833,0.035275422
1,-53.695633,53.99405,0.02746587
1,-85.66613,72.72009,0.04790542
1,2.161728,168.32486,0.04078418
1,91.44409,-88.93366,0.041448902
1,69.44592,-140.81033,0.03719109
1,156.15948,-165.68301,0.033877287
1,-113.804,17.600616,0.050869364
1,-73.53753,132.49866,0.0491264
1,15.053635,171.64966,0.044591106
1,-20.792694,146.294,0.019217359
1,-49.062744,-47.19078,0.039166678
1,-156.64209,31.683838,0.03155578
1,178.19751,-169.26466,0.033169113
1,-165.36531,169.73694,0.021871151
1,172.66629,-172.91333,0.033498224
1,-150.66891,131.41699,0.04108411
1,-166.0465,-3.2762604,0.027170362
1,-15.164215,60.639313,0.025081478
1,7.04982,-143.10551,0.03981538
1,-52.498978,104.62567,0.033341173
1,-175.93741,5.076828,0.030712422
1,5.103424,169.45801,0.020438543
1,-65.58434,124.823,0.052299876
1,-130.9329,121.90198,0.02921786
1,-11.512329,108.05066,0.054612
1,59.772964,-166.82343,0.040987335
1,-0.8042908,-52.6837,0.03304526
1,-3.1000671,-91.90577,0.046465207
1,-3.1029053,-132.33719,0.028587213
1,56.741913,-98.091156,0.056038458
1,-157.45503,-137.82988,0.02945188
1,-31.22667,179.87976,0.019023826
1,8.705338,147.38708,0.02806089
1,129.29755,-157.76924,0.021710007
1,-21.950272,-136.47661,0.06334739
1,175.16489,171.48242,0.038451992
1,2.2640839,22.860245,0.03760035
1,163.99564,-38.19371,0.033028413
1,-76.52771,108.05557,0.043594684
1,-23.269836,131.86975,0.03152101
1,-3.612259,154.18701,0.026232932
1,-8.661575,-169.48636,0.029398276
1,-109.314575,163.83527,0.029897954
1,-135.45677,66.07942,0.038555946
1,108.147064,-147.55583,0.029029276
1,-67.500755,-69.65713,0.034995437
1,172.69104,-34.33304,0.05259869
1,55.24417,-131.15166,0.02999535
1,87.97015,-173.67213,0.022575915
1,-100.49772,108.5939,0.033255916
1,-170.52383,-73.34737,0.03129156
1,109.13202,-91.399254,0.036112733
1,-49.043488,-161.29155,0.035338756
1,-88.23083,56.30522,0.023452103
1,-119.72705,-127.75956,0.034195993
1,-48.46196,113.08087,0.020078106
1,81.31073,-154.85065,0.045474697
1,-87.05542,93.32007,0.020349344
1,17.899353,-162.14148,0.035417352
1,-173.01816,-41.148163,0.048619322
1,-135.71674,89.55661,0.0346085
1,-34.10962,153.05273,0.03940754
1,-126.28666,149.34384,0.02051472
1,-59.55603,137.82019,0.03868931
1,7.2469025,-172.87828,0.01909812
1,-143.34363,-92.76607,0.026903966
1,-73.336815,163.97516,0.021479823
1,-18.082489,162.58948,0.021810122
1,-35.98494,75.54724,0.062437322
1,-22.950638,117.183014,0.033384632
1,53.956406,-147.6507,0.035815876
1,128.3009,-160.72974,0.021099929
1,-104.05468,154.77606,0.04529871
1,-141.50049,-95.34754,0.03391584
1,25.072433,-130.6047,0.02618593
1,128.8919,-138.28587,0.039974067
1,-105.26135,153.21759,0.040180825
1,149.48016,-88.95311,0.03730833
1,150.0686,-104.265076,0.026559528
1,91.46866,-102.778206,0.021581316
1,118.526855,-108.45778,0.021682892
1,-8.121796,-144.95004,0.031138131
1,86.18997,-66.52988,0.065318204
1,6.051773,-178.4033,0.029975759
1,-150.50662,145.57077,0.028144948
1,141.1171,-161.31142,0.039510358
1,158.50128,-173.96344,0.03192264
1,-154.72043,140.97876,0.02992693
1,-176.81366,-136.44962,0.020010227
1,-26.73558,-149.32942,0.024652177
1,-149.38593,173.96948,0.017823046
1,-1.8017578,-177.52782,0.02341342
1,-68.43381,76.15756,0.0284896
1,174.483,-67.42471,0.04005059
1,104.699066,64.78168,0.03512576
1,179.48373,-49.17047,0.030633155
1,4.002365,-20.704346,0.036421165
1,133.69086,85.315125,0.033578716
1,-23.57367,64.00647,0.038134884
1,-13.410934,168.83908,0.027503423
1,130.93097,-95.15973,0.061232228
1,-106.90789,-162.81075,0.027982235
1,163.96426,-26.46997,0.025190892
1,159.35443,-156.73863,0.032634277
1,-169.47205,-52.01439,0.028853292
1,166.47296,165.84247,0.024682073
1,156.78638,158.15436,0.042005476
1,136.71143,-116.35699,0.042920507
1,-127.17243,-25.526932,0.037635803
1,-152.199,-171.73706,0.022168655
1,-69.550964,118.77585,0.026030414
1,135.69354,-162.11499,0.017690483
1,-168.1326,42.369904,0.04261491
1,-24.033875,34.196136,0.0497668
1,162.95862,171.20096,0.016207853
1,-92.26145,-139.68889,0.047444995
1,-177.80219,-24.639847,0.029983217
1,4.765976,53.39627,0.02336272
1,-31.119553,99.5791,0.0417166
1,37.74832,154.78601,0.021216473
1,10.371155,-75.689224,0.031595517
1,116.23163,-162.38933,0.029670274
1,0.47305298,-163.63121,0.030389411
1,-55.858177,62.18918,0.55850136
1,23.549637,112.6998,0.031799868
1,88.16376,-3.420578,0.036217928
1,45.35388,156.74414,0.038167685
1,12.991196,-155.07802,0.019000739
1,126.958466,-159.28915,0.03636108
1,-4.9039307,74.663055,0.024798188
1,-14.36438,83.62604,0.016964486
1,-175.77379,-16.5542,0.027364394
1,-145.88234,158.98822,0.025964262
1,115.62961,141.87045,0.028723733
1,9.293259,-152.6841,0.028544405
1,2.7528076,-137.06633,0.026901282
1,148.9108,-96.31258,0.048221067
1,-162.62733,118.34494,0.028636908
1,-4.9407043,176.44366,0.022579491
1,113.9317,-167.24687,0.028524198
1,-90.36475,100.791534,0.03484976
1,-174.01997,-134.56825,0.031967856
1,147.98224,177.38171,0.019740267
1,-120.47536,145.26343,0.054291632
1,-15.647705,84.51645,0.035649784
1,-86.74039,147.60474,0.024134103
1,-17.64296,116.48572,0.027957758
1,36.018005,-112.520386,0.043623295
1,68.91339,-68.605896,0.03315408
1,-137.3284,171.98529,0.035029028
1,87.16644,-162.96184,0.041916955
1,62.94757,-54.42166,0.040421844
1,23.273483,118.09674,0.023757521
1,17.020111,-150.58249,0.033511225
1,161.17584,112.02203,0.026440727
1,166.32669,118.61395,0.021931946
1,-7.397415,175.08008,0.026469149
1,86.94992,-44.066437,0.046861824
1,-168.50436,-49.87938,0.0377258
1,-171.71397,-170.66675,0.017731624
1,-84.17418,-177.21637,0.025485775
1,16.038666,-173.38586,0.034416106
1,-15.70166,159.2674,0.019952947
1,-1.9039612,112.96161,0.026718607
1,-175.66498,-168.36241,0.0205948
1,-5.457138,-168.43913,0.020575183
1,-17.583908,167.10925,0.026309004
1,58.11969,-139.31058,0.027205514
1,77.897095,116.95575,0.049984924
1,-1.8177643,104.46338,0.043454748
1,-100.31361,72.503204,0.043401636
1,-120.88943,113.53473,0.02678546
1,-153.33397,-66.40494,0.029077286
1,0.2946167,146.97607,0.048768356
1,-163.28482,170.37616,0.034493558
1,160.74289,117.13684,0.024499407
1,18.560028,-127.79082,0.0400471
1,-25.998886,167.36816,0.030374182
1,-38.516174,67.758606,0.0614792
1,-78.862465,-169.22218,0.019824529
1,171.376,46.400146,0.02618669
1,-146.65715,-51.723602,0.02902118
1,103.96744,-143.5498,0.035576813
1,38.962418,-37.37448,0.03692523
1,-78.040115,73.875824,0.022658681
1,-3.486435,13.931595,0.020488087
1,49.16507,-125.204216,0.05009222
1,-162.54208,-172.59123,0.04153251
1,-147.00204,19.962875,0.030642204
1,24.199127,-140.66359,0.018487321
1,-74.78741,27.481949,0.028501626
1,-69.434326,174.66223,0.034691077
1,81.09442,-176.06519,0.064595446
1,-145.02623,67.06802,0.042796653
1,48.46974,-160.19827,0.034234464
1,-50.052673,-23.076172,0.032363873
1,-129.82852,139.25006,0.0229747
1,99.50098,-133.37631,0.025968025
1,5.3582764,-49.294968,0.040227063
1,164.5293,-3.0803833,0.025560305
1,163.4877,-138.36868,0.037621133
1,38.54715,-43.333435,0.048021067
1,-178.03299,178.39215,0.033154376
1,-147.5676,21.420898,0.03964758
1,-137.77274,-137.51778,0.024560386
1,27.744186,-150.57156,0.05047583
1,-74.556526,36.22238,0.036446784
1,-132.44208,35.90503,0.020817114
1,-160.67204,102.403595,0.040565986
1,39.756546,143.8139,0.042960357
1,176.86307,156.6897,0.0435051
1,-118.433685,144.5271,0.032954592
1,-68.24889,174.02075,0.025007172
1,-163.90218,18.032852,0.022865066
1,121.82904,69.34001,0.051786885
1,-107.25189,-154.0397,0.026393933
1,169.43683,179.23059,0.046152975
1,64.69507,93.55728,0.0287413
1,26.551147,-109.59182,0.027391018
1,74.855896,-90.28331,0.052281372
1,75.1965,-64.300514,0.036672156
1,125.11954,152.76465,0.03403818
1,-13.96788,113.0795,0.043867543
1,158.36832,111.68552,0.03182462
1,-23.864471,139.73877,0.031238496
1,-27.448425,126.30371,0.029945511
1,-69.766,133.20718,0.03717471
1,-157.70146,-118.80886,0.043139566
1,-160.67621,-117.72002,0.02595139
1,-161.39043,53.424652,0.045178838
1,-16.687363,156.46924,0.03543323
1,-5.884033,-176.83044,0.025668578
1,-43.29686,138.63123,0.050548587
1,-61.32698,179.4184,0.044457793
1,25.535248,-135.42218,0.02440855
1,143.43399,-12.719559,0.03835793
1,176.52045,-42.761368,0.043429356
1,-6.035675,34.782745,0.027937729
1,9.1732025,-15.543915,0.03209573
1,-167.4796,4.7789307,0.03957323
1,86.92517,174.83624,0.054176357
1,119.64496,128.58878,0.029955603
1,109.18054,-122.173546,0.026840596
1,116.16498,-65.23947,0.26271704
1,55.64537,146.15393,0.02954503
1,-156.48064,124.10544,0.03231391
1,-84.96024,115.702515,0.04338013
1,6.5358124,-55.338425,0.034111626
1,-129.68036,44.952103,0.031937126
1,163.12256,-41.95894,0.032721467
1,17.297333,-171.33432,0.041854884
1,138.64465,-129.67328,0.03353209
1,-160.07089,-119.11296,0.030394278
1,-36.85251,157.2474,0.037831996
1,120.62341,-154.1493,0.03148657
1,-156.71095,-175.664,0.049743976
1,-152.85236,26.67067,0.050074305
1,-12.300064,167.12347,0.023514295
1,-170.48524,8.929123,0.023695396
1,-21.933365,-86.85765,0.015032756
1,21.789429,-108.13159,0.05102689
1,141.0281,168.44788,0.03872532
1,-36.017593,-124.364555,0.022559023
1,8.644211,-133.1254,0.03036858
1,-179.11913,-173.2549,0.033904728
1,-171.1246,-138.59311,0.045220986
1,42.584503,-41.987396,0.03600415
1,-38.880035,65.42206,0.03358058
1,-26.795685,94.2233,0.031455662
1,-160.51463,-5.7911835,0.021682596
1,-127.56655,143.66501,0.023976756
1,145.91101,145.39111,0.021721331
1,132.8869,-42.12964,0.030492947
1,-170.32773,29.792175,0.046593722
1,114.96927,-169.77826,0.039264083
1,-117.57132,134.05713,0.029318567
1,156.38617,-156.04153,0.022926854
1,150.73486,-159.63667,0.032593165
1,-7.8654633,-108.009346,0.035864778
1,-28.60205,79.285706,0.026494855
1,-89.68509,-62.398087,0.04030415
1,-165.11128,169.01648,0.028532378
1,-92.89789,111.269226,0.054912023
1,92.566986,82.828064,0.028985428
1,10.824951,165.73608,0.034022346
1,140.53397,-120.49767,0.042047333
1,117.67999,173.24982,0.022758756
1,-63.601227,142.77194,0.03646648
1,121.26703,170.0943,0.024084484
1,124.73334,-56.801453,0.031155309
1,93.3483,107.52994,0.06655214
1,165.85751,-163.07533,0.032357957
1,-172.43727,12.599518,0.021169197
1,119.63666,-176.16919,0.029926484
1,57.278656,-48.49463,0.038158987
1,42.331055,-170.32204,0.01904906
1,-17.08348,116.337494,0.03343146
1,5.750717,-36.789948,0.024193201
1,-171.45193,-146.81648,0.034714483
1,-20.300095,166.57043,0.040419422
1,-94.40015,-165.87729,0.018562403
1,-159.74327,-164.01965,0.047797598
1,-10.027023,151.66272,0.025887065
1,-22.789429,140.22607,0.027506752
1,-50.5318,164.82855,0.033637416
1,176.26373,0.09718323,0.057070497
1,-12.3125305,-112.194016,0.037391067
1,-84.89723,-173.92798,0.03506284
1,2.6553497,-67.62689,0.035044502
1,166.28421,-165.95316,0.037735045
1,-155.43059,143.2909,0.045193188
1,62.75763,-71.55013,0.018842585
1,7.8387756,-13.717453,0.023111986
1,59.45291,-143.36241,0.044844337
1,118.548676,-52.902985,0.04531227
1,22.25064,-169.93375,0.029809732
1,-87.927216,96.068726,0.028250165
1,120.2124,-16.779816,0.036995333
1,16.547394,32.019287,0.023540262
1,108.199585,-137.18951,0.033106633
1,-115.85177,145.44995,0.03056099
1,80.449036,-15.118408,0.038601603
1,-175.95264,82.74539,0.044062246
1,-66.77482,41.816772,0.037902057
1,49.816223,-18.221222,0.034636404
1,143.18866,-150.12428,0.032058418
1,5.433441,5.7286377,0.032874357
1,-25.342972,168.25317,0.01492156
1,8.294006,-156.21054,0.01937088
1,-57.566666,166.81311,0.03934523
1,-10.649536,154.83578,0.019496733
1,24.938644,-123.089325,0.039368242
1,-63.56051,98.286804,0.026187811
1,-13.99205,64.19812,0.03365117
1,-132.73059,145.30832,0.047980938
1,-159.22005,157.58487,0.03120053
1,-3.0200958,174.90015,0.028887503
1,104.9581,-89.92203,0.06546157
1,-70.207954,54.705933,0.026622187
1,-47.70981,147.2099,0.042852428
1,-144.47449,164.78534,0.031326648
1,19.856964,168.00275,0.032464698
1,-9.232025,-125.51004,0.043135647
1,76.10544,-130.48679,0.05288826
1,42.81726,-158.18132,0.04661474
1,142.63708,-70.30411,0.030598905
1,-178.40518,126.256134,0.023769224
1,164.27576,13.833405,0.023344563
1,2.4294891,-129.04927,0.039488044
1,-119.31224,86.986664,0.033289973
1,89.262024,-106.81958,0.03139476
1,-122.70671,-172.85223,0.019049807
1,-13.078186,139.2818,0.018145885
1,-22.181793,-106.75797,0.035720225
1,103.16669,-179.88135,0.021502435
1,-179.45778,166.70407,0.02399993
1,16.489807,-116.27599,0.018591838
1,13.249512,-124.346466,0.02943237
1,-146.89526,-149.34103,0.046216287
1,-74.22501,-12.498657,0.039474238
1,-16.908707,54.266144,0.024724357
1,17.947662,-79.65256,0.03800747
1,18.986252,-105.291145,0.019883106
1,145.38904,-85.87439,0.01410636
1,-179.6379,-14.544312,0.0399532
1,53.614822,147.44763,0.028635813
1,-179.99323,132.11087,0.030762417
1,-57.52153,108.31616,0.038988903
1,108.86255,-41.172913,0.029686812
1,160.6018,125.824646,0.049036525
1,-164.4464,12.62886,0.033949967
1,-140.75473,78.227295,0.029530797
1,51.754395,152.1748,0.040026538
1,-124.659874,108.24075,0.026234597
1,-132.37178,-103.0059,0.044093557
1,66.800415,-153.71353,0.035114527
1,-25.588303,79.03714,0.025783561
1,103.62613,-140.17696,0.03861797
1,-12.798843,176.3471,0.034257162
1,7.9280853,97.9198,0.03568742
1,6.3866577,-103.79433,0.04055413
1,59.91156,-104.160866,0.03685797
1,0.46128845,175.22525,0.043572765
1,-146.4414,74.70647,0.024039237
1,120.66632,-86.04989,0.03888729
1,144.6062,-147.31331,0.017741738
1,173.55084,65.42554,0.028556531
1,-164.27527,-43.702118,0.029586209
1,-47.641663,73.948364,0.024224963
1,-62.87921,93.57196,0.02131834
1,36.58661,-80.75469,0.044278264
1,-145.39642,64.42105,0.021880124
1,166.24042,165.4002,0.035359465
1,32.911957,150.5953,0.016847728
1,-157.46103,80.89188,0.049725026
1,54.18277,-110.18513,0.039316915
1,-147.06421,90.328186,0.02296982
1,-14.205246,80.05594,0.021047574
1,16.40187,177.21085,0.032648146
1,-170.75417,160.13593,0.042292815
1,172.87946,-11.784027,0.03192073
1,-160.70392,45.9411,0.04230726
1,-102.63806,-170.64708,0.030541211
1,155.40222,145.66931,0.025833735
1,44.781815,-137.33856,0.031741515
1,-57.469467,-41.84018,0.047758058
1,173.15393,-179.96277,0.033410795
1,168.59625,161.63263,0.01922406
1,-12.639755,146.09476,0.030828651
1,177.59308,1.6686401,0.04084938
1,169.40952,-141.63449,0.03422524
1,-173.4764,125.52008,0.030225396
1,-151.26584,78.899536,0.027034888
1,-32.540146,-166.31448,0.03205095
1,53.912125,161.66708,0.025379816
1,86.20761,175.34622,0.025964716
1,-96.54208,34.169724,0.023126075
1,56.915543,-118.46831,0.04126658
1,128.65515,-142.49564,0.025943223
1,43.003387,64.92343,0.034144748
1,-158.91093,-118.69861,0.045413613
1,-10.5961,-34.521606,0.088078775
1,-150.09982,-173.33907,0.030770252
1,23.225739,-165.668,0.050464477
1,172.7988,-163.92723,0.041584443
1,-104.64381,151.8081,0.023979802
1,-161.49797,157.14606,0.02808921
1,-96.759415,111.55325,0.027395098
1,156.54785,-0.19010925,0.01827297
1,128.15424,-150.53716,0.020116594
1,-46.015793,35.684418,0.04606586
1,43.584198,-79.455376,0.02601926
1,4.6193085,45.66263,0.035704575
1,-41.20056,123.1936,0.03611012
1,-174.28517,161.61911,0.04069265
1,-4.4815674,-81.0012,0.032952707
1,-120.85484,-175.66371,0.027784254
1,28.560013,-140.83954,0.028934395
1,-6.7981873,121.0282,0.049494613
1,159.37466,161.4925,0.029998202
1,-0.2568512,-176.67789,0.022312779
1,96.2171,-96.79035,0.03254152
1,-0.9260254,-144.77303,0.043798923
1,29.909683,-59.890305,0.039186858
1,-49.792572,-132.61142,0.041097682
1,51.974976,-162.12592,0.048447445
1,-159.8875,-109.77924,0.049395308
1,-46.685394,20.63301,0.050624005
1,-134.42223,145.22638,0.03617402
1,-145.71259,23.723434,0.029506044
1,-179.84846,177.24219,0.01274218
1,-141.54149,158.18695,0.040421218
1,-127.06925,-76.13333,0.41310385
1,151.663,143.0531,0.019962221
1,-145.0003,151.90259,0.03556865
1,-17.701355,-179.58559,0.019890873
1,37.695587,-146.17496,0.028974868
1,-53.82025,19.946991,0.052933354
1,-35.23889,-146.98352,0.050149217
1,-3.4576569,-23.825195,0.025205836
1,151.58331,154.74957,0.034906507
1,-96.78396,69.536255,0.031769022
1,-26.946274,91.29901,0.046270236
1,26.66742,-119.185135,0.04534607
1,129.80496,-14.37056,0.020826275
1,174.29102,166.39142,0.03120356
1,176.09491,125.27661,0.09011849
1,19.590439,-11.678818,0.03160801
1,-153.87683,-144.05609,0.034034245
1,-101.39426,109.775085,0.049221925
1,42.305557,-112.895134,0.030600451
1,-142.80475,-100.06562,0.03305374
1,-53.922974,-107.23215,0.052755497
1,14.403549,170.33139,0.016516745
1,-10.245697,133.81152,0.037915636
1,10.41655,-124.885284,0.05138101
1,39.41182,136.18472,0.03194958
1,40.3842,-90.95655,0.024104903
1,5.8454895,28.110779,0.02895197
1,-165.3961,168.68341,0.028627958
1,-55.088318,32.25969,0.09004997
1,-69.90044,158.20935,0.044984892
1,-32.114197,169.19006,0.039219864
1,-164.4316,38.934937,0.027357351
1,-152.56041,25.764175,0.028552651
1,10.279419,54.738235,0.054790147
1,-156.75227,-108.550674,0.04300012
1,-79.24063,-91.60295,0.032894608
1,-40.16266,94.25641,0.034476563
1,-154.32861,-96.333755,0.034148842
1,-108.66592,94.44592,0.023646176
1,-116.79453,48.015747,0.039128594
1,-167.81668,174.28171,0.022841498
1,-170.37839,-17.441986,0.03257316
1,116.12567,-18.813736,0.032818742
1,102.36664,-1.7677155,0.041364826
1,145.9704,-54.561752,0.034632225
1,-21.351746,62.036987,0.014674758
1,6.0735016,-158.54375,0.026239915
1,-171.09674,66.67058,0.04006047
1,-18.186005,71.657745,0.01811644
1,-143.87567,133.83563,0.03559965
1,10.856125,-144.60379,0.02524719
1,74.37482,-24.570786,0.030355606
1,-99.071945,173.85437,0.02441913
1,-17.111633,120.47839,0.035027385
1,-44.137558,127.97943,0.020709243
1,151.0563,94.95105,0.029133217
1,-55.125763,136.99487,0.021311628
1,156.96356,7.1637573,0.5742254
1,65.54047,-127.06088,0.034768883
1,-127.47693,166.37567,0.025138542
1,-124.57632,158.08557,0.03873419
1,164.4754,150.32483,0.02352996
1,-32.809586,132.18347,0.03966352
1,7.794922,-13.764816,0.04495982
1,-6.935364,146.27734,0.019951705
1,-170.42645,125.591095,0.046473473
1,-114.910286,143.99811,0.022162957
1,1.8608093,163.18689,0.061078798
1,13.29866,-108.63949,0.022447778
1,-33.619507,57.59076,0.024957707
1,-47.133514,-160.17825,0.053426787
1,-2.5415497,140.83774,0.021381404
1,-14.864685,154.94635,0.021302445
1,-92.14893,62.49478,0.023951022
1,45.809814,-157.79425,0.021323767
1,72.06032,73.05005,0.031910356
1,28.070526,-75.92058,0.016738575
1,6.329895,170.32965,0.030465232
1,165.24432,20.70897,0.034089122
1,32.675217,-35.4617,0.023714509
1,-8.493042,-144.78181,0.046264365
1,-58.318314,149.9036,0.041367233
1,101.70456,-108.33126,0.029744294
1,-139.41542,80.238495,0.07533221
1,-38.655853,-139.83635,0.032284286
1,-6.526779,-173.186,0.023353133
1,-90.69762,87.08969,0.03502079
1,-14.970169,-59.75177,0.03603247
1,172.6529,113.23859,0.028195355
1,-5.5570374,71.505035,0.03712286
1,68.51614,-152.62067,0.03435224
1,-123.05193,-168.64227,0.030043714
1,96.35919,-113.91795,0.03519915
1,-74.91162,124.79468,0.0381729
1,174.6756,-160.41057,0.022346048
1,13.146347,174.27283,0.049197406
1,80.918304,161.5722,0.018772542
1,158.51688,-34.056793,0.022392482
1,176.5365,153.87286,0.029351797
1,-59.897217,138.39471,0.03634387
1,175.44806,-179.36519,0.02802821
1,-58.78682,73.07803,0.04285791
1,-154.4707,153.34064,0.022539986
1,110.06909,-157.84439,0.025852289
1,-86.35935,27.690536,0.015926518
1,69.577896,-146.88643,0.027264118
1,129.1117,-50.634964,0.020209484
1,53.650223,172.6106,0.020186715
1,179.79807,-163.76971,0.03020101
1,-102.511185,71.73349,0.02728293
1,-171.42473,0.46743774,0.025327763
1,50.76712,-14.8050995,0.039602373
1,43.244522,-166.3754,0.021420304
1,45.66481,-112.562515,0.029869953
1,-124.12537,67.961914,0.030617129
1,67.17938,17.89116,0.028687201
1,26.468216,-93.94015,0.021327926
1,1.7413177,60.095886,0.048308
1,-175.79114,-121.95299,0.052792195
1,7.9405518,-4.7279053,0.032495566
1,66.89285,-146.08192,0.0345722
1,75.16043,-80.85305,0.047463354
1,13.128098,-163.2124,0.037801757
1,3.6557465,-8.4687805,0.024142554
1,168.99051,20.00319,0.0376269
1,24.458176,5.5887146,0.04014423
1,33.065186,-156.09285,0.039436966
1,-65.80581,43.385056,0.032182887
1,83.74884,-14.150757,0.05815781
1,-5.6618347,-147.0764,0.026486127
1,-148.20166,43.476624,0.043965776
1,-79.418594,-164.20027,0.045314565
1,-151.03656,93.53186,0.039662343
1,-169.05843,-78.00925,0.03583195
1,-18.484268,-129.30139,0.03400439
1,-158.57716,136.81293,0.033747032
1,57.891632,41.166428,0.03673906
1,126.54834,-165.93752,0.01880619
1,118.60953,-174.03844,0.03859417
1,115.263336,-136.48247,0.060711607
1,-7.2065735,162.31702,0.022606332
1,10.113754,-166.7557,0.025743127
1,2.241333,-177.18161,0.027122354
1,-141.68454,130.23828,0.053390577
1,172.25574,-137.94434,0.035607725
1,118.2926,-68.02716,0.034545075
1,-20.854904,150.2938,0.016120056
1,41.153046,97.90463,0.034686606
1,58.707886,-121.79952,0.038806137
1,17.540527,-168.97012,0.034655012
1,-90.031,153.85394,0.0507684
1,96.250854,-51.997894,0.030419787
1,-75.924225,103.963135,0.045432616
1,-15.243622,-166.75111,0.023194008
1,-6.2508087,63.60736,0.038649347
1,-170.82852,26.245132,0.025735084
1,102.04175,-140.26753,0.016058907
1,-40.628876,158.67441,0.025639981
1,170.1278,115.37482,0.06285572
1,-70.435486,178.3186,0.036883686
1,47.33142,-99.549545,0.023356142
1,-26.314651,-29.968018,0.041543946
1,-54.33377,56.767532,0.027007341
1,69.553024,-99.98602,0.029128667
1,128.5682,-98.049995,0.041914113
1,-70.72753,176.88928,0.025454273
1,111.8251,-86.52941,0.022363523
1,-90.5588,-149.90408,0.03221767
1,1.4938507,-30.507309,0.03546667
1,-82.8915,116.77191,0.02149814
1,22.308945,-174.65897,0.032912213
1,-13.047668,171.67218,0.017765
1,-64.76033,-165.94896,0.033668898
1,-129.416,-73.67971,0.029028656
1,178.0188,-133.58437,0.024600698
1,-68.47228,155.73047,0.04517523
1,-46.786865,171.98743,0.026109137
1,-150.38327,-94.93118,0.0328504
1,-34.446976,-47.942535,0.05061634
1,88.86331,-114.36074,0.03137809
1,173.8031,62.91028,0.042880982
1,-69.13094,142.59464,0.032922592
1,-13.22316,-41.06601,0.03771076
1,107.08551,-159.87636,0.033971436
1,8.691391,-6.3464203,0.03498921
1,-102.87589,33.894806,0.041273326
1,-177.25754,-103.16387,0.032275837
1,154.97864,-150.83656,0.029732632
1,131.56061,-116.7944,0.05550258
1,-145.56966,18.308228,0.026158068
1,37.724564,53.35829,0.057282526
1,35.270004,-98.17384,0.03215651
1,0.82899475,156.2514,0.021736953
1,37.382187,95.7124,0.025859535
1,24.58937,-147.94507,0.029612653
1,-144.68336,140.28595,0.02222155
1,-99.488815,168.99927,0.03324587
1,117.433685,9.8177185,0.020088777
1,-128.52077,159.36188,0.02652652
1,-179.75319,14.25116,0.04648664
1,166.54156,129.14102,0.035632756
1,-155.32054,-13.523941,0.029648647
1,-8.038712,36.519363,0.03137096
1,121.146576,-125.65513,0.03171421
1,-146.76512,36.45575,0.02679912
1,-163.17105,-150.61473,0.027881341
1,-167.12823,142.73358,0.02946382
1,-75.44894,16.901886,0.032847308
1,-31.551025,5.022461,0.033151932
1,-130.73354,155.9823,0.024571665
1,169.8418,-19.941208,0.034690876
1,148.3591,-44.251404,0.020345695
1,-4.7345123,-40.937836,0.054771516
1,11.590439,-111.06094,0.03292736
1,-6.9762573,179.82211,0.021421308
1,-49.131866,173.85724,0.04114189
1,-144.33517,63.5533,0.029629199
1,-57.916725,91.71631,0.024432091
1,177.4526,-32.39836,0.037382502
1,-159.7115,152.3247,0.03318141
1,-19.16742,142.65283,0.030681826
1,18.339127,-155.89374,0.044883985
1,46.566986,-132.41646,0.041506298
1,-116.86203,-54.864944,0.024652176
1,-7.5996857,34.873947,0.03019799
1,-18.85019,161.62079,0.029701345
1,22.905792,-179.61981,0.04310714
1,-32.830566,-80.49841,0.032179233
1,-12.73024,176.02017,0.018226653
1,-170.98016,-179.87804,0.041656736
1,164.60013,140.65915,0.13836245
1,-49.966843,81.68317,0.029227873
1,52.930573,-65.8194,0.0244422
1,80.92761,-131.1935,0.036523383
1,-161.61761,17.736755,0.047522034
1,-2.5758057,153.74066,0.033907864
1,-75.60615,176.45795,0.02599405
1,-13.282486,168.51434,0.01535317
1,176.54413,-115.999886,0.038657546
1,-114.96924,114.78162,0.019922933
1,167.05338,161.80322,0.018984808
1,-124.82731,159.72992,0.048001032
1,-99.75177,93.44287,0.028913975
1,148.99768,153.01965,0.030843038
1,-26.50177,-65.66539,0.053388976
1,28.83023,-152.21283,0.021252625
1,66.098236,-98.50296,0.039381962
1,2.3231506,140.9378,0.030836366
1,23.725723,-95.85813,0.021587074
1,176.97977,5.456543,0.031025304
1,-88.03515,165.02435,0.040868845
1,139.03235,-123.38429,0.024192762
1,24.527344,-170.64053,0.027089937
1,-17.97261,1.682312,0.028727697
1,176.69696,7.6194,0.02527257
1,-165.95807,112.18625,0.023247806
1,98.67267,-43.868317,0.04414133
1,-179.99931,165.54037,0.034274638
1,84.95926,82.00452,0.0406401
1,-170.00127,-7.323868,0.032411385
1,10.357697,4.7158966,0.0321447
1,172.68784,17.348328,0.031978197
1,-70.526924,133.2702,0.043386035
1,144.23273,-126.8091,0.045003712
1,-7.911392,-179.31007,0.023844516
1,-138.10663,-178.20856,0.018389706
1,94.575134,174.35211,0.03619121
1,1.7218018,173.77802,0.027174849
1,91.5813,-106.509155,0.040537376
1,24.383316,-49.589493,0.024381375
1,-148.71432,148.5769,0.019626608
1,-6.0379486,84.27203,0.032391693
1,12.775955,-123.74905,0.02329123
1,170.3869,-113.36142,0.027873203
1,40.915405,-147.49033,0.026275529
1,2.918808,-164.25621,0.027595563
1,73.30826,-36.597702,0.022178808
1,-26.270325,43.658875,0.040915627
1,-80.06375,134.50983,0.040680815
1,-78.60071,35.43509,0.053421542
1,85.464264,-106.10461,0.02807643
1,65.643234,-64.17743,0.056734588
1,-79.73782,64.46686,0.0212038
1,-67.46181,131.57349,0.015825272
1,-152.43909,-153.95184,0.03682283
1,-171.77492,4.8259277,0.018279267
1,-138.57658,-133.92938,0.029283473
1,-42.64807,7.802719,0.021333767
1,41.74933,8.573853,0.03853029
1,8.767319,81.89484,0.022064652
1,-165.95222,99.47595,0.054282553
1,-81.85848,139.84332,0.02880881
1,-99.86238,52.22853,0.037630845
1,-128.59396,31.075195,0.0377084
1,-65.35587,153.71527,0.046645425
1,-7.2677765,-126.56315,0.024628224
1,111.807556,-96.113304,0.01804232
1,28.770111,-145.85368,0.014657392
1,-122.210396,-144.47873,0.035761055
1,99.07092,-81.78561,0.029478913
1,171.54926,22.16858,0.03877791
1,-154.08257,-99.497925,0.02965258
1,-2.5457153,-146.93448,0.021627493
1,172.9176,-172.73277,0.038086116
1,-59.563972,80.15677,0.025664408
1,164.92053,-172.52795,0.02906341
1,163.63165,143.08148,0.04471304
1,14.46904,-42.240387,0.039486177
1,27.22937,-128.76411,0.038659167
1,71.57193,-138.26091,0.02939183
1,16.570389,-129.77463,0.027757267
1,-6.8912354,170.01053,0.020699438
1,-179.2047,49.344498,0.025245564
1,163.16492,74.14584,0.03717995
1,140.53271,-165.57988,0.037235294
1,-24.552795,129.37674,0.025230698
1,-2.553894,61.69005,0.036486182
1,96.82541,-132.70389,0.030614074
1,29.953247,-123.64464,0.024555542
1,-141.33868,-154.60501,0.02972138
1,-68.733505,102.88782,0.051163394
1,-176.7176,5.212204,0.033365477
1,-56.972076,148.32288,0.03765271
1,-55.417183,102.14114,0.042307924
1,-27.253326,149.03284,0.01800654
1,117.00101,13.1419525,0.03370414
1,-23.076996,95.97885,0.05477619
1,164.50635,136.82031,0.038818166
1,-21.138672,99.34616,0.037847314
1,167.6178,12.27626,0.027462171
1,-16.352646,122.93378,0.03259782
1,123.93945,108.87216,0.03327645
1,16.973007,-23.734344,0.05630111
1,-178.59438,-2.0398254,0.021191513
1,39.2155,-75.066574,0.025359627
1,-169.62495,-161.38254,0.057377875
1,-179.50145,-98.54829,0.03114269
1,-50.26956,-4.5322723,0.06299557
1,-4.5780945,-89.72996,0.03662433
1,-140.42293,1.9315491,0.044157404
1,-41.961792,100.86609,0.028475039
1,38.623795,162.00085,0.02675714
1,-2.4329224,-147.44066,0.04358538
1,-167.56264,126.28467,0.03310454
1,148.25952,-138.44386,0.021814529
1,-156.84386,28.420593,0.021239715
1,-19.444702,-40.468063,0.03052884
1,-21.702728,154.95694,0.020157117
1,-176.60648,-111.15532,0.034995936
1,-176.66086,109.81717,0.01893338
1,170.2561,-173.65793,0.033778165
1,61.349884,-110.62044,0.031715967
1,148.82861,-138.70718,0.029490849
1,-41.169205,107.194275,0.023535704
1,-170.68597,-145.07133,0.03921173
1,85.62567,-97.15685,0.029224824
1,-127.14542,60.35974,0.021741629
1,-11.197556,160.57584,0.032535642
1,-61.35945,137.8753,0.025630195
1,-113.76939,133.87396,0.017852161
1,-46.78041,125.7623,0.032641433
1,-8.857071,-19.989716,0.024110818
1,171.12329,-176.15329,0.050692204
1,14.609528,-177.41162,0.02874454
1,-18.611908,161.56772,0.025640408
1,177.66269,-173.96039,0.02084482
1,177.77258,-167.10228,0.026804004
1,166.66714,-154.93492,0.02769667
1,154.65912,72.8649,0.0438711
1,110.306244,-98.671776,0.025910744
1,-4.4741974,164.56012,0.029294943
1,-152.53154,-108.45522,0.026476668
1,-168.74701,48.408554,0.038782313
1,-16.781815,89.18994,0.024783365
1,-102.98866,120.94849,0.022327457
1,5.1674805,-152.83386,0.022677345
1,119.89874,-172.48595,0.025781129
1,-39.28662,105.75452,0.04176052
1,83.492615,-136.31898,0.032783188
1,114.14545,-100.16879,0.03332766
1,-22.75415,-170.9267,0.03101865
1,122.013,-174.01726,0.033076428
1,146.03482,-149.29205,0.022126883
1,161.68152,-145.69524,0.032272212
1,-22.1503,161.40637,0.02370191
1,48.202026,-79.5637,0.02391555
1,-30.7146,-155.61223,0.01643634
1,-73.165245,110.234985,0.063609116
1,-119.51265,-10.121185,0.031821903
1,45.47879,179.0191,0.03725713
1,10.552017,-71.746635,0.028836919
1,-18.592697,143.91718,0.049826916
1,162.3198,78.074615,0.023675334
1,8.724167,160.76178,0.02928213
1,-121.92444,146.3985,0.032519493
1,-4.9476013,-173.75424,0.023648245
1,126.63034,-80.36496,0.019340612
1,-95.63895,-160.59659,0.040561613
1,-165.17683,-168.18748,0.04995777
1,-91.45068,-143.93362,0.030860001
1,-39.07779,153.9513,0.024480823
1,44.973312,126.32526,0.019410538
1,48.109543,91.699554,0.054997697
1,-166.5709,33.46498,0.025407042
1,-70.495674,10.311264,0.025531635
1,-8.966248,137.45197,0.027700419
1,-34.60623,151.26904,0.032679096
1,119.10889,61.99608,0.051301025
1,113.02377,-108.96912,0.025677677
1,-13.826935,123.95349,0.019414112
1,-4.1375427,-173.37022,0.03553131
1,-90.70697,85.893616,0.03254643
1,50.320953,-135.15106,0.023699323
1,60.101166,-105.17944,0.043889597
1,152.36963,-38.45952,0.032542653
1,-58.135788,136.27399,0.032613955
1,-4.115631,-98.24654,0.021593833
1,-13.942612,179.38327,0.026829477
1,-80.7112,14.788879,0.023027087
1,144.68677,-29.218536,0.036572993
1,-4.018585,35.48192,0.026710907
1,-131.49051,-160.82397,0.032153923
1,6.7393494,174.0575,0.0220981
1,-173.59276,31.287842,0.0336489
1,-57.8667,150.79742,0.02514238
1,-53.84346,136.10211,0.03927577
1,162.0989,-17.374298,0.05084484
1,-67.31219,179.55502,0.029667908
1,157.36646,-142.3399,0.028370589
1,-144.65771,80.48221,0.0294893
1,-112.58858,34.46707,0.040662307
1,-163.57661,-157.10655,0.058656216
1,-1.533493,174.80505,0.04163697
1,165.85934,-145.2489,0.049610153
1,-107.06834,138.17676,0.04551424
1,-14.877594,22.014038,0.051125452
1,-99.43969,-136.82281,0.023995254
1,-139.38716,-128.4161,0.0251921
1,-155.72945,100.64108,0.039004553
1,-111.24063,-161.07162,0.02591101
1,-172.17416,-165.26323,0.03826914
1,-23.230072,123.9772,0.03918983
1,-148.03528,52.79921,0.023369417
1,3.1246643,-166.94057,0.031392053
1,-22.768555,-111.236,0.032420937
1,-17.751648,137.42108,0.027972797
1,4.747406,-171.26385,0.022207886
1,75.54286,-134.36066,0.04719435
1,63.447266,-162.7033,0.02361732
1,-48.187225,100.86093,0.031719554
1,144.9972,131.10889,0.020390742
1,20.002838,-13.529678,0.037024457
1,-171.26775,-1.8025513,0.032524027
1,158.64697,-155.39186,0.040273685
1,43.89026,-66.795044,0.02478554
1,-12.347397,135.76682,0.03524841
1,36.397476,-67.80803,0.0316529
1,48.251465,-120.517426,0.0342607
1,157.34076,-41.28354,0.0365229
1,38.289352,-52.361954,0.025992943
1,-110.54764,108.735565,0.0248412
1,-26.075989,114.26358,0.021404773
1,110.260284,-171.13756,0.033826344
1,91.8689,85.0275,0.047766063
1,-7.2447968,156.97028,0.026633445
1,-162.62578,-76.43813,0.029142879
1,-50.493347,65.70775,0.031939767
1,-166.33795,155.7243,0.05365266
1,104.08002,-157.64508,0.050461315
1,-34.37578,94.71689,0.046578087
1,-36.088074,160.72235,0.026658807
1,43.69142,-11.423172,0.044959076
1,-91.71343,-14.157379,0.02662705
1,24.788193,-174.21036,0.030012105
1,-87.807236,112.29193,0.021655934
1,-12.641083,149.4303,0.03729367
1,20.463226,13.592606,0.021795964
1,173.80771,-173.3427,0.045392323
1,-42.043243,77.59564,0.040302962
1,35.60396,-95.87189,0.02716685
1,-51.737885,104.86771,0.025682636
1,-154.47784,-171.5269,0.027778931
1,-28.600403,133.24902,0.05577096
1,-21.665298,-28.165222,0.037357986
1,-36.421127,-167.23697,0.03307986
1,63.35678,-33.227722,0.027320644
1,175.56183,-11.34462,0.023969213
1,-151.38597,114.52887,0.020528028
1,-173.10042,19.994019,0.03372962
1,148.92981,138.66187,0.028539455
1,-177.54411,138.62848,0.020797024
1,-9.786758,-162.84473,0.052388687
1,-168.65439,164.74469,0.016118128
1,-114.49004,-45.439636,0.04924434
1,-117.448944,61.602417,0.024119927
1,65.07785,161.10986,0.02742813
1,-158.90303,123.57837,0.029306957
1,129.56458,-141.1987,0.04427602
1,-3.207199,-167.88217,0.033982947
1,103.00589,-143.93146,0.02622717
1,176.96997,4.976486,0.029271204
1,-28.941193,134.80347,0.030136744
1,12.123154,154.91821,0.03394282
1,9.382614,-139.3257,0.01906445
1,-4.879181,167.24329,0.030490162
1,146.55475,173.48633,0.0680601
1,28.71965,136.77344,0.03290322
1,-135.78493,173.58472,0.026297888
1,-14.437393,150.16058,0.02720121
1,150.76447,-137.68912,0.034686793
1,80.481445,-120.43567,0.015663235
1,80.76782,-116.293915,0.01736985
1,-31.376205,-166.45052,0.04025007
1,-92.42504,88.48511,0.043416727
1,-103.047264,107.9574,0.024900598
1,-178.1066,-169.40616,0.021038566
1,-72.5888,-158.15173,0.0548566
1,165.27338,79.670044,0.04813309
1,-97.753586,-42.722214,0.041783232
1,-67.15489,-130.44872,0.027277099
1,4.5105896,-107.97436,0.02407213
1,-12.891037,50.581192,0.027014561
1,153.93805,-82.88214,0.040093746
1,0.59394836,-154.34221,0.03780422
1,64.786545,-165.83786,0.03232363
1,9.014206,-11.527023,0.04342075
1,-26.705475,150.94931,0.026945552
1,-171.35733,-132.22978,0.031147778
1,58.056152,-159.00656,0.037298225
1,113.1449,163.98389,0.026490225
1,72.72977,-142.65924,0.0427433
1,-130.01038,152.81107,0.055348355
1,-100.90229,164.90283,0.017770736
1,-165.6909,24.791351,0.015990343
1,90.84445,-56.830246,0.03481617
1,51.005585,-65.66235,0.031740673
1,116.804535,75.46324,0.036852095
1,-126.85287,55.203796,0.027588805
1,14.364456,-106.8246,0.022597356
1,52.229065,-122.61088,0.031388756
1,-171.62738,-94.83645,0.03219435
1,-93.2418,54.232468,0.047377743
1,-69.99995,145.73816,0.020334708
1,-177.49042,-165.78941,0.022712197
1,110.874115,176.20941,0.02515926
1,-53.475708,-43.3797,0.025159711
1,-65.76361,126.578064,0.02480636
1,-63.250023,11.880417,0.0496824
1,-176.30759,-171.06606,0.025590368
1,141.68033,-112.44573,0.033934135
1,134.98349,-144.98633,0.02951332
1,-75.342026,-21.390625,0.0430046
1,177.17508,-162.5584,0.031215534
1,-159.46747,95.0509,0.020289227
1,-44.52072,132.26404,0.036690056
1,-61.35295,-60.27986,0.03183082
1,-115.05973,-139.4696,0.036962554
1,-153.7836,-144.03935,0.027888766
1,-170.87299,-84.46822,0.03590639
1,-17.840408,172.02036,0.029648919
1,-167.61415,-161.90196,0.042054877
1,166.31067,125.407715,0.021821791
1,37.967987,31.325958,0.037324503
1,140.26578,-144.85004,0.045635138
1,152.837,-117.44831,0.039735224
1,-25.628128,144.1625,0.031178411
1,19.029388,-39.528,0.0380122
1,-47.82277,42.202835,0.025599703
1,173.03387,-9.405624,0.045788314
1,-67.10172,123.991516,0.03146822
1,2.7581177,-130.25914,0.0462505
1,-119.34674,143.47025,0.029432459
1,178.40625,-160.06923,0.03643695
1,-124.027214,72.86034,0.038895242
1,87.70184,-98.748695,0.020788033
1,40.662384,-48.273865,0.023990953
1,-92.48612,128.37445,0.05346702
1,166.44489,-27.28543,0.03223489
1,-108.12118,161.6755,0.022145333
1,155.95544,-164.80426,0.02346264
1,95.18506,-6.8461,0.021555198
1,-168.55038,160.85983,0.055092167
1,139.78058,-130.78966,0.025622193
1,-69.18868,106.28342,0.037537463
1,145.5614,-145.22383,0.030764347
1,-166.11441,166.84515,0.026120305
1,98.12268,-39.63669,0.029715111
1,-0.51431274,-131.81439,0.019957302
1,56.007446,-156.2266,0.029310398
1,-17.801788,145.13904,0.023611125
1,111.67035,-80.79926,0.048582673
1,8.708694,-143.00488,0.030251926
1,-160.99535,154.37845,0.03064595
1,12.881485,134.82965,0.03575587
1,2.0085907,64.90921,0.03038408
1,-19.024323,-174.34998,0.040407714
1,11.347458,-153.5063,0.026326349
5,-80.01113,150.96371,0.058188193
5,-7.248871,-52.07476,0.043579493
5,-106.50357,39.875656,0.032302804
5,80.460846,-109.350266,0.04631908
5,-18.416122,78.859344,0.017848508
5,-43.509094,156.52863,0.02579004
5,10.723404,-85.38549,0.028377084
5,-159.53754,154.40292,0.038001597
5,118.985535,152.84512,0.039868724
5,109.98175,-39.889618,0.07228197
5,-149.07755,-120.19209,0.027410133
5,-157.67638,74.58737,0.026535891
5,-151.45836,110.42163,0.04928565
5,64.21121,23.986877,0.04226329
5,59.519485,-156.08679,0.058013935
5,123.83496,-161.34666,0.019294348
5,8.107758,-112.95081,0.028093204
5,-21.343796,-65.54855,0.043783937
5,60.40831,-148.11276,0.02338161
5,-173.07758,123.45004,0.03488369
5,76.647766,-131.6701,0.018088996
5,164.63516,-11.013779,0.018307861
5,16.379456,-157.15454,0.030843217
5,12.155167,-159.86356,0.025860045
5,-119.44049,89.70416,0.035084017
5,138.03265,137.0946,0.034562968
5,149.42905,-13.656738,0.024380952
5,-9.817764,170.01138,0.0488918
5,167.37137,173.13315,0.017744293
5,163.9573,161.91885,0.029683888
5,-99.87238,52.378754,0.028328931
5,-152.9573,68.47418,0.043258376
5,-93.03573,94.6814,0.026033295
5,-145.99019,-163.99136,0.026396357
5,-137.18971,43.17595,0.036792625
5,6.566742,-88.80917,0.02948676
5,-30.948349,124.59421,0.05307197
5,94.96927,138.36285,0.025588693
5,-103.802185,47.073334,0.028215233
5,23.552505,-133.59717,0.03318143
5,76.96893,-93.0098,0.017586004
5,-164.99,49.226364,0.029985005
5,-163.05923,160.89099,0.024222298
5,-46.54138,32.82675,0.043669723
5,-136.09113,-62.766205,0.11127814
5,26.045929,-145.73341,0.02470641
5,-119.44701,66.07208,0.08480628
5,16.156204,-162.06071,0.024034385
5,171.8407,-91.24132,0.031435113
5,-2.4489594,-146.19223,0.025812805
5,-144.82433,105.427124,0.032522872
5,178.88135,1.6867523,0.027548768
5,-110.8357,152.36072,0.03234417
5,10.418976,-0.55274963,0.03007347
5,-1.8005066,20.094086,0.018336713
5,5.193512,-99.88034,0.028977042
5,-176.4079,-10.071823,0.02803951
5,157.82501,-105.95943,0.023007354
5,-18.468277,18.009598,0.027857563
5,-21.855957,-25.260452,0.049550604
5,-144.0049,81.255615,0.03664954
5,-103.62717,170.47046,0.016256295
5,60.345413,-62.206665,0.04784154
5,-14.597763,-13.208908,0.020137982
5,154.83978,-123.15068,0.029274201
5,102.24811,-72.66568,0.039390154
5,-124.89416,131.263,0.020210728
5,-1.8495789,18.256378,0.03353511
5,108.36047,-44.638443,0.020878756
5,2.7433167,170.98303,0.042322636
5,55.78282,-37.658173,0.04224437
5,-28.352966,165.42981,0.025923308
5,56.571075,-148.53638,0.04551751
5,-72.864876,105.50342,0.027934853
5,-165.65521,35.022675,0.021872252
5,-65.87019,-20.623962,0.023030424
5,27.852554,-36.684036,0.041048255
5,-2.8143616,-103.6961,0.041261926
5,104.66257,-20.8246,0.10229977
5,154.3186,-24.124542,0.02766945
5,170.82712,150.4585,0.034723103
5,-13.149582,-21.619904,0.035338506
5,-73.87603,92.312744,0.02929247
5,-9.168655,-179.56013,0.03294083
5,-55.090088,-140.34279,0.048228756
5,2.0114136,-140.90135,0.029242333
5,27.661224,-148.00745,0.05109769
5,81.373474,-76.14387,0.047050953
5,7.5216064,-39.902863,0.026161
5,80.90704,-123.91554,0.035975046
5,127.21948,-10.776276,0.03987427
5,-96.46878,-136.84303,0.037324123
5,-177.87039,-144.67183,0.027563812
5,12.058807,179.29309,0.022350295
5,76.85034,-167.76149,0.034283474
5,-120.04408,-91.994965,0.022460831
5,11.339569,-147.36752,0.024510153
5,-74.837296,123.31433,0.05105154
5,-166.08597,-25.468842,0.01845492
5,94.67407,179.9812,0.040285993
5,-159.97885,166.97162,0.021016521
5,159.04529,149.55463,0.023378601
5,-152.85266,72.1915,0.031046616
5,-104.92271,-127.29274,0.04801866
5,168.1849,-60.693886,0.033535022
5,-3.8415985,-148.89937,0.036209222
5,-58.03456,5.4185486,0.04180995
5,-124.14318,91.46887,0.03403947
5,45.13698,-176.11537,0.034131654
5,30.303558,71.05176,0.033219147
5,-7.311371,176.93262,0.020664098
5,151.49884,-99.46818,0.030293597
5,-135.6625,87.10022,0.039881017
5,-29.547638,-95.56393,0.033865776
5,-116.40299,-125.61666,0.026504772
5,105.06888,-173.44661,0.02223902
5,108.478455,-162.7146,0.036270842
5,151.55191,-163.63597,0.03824377
5,162.85074,142.75183,0.033945065
5,-52.372543,101.97589,0.023115413
5,29.95723,-138.99329,0.021846065
5,1.3479309,-145.86177,0.02869772
5,81.57623,154.94287,0.02413157
5,-105.745995,105.67343,0.019108815
5,-161.12674,36.373688,0.05005812
5,3.9629211,-1.7026672,0.02372096
5,133.50156,-67.80605,0.02509611
5,-174.44864,-66.49786,0.024811398
5,109.19681,-53.39351,0.035633527
5,125.88931,-86.229645,0.027404515
5,-106.85349,168.4477,0.027899109
5,-168.01868,-138.55074,0.034550548
5,-8.156342,172.39508,0.027575359
5,88.44107,-151.692,0.03146293
5,-30.387451,-170.23593,0.021207178
5,104.54489,-1.6254425,0.039067782
5,-116.76905,127.49127,0.026218237
5,87.5957,-6.9549103,0.04370393
5,-80.82293,54.679016,0.031217197
5,-113.1878,-131.6034,0.042471953
5,-170.03687,27.800812,0.035436016
5,-5.6875916,16.048126,0.02977456
5,174.95099,-9.726883,0.03578149
5,142.5318,-170.34958,0.025334707
5,148.59137,-128.65916,0.059598252
5,153.32263,174.87915,0.03180405
5,11.420868,-124.73054,0.033402927
5,3.0044556,1.9266357,0.03920824
5,65.92117,-168.24983,0.036236953
5,170.56717,166.34607,0.037228487
5,-128.38437,159.97217,0.017758628
5,-70.04805,155.30603,0.037432488
5,42.701096,-55.049026,0.029649986
5,-42.135895,168.9104,0.0325591
5,132.91562,-94.91688,0.033152316
5,70.384674,-107.243164,0.03126326
5,95.32303,-15.331619,0.040701278
5,126.209015,-64.234795,0.0268189
5,-164.92749,31.623718,0.018522544
5,-153.93694,-33.330902,0.031360097
5,-163.35043,169.95471,0.034500558
5,-43.3685,-29.480515,0.025830023
5,112.17459,-83.94315,0.016368631
5,33.382614,-11.324738,0.04386498
5,18.070557,-4.3341675,0.089170985
5,-9.86528,4.585556,0.021729115
5,43.77008,-86.443436,0.033275746
5,169.11432,165.92465,0.028644495
5,1.1294861,-162.33777,0.023426399
5,43.296753,-146.23576,0.01914828
5,49.995483,-130.26913,0.016868312
5,-16.49739,131.8017,0.019742616
5,49.760193,-40.582153,0.022182984
5,-53.950897,97.11566,0.020845763
5,-28.572311,-142.83443,0.02591283
5,-164.98915,-24.413864,0.04021922
5,-103.3825,-130.60576,0.02763771
5,177.22711,152.63422,0.06025694
5,12.656464,-155.25163,0.028831083
5,86.923706,-90.60095,0.024425806
5,12.519699,-75.86922,0.023510737
5,173.42786,-174.93614,0.030351438
5,33.06871,-150.90578,0.034919586
5,-48.290054,2.5538025,0.026312236
5,-173.39261,86.64038,0.03718578
5,133.06714,150.17746,0.027641384
5,-115.748314,91.09848,0.041267138
5,172.51437,-102.92521,0.02720924
5,-19.92807,148.456,0.028561492
5,-172.68387,-169.28642,0.036877837
5,-104.9834,139.33987,0.030679323
5,39.27591,114.42093,0.04562547
5,164.74911,169.00351,0.024367243
5,91.4881,-163.48973,0.03340554
5,-0.10134888,-127.7602,0.019806977
5,99.78238,-108.798996,0.02214397
5,92.41333,-55.275154,0.023979174
5,135.80106,126.41904,0.04833307
5,14.276138,161.95178,0.020045778
5,143.58191,-60.39946,0.050122947
5,175.112,-74.73023,0.031803533
5,123.79944,-162.77667,0.036225505
5,-162.45544,166.56293,0.051542655
5,15.005829,-137.61581,0.02257858
5,-44.07057,-172.24786,0.037851147
5,-168.30215,150.97644,0.042285867
5,63.779892,-46.509796,0.025262835
5,-156.21043,19.292816,0.040911246
5,-1.7311707,177.63211,0.020556372
5,178.03711,-176.93484,0.02110685
5,-18.266205,-176.94495,0.02429429
5,105.94946,172.91315,0.01841907
5,9.09227,175.35608,0.030855028
5,-41.501083,-24.796509,0.32288694
5,171.93387,-13.702194,0.047883566
5,164.35272,-130.80356,0.023150401
5,167.76776,-151.94179,0.021759171
5,107.32056,-171.16187,0.026035883
5,47.38867,-170.39783,0.021855418
5,126.86954,-125.88378,0.03177119
5,98.32355,-71.51116,0.031732455
5,22.926697,68.82208,0.028592095
5,-95.41674,-174.13026,0.034793735
5,-71.37538,-179.11284,0.032825407
5,-140.74947,116.55084,0.036095016
5,-34.449524,168.20111,0.024402155
5,149.04791,170.33582,0.034762893
5,-36.32962,69.31329,0.048206195
5,125.2027,23.312408,0.055353124
5,-178.71982,7.452667,0.029534988
5,41.76413,-41.462112,0.045141395
5,59.865723,-43.90448,0.031902295
5,61.66545,9.073578,0.06871319
5,79.99182,-41.043823,0.030211432
5,49.81334,-170.57417,0.049406357
5,112.97287,-148.15361,0.032810535
5,-57.6286,-67.70889,0.023637116
5,87.88754,-139.0823,0.0419038
5,-2.2906647,116.00748,0.025033358
5,-56.898926,161.68207,0.026505513
5,127.84311,-153.5447,0.015131938
5,-72.04498,135.61261,0.02380828
5,-18.008087,-9.664703,0.04107883
5,-77.25244,99.51401,0.049344648
5,-100.29913,27.863968,0.041834347
5,-94.06707,155.04785,0.02759066
5,-160.2774,-45.206482,0.024668843
5,-166.76363,-91.21272,0.038949154
5,120.24292,106.40314,0.032417357
5,109.24304,40.738647,0.0406976
5,177.07922,-69.31308,0.031312503
5,78.43454,-31.067047,0.07399831
5,146.5279,-153.22667,0.034658037
5,96.04193,129.16101,0.025301686
5,134.80286,-71.62351,0.029019557
5,61.291885,-13.891724,0.02849856
5,-53.72664,102.30228,0.037465576
5,-108.96844,70.14191,0.02415395
5,171.17538,132.4382,0.023366868
5,169.24292,63.925903,0.031200718
5,88.443085,-63.596207,0.056796882
5,-151.11195,119.72208,0.025864504
5,-20.451538,-171.87811,0.047270466
5,-159.59462,54.492508,0.037573904
5,47.30066,2.7189484,0.030704455
5,-104.812996,55.9599,0.026099999
5,163.72888,-101.17199,0.037340086
5,173.61127,-12.214935,0.045971587
5,-3.973999,170.38196,0.019012773
5,-66.77606,-178.9008,0.049546428
5,175.03033,85.278656,0.017669367
5,-119.19356,66.32861,0.039423786
5,-0.93162537,-179.35446,0.026140548
5,37.735382,168.4975,0.033887852
5,-32.22516,152.40845,0.02256813
5,-118.64921,119.72937,0.03198617
5,-80.62162,-154.19955,0.054496888
5,33.253143,-118.44203,0.022648491
5,16.319138,83.0278,0.019805558
5,9.474548,-68.85394,0.020763285
5,-134.19911,-166.77066,0.02527657
5,10.649551,134.71295,0.03433958
5,102.12338,-149.80177,0.017435515
5,-58.963394,111.772644,0.028898573
5,-19.75444,15.485748,0.044017535
5,-108.78645,72.83322,0.03484889
5,17.818893,-170.2447,0.018161936
5,31.57727,-12.489685,0.042141575
5,6.3046722,-128.63846,0.040894445
5,71.62009,149.9472,0.026500126
5,-27.818893,125.96655,0.03540991
5,-161.86844,-22.61287,0.02357755
5,-2.1855621,-176.692,0.034877576
5,46.6015,-145.02505,0.036858004
5,52.72792,-93.40726,0.021951163
5,-169.48007,170.05994,0.026015721
5,4.772415,-64.79206,0.031727158
5,-155.78897,56.6774,0.016225614
5,-16.321793,66.46835,0.028575689
5,-128.49327,-54.031326,0.030611586
5,-105.86698,116.45535,0.029825475
5,-83.61677,-142.4886,0.014282225
5,13.280273,-170.23361,0.046818145
5,178.8653,-179.43677,0.02404114
5,-115.92583,73.28592,0.030382976
5,-18.991959,149.77737,0.030030457
5,76.40042,-103.58235,0.02739725
5,-118.46564,32.76819,0.033992555
5,-71.193306,49.857788,0.02106486
5,-5.7788086,-139.86224,0.03253093
5,-94.20214,40.013702,0.026459321
5,-143.28421,151.17447,0.041880157
5,-112.684814,28.624664,0.0344061
5,26.76616,-132.17923,0.025798284
5,-143.35834,160.34985,0.024780558
5,34.477875,116.66702,0.019472083
5,-129.54388,163.3776,0.017155638
5,-3.4920197,172.50488,0.03246307
5,115.15015,-110.67002,0.029932098
5,-168.493,51.36313,0.02225171
5,86.25061,-41.763474,0.034056984
5,-25.427444,7.2242126,0.04412165
5,92.72589,7.080612,0.047016945
5,-126.32358,158.69058,0.024948878
5,-140.5268,-133.55753,0.027966373
5,73.759674,179.04053,0.046792306
5,8.381485,-28.499084,0.021087088
5,133.77243,125.27673,0.019310085
5,-159.57053,-20.016205,0.037222296
5,-144.09758,114.406525,0.021008993
5,-25.313873,148.3794,0.031259988
5,-173.12865,-23.633316,0.018253503
5,10.912445,-120.317245,0.021017022
5,23.594376,-79.75379,0.022517625
5,-141.31818,-124.69898,0.023622414
5,-161.75417,-145.96387,0.029685397
5,137.4831,-96.232185,0.034386847
5,-13.448502,-178.72989,0.03530049
5,34.172653,-157.34613,0.015070809
5,149.84222,-25.027527,0.037317876
5,-9.573151,163.922,0.027040776
5,42.38617,-24.105713,0.03473525
5,-134.91447,129.97827,0.030452698
5,-146.92679,70.66153,0.022537898
5,-114.555374,-88.45466,0.027242849
5,-4.735779,142.68039,0.027284011
5,-99.16035,-83.050026,0.024740972
5,119.73413,72.3689,0.02539579
5,10.924484,-69.28223,0.01612725
5,141.27484,-139.72792,0.021765253
5,64.267944,-118.32136,0.035073172
5,-140.50418,-97.3334,0.031720452
5,43.428574,117.8465,0.04085889
5,-176.87013,-3.5974426,0.05241871
5,-126.855446,113.685,0.05429478
5,-78.86012,55.397125,0.022601368
5,173.58472,175.67206,0.028868977
5,-59.09179,152.28339,0.049156766
5,88.510284,-171.13443,0.024534723
5,18.657715,-12.850708,0.05024779
5,-84.56494,-7.45047,0.0381631
5,-32.490067,-128.92009,0.02482742
5,-24.026627,27.535172,0.021236746
5,141.79056,172.94919,0.019793613
5,-124.641685,145.19061,0.030914888
5,-120.72808,131.48795,0.050286785
5,-16.235764,133.75754,0.029442184
5,-12.340118,-171.27368,0.0349615
5,-17.472382,15.126175,0.04523262
5,-122.89362,111.91351,0.04274649
5,-172.41623,-2.6448212,0.019958576
5,140.88177,-78.27696,0.017938795
5,-133.30724,2.3874512,0.058605928
5,-45.964127,176.08856,0.021766016
5,174.98627,26.602066,0.1698176
5,76.88965,5.3033295,0.037449248
5,-2.1827698,-179.20906,0.026014797
5,50.495453,-26.439468,0.016665442
5,77.489136,81.66391,0.03472981
5,150.7313,-56.867203,0.03068536
5,-93.89568,41.82321,0.032614466
5,-126.59496,37.554306,0.033573
5,-177.31422,172.69516,0.02797448
5,82.18527,-105.9923,0.023122465
5,38.72113,-161.41165,0.026232742
5,73.67169,168.195,0.025174644
5,-53.77945,-171.85304,0.03659245
5,125.29828,-127.90137,0.023525102
5,22.40535,-29.49289,0.020019006
5,-15.734665,16.906357,0.02889256
5,129.39075,-153.83717,0.03046003
5,-143.28304,21.67157,0.03323438
5,15.931992,-172.04478,0.046535295
5,-167.792,-61.042816,0.033458322
5,148.79895,-101.191055,0.03551469
5,-22.81723,100.78137,0.033946376
5,84.80792,-138.15158,0.032141764
5,-166.30003,53.90027,0.03020141
5,19.581787,-171.56857,0.022755777
5,-40.757584,83.979065,0.023106137
5,-172.72662,-179.7284,0.02667342
5,-5.759247,148.35968,0.026430143
5,-128.21106,145.9172,0.028931322
5,165.33923,-53.06047,0.024227368
5,-25.302872,-73.3498,0.020477764
5,-87.563934,-175.68166,0.02440823
5,-153.96545,155.47995,0.022332575
5,-149.7842,179.45807,0.0323037
5,-170.65189,28.02301,0.017132841
5,117.512146,16.571564,0.04485068
5,34.297333,-123.054665,0.026086597
5,10.546127,-159.6931,0.047497246
5,170.13922,-131.80371,0.028950965
5,132.29077,33.748383,0.02150368
5,129.46179,-96.991425,0.033039663
5,-175.36864,-22.26181,0.03472026
5,5.454544,-159.76833,0.0239724
5,-10.868561,141.31873,0.01929014
5,1.2421265,162.11536,0.021986365
5,-4.571411,-168.234,0.026465384
5,29.207886,-32.582718,0.041678164
5,141.37988,69.56288,0.024211647
5,25.481873,-163.6926,0.026659003
5,12.392441,-134.76274,0.019869786
5,-58.184845,117.60043,0.027667081
5,-150.5651,-107.98791,0.03138433
5,67.54074,-111.51899,0.035236325
5,12.202957,161.74945,0.025327018
5,-162.85574,36.866272,0.021066098
5,-7.74794,162.25113,0.029726952
5,17.342133,-108.031555,0.026024126
5,27.442078,-154.02554,0.029315662
5,60.989883,-61.740578,0.024015497
5,92.65997,-137.42534,0.032805298
5,109.239075,-104.028076,0.0147427805
5,-119.04122,-22.118393,0.037719257
5,91.92197,49.640503,0.036003835
5,-45.641235,-179.10312,0.022066215
5,-151.39977,-135.24828,0.018511811
5,11.735016,150.39688,0.03329122
5,16.8199,148.52863,0.026399318
5,39.404495,-97.267815,0.021703508
5,-19.745956,1.1103058,0.042167697
5,6.250244,-114.7692,0.026694369
5,-14.05748,156.13324,0.04075522
5,65.65259,-173.07532,0.030478278
5,158.9335,-141.96996,0.03717895
5,172.6112,-137.09038,0.020371875
5,-176.70973,-16.10205,0.0215749
5,-25.05574,-75.35258,0.02061714
5,127.37158,-93.865616,0.028096369
5,136.10727,-157.45566,0.021594966
5,71.431946,122.48743,0.04574401
5,-167.97168,80.651215,0.025605764
5,-22.392914,150.10605,0.025995716
5,175.60928,13.065155,0.02127912
5,111.14307,13.343552,0.034585297
5,-139.88489,-177.34737,0.04073455
5,161.62946,-10.686905,0.049732897
5,104.26776,-111.24568,0.03519388
5,-28.572906,78.45059,0.028447827
5,-98.37371,54.333954,0.028959865
5,-14.917786,151.8783,0.033867665
5,22.733688,-33.13307,0.017524626
5,137.42523,-158.91887,0.028647803
5,-28.96135,166.52338,0.044352993
5,-130.19676,34.246902,0.04175454
5,160.34735,-54.083504,0.048403848
5,127.62952,-80.35753,0.022258744
5,-25.55664,-174.82352,0.01721401
5,148.67328,-69.902145,0.025647618
5,-117.21651,127.065155,0.035032626
5,-57.014626,124.65228,0.02241817
5,16.910217,-153.21481,0.026905794
5,-76.61647,-158.83296,0.03865715
5,-78.664825,-114.12216,0.020014191
5,-122.964584,-159.64311,0.02423602
5,-109.5464,96.12097,0.043495867
5,-174.68408,-1.120285,0.026185194
5,103.14703,4.9522095,0.04168529
5,-147.0437,97.35977,0.049476165
5,-17.822372,158.74786,0.014682512
5,147.21075,128.0968,0.025104377
5,-14.415665,71.445435,0.025456445
5,23.172684,14.295166,0.03267847
5,-47.259857,121.70889,0.017731173
5,14.788239,-174.72531,0.02464312
5,32.050903,103.44287,0.033916537
5,70.42404,-85.26608,0.022709234
5,0.8961487,-102.469925,0.051366094
5,4.5977783,132.27698,0.028634928
5,-2.9849854,15.658569,0.04687305
5,-33.92453,169.43628,0.032191038
5,131.17453,152.17154,0.044233125
5,-129.46834,155.94379,0.04769795
5,5.3987427,96.98074,0.030033251
5,-147.0991,162.8501,0.03687277
5,150.2453,-46.491867,0.02720823
5,129.30951,-90.57633,0.028186517
5,-47.332275,51.867233,0.019576147
5,156.93619,-19.464844,0.024331776
5,171.14453,-22.295456,0.032845754
5,162.14917,-151.98605,0.04796567
5,89.84085,-57.398254,0.027750932
5,29.066528,-129.63118,0.021295674
5,35.3723,-108.64186,0.019221839
5,-32.80475,74.773865,0.02401445
5,37.85617,-157.46957,0.020932218
5,151.95938,-158.60245,0.020685893
5,-87.84587,80.00006,0.033147078
5,85.31772,9.273117,0.026320037
5,45.817947,-40.132614,0.027286049
5,-4.1585846,150.31879,0.03926135
5,122.46533,32.707443,0.025968466
5,-172.62721,168.32526,0.02179833
5,13.560242,1.636261,0.032560587
5,-5.510498,-158.00194,0.044415873
5,-177.06496,-171.47862,0.021485528
5,151.32361,-148.8075,0.01995111
5,90.56552,-119.63292,0.027113153
5,-75.7598,30.942093,0.026890371
5,-140.812,171.20966,0.03891378
5,-148.42986,18.614914,0.023118615
5,5.597946,-16.145828,0.06603326
5,-140.66107,139.78836,0.018839939
5,-98.02323,147.75653,0.01851095
5,74.34439,-62.39875,0.029534495
5,-171.40466,-115.5311,0.030342234
5,112.9671,-149.10347,0.01780477
5,-164.33522,177.08649,0.02014191
5,-6.264206,123.36435,0.024483811
5,154.36035,-158.05927,0.023639936
5,-47.22046,146.3161,0.022309098
5,4.7185364,-150.73361,0.02444377
5,-31.166397,171.7084,0.03407846
5,89.61401,112.97266,0.019631946
5,-168.08076,94.88797,0.04757793
5,-93.55333,40.256485,0.038463805
5,-104.79444,-168.19002,0.02102811
5,-117.81876,82.78821,0.036099263
5,-8.145477,135.66702,0.024300225
5,-160.60043,156.17044,0.026706286
5,-159.12138,-179.85793,0.04319809
5,61.457855,-156.45244,0.030499259
5,-50.303223,20.339035,0.030262498
5,46.12184,-178.12724,0.023514777
5,165.4541,142.4346,0.048741356
5,-65.478065,126.26355,0.04232469
5,13.744659,34.867996,0.031026926
5,45.52559,-55.841698,0.042576604
5,11.58696,-68.269714,0.031146323
5,-80.90927,139.6218,0.033996373
5,-125.45867,-79.32791,0.038385164
5,-116.33067,37.049835,0.037716545
5,34.07341,-22.979279,0.040563703
5,-73.36239,96.55261,0.026440479
5,-8.676636,135.51996,0.030105017
5,-136.38353,6.429001,0.041176867
5,142.49133,-34.589294,0.027857212
5,-57.61783,36.55716,0.03443305
5,10.843033,-156.14247,0.017572407
5,122.01581,163.38599,0.03342871
5,146.10861,-143.05753,0.03225232
5,12.3025055,-2.0065918,0.022018572
5,-106.31785,-156.47871,0.03897873
5,159.30176,-38.264435,0.026192188
5,122.21652,-126.99401,0.033597045
5,-11.289368,-172.47073,0.024714675
5,122.36978,-124.5946,0.020283656
5,-169.85062,177.55792,0.022526946
5,-51.175644,137.33621,0.032277018
5,-129.2558,-0.26226807,0.0362152
5,107.48224,119.26578,0.0644973
5,138.7113,-101.91978,0.039700598
5,172.02032,110.786255,0.024350302
5,68.75372,-104.54873,0.0409227
5,175.73688,130.33655,0.0365096
5,147.0857,147.12482,0.037449963
5,-51.042145,50.761505,0.03887098
5,6.673294,171.36206,0.042638954
5,-100.74413,23.42067,0.03835944
5,-20.069214,4.3142548,0.02931872
5,1.2925873,-155.5651,0.023344645
5,-12.216644,47.896225,0.03212473
5,-20.806396,133.03378,0.02764151
5,-3.4908905,172.64447,0.01789506
5,173.17328,4.1645966,0.030648075
5,-85.54488,61.98668,0.04909599
5,93.23834,-61.485184,0.03289073
5,-22.033508,147.32971,0.024897952
5,60.14598,-108.36166,0.02391305
5,159.14075,-28.147629,0.04136168
5,-3.1157074,-168.72589,0.045047436
5,-29.571442,93.14349,0.015075852
5,-169.47609,-76.36347,0.03304483
5,11.989517,-53.73786,0.042318925
5,111.74414,-69.93869,0.033082157
5,-58.67581,114.8638,0.04266584
5,82.26819,-131.24043,0.02703436
5,102.92078,-85.97658,0.024469659
5,-6.193695,127.06061,0.022365237
5,42.62863,-171.53058,0.031477842
5,29.846466,-105.42491,0.019628244
5,170.2887,-143.59486,0.023106417
5,-135.76451,-23.705597,0.032922495
5,3.5320435,-169.1921,0.023046663
5,11.199142,-170.28358,0.04421957
5,16.777466,-5.463318,0.025685007
5,-70.94275,117.793274,0.03220539
5,36.724686,133.16522,0.029027147
5,-161.2402,32.44156,0.043623686
5,5.5045624,76.60861,0.027109755
5,46.07007,-111.339485,0.0273133
5,-149.99321,-153.18677,0.017329896
5,-117.24485,120.81198,0.021380749
5,3.750763,151.99551,0.032005142
5,35.80185,-146.41328,0.031166248
5,75.144394,83.51434,0.023125986
5,174.46878,8.533936,0.016322969
5,26.67546,-175.39447,0.035654996
5,-160.08582,160.2749,0.03991384
5,177.8902,-178.9691,0.034147702
5,-164.08249,-142.58696,0.027566416
5,-120.397575,127.70227,0.021024927
5,-52.220543,169.23499,0.027910091
5,-161.33945,7.0834656,0.0434765
5,46.308212,-81.84959,0.03192864
5,-35.45642,-172.23756,0.046636768
5,-148.55597,84.09912,0.027399322
5,144.80597,6.2870483,0.03248877
5,77.776215,-45.519485,0.019048955
5,-35.21556,147.75897,0.025540765
5,12.7647705,-119.242905,0.02084911
5,-107.12881,-77.825134,0.025927484
5,-35.05858,31.725723,0.02514028
5,140.79968,2.1033783,0.019002626
5,147.91278,172.91467,0.031927284
5,46.08931,-147.90204,0.022285173
5,-28.3638,-153.88428,0.033423252
5,-81.1856,73.63675,0.0342218
5,-169.24326,4.748337,0.02040818
5,117.23355,-16.691818,0.027382938
5,28.336334,-116.15825,0.07609069
5,-90.25867,136.73785,0.02049622
5,-88.8177,-150.5017,0.028100895
5,-153.6633,49.436996,0.03267071
5,12.145065,-79.586075,0.020811168
5,-20.754807,49.593613,0.022128152
5,44.094666,-71.905754,0.044403847
5,159.04156,133.16019,0.030504309
5,-129.54648,169.0918,0.017036334
5,21.039734,-132.88603,0.016574172
5,-156.47714,161.49078,0.05650201
5,27.402847,-9.045761,0.025779529
5,-0.57603455,-150.12119,0.027686104
5,-51.592102,-106.097145,0.023835901
5,-122.94296,66.96318,0.024889812
5,-52.43773,6.7654877,0.022351213
5,156.77988,-160.9669,0.015728157
5,-162.10002,9.4895935,0.033229247
5,166.33627,-126.44125,0.03348387
5,-38.619507,27.138306,0.04790272
5,174.96066,169.57932,0.029806133
5,-33.060684,26.68428,0.031804018
5,-15.522888,118.605225,0.027065527
5,-55.02939,3.4625244,0.0309403
5,169.81302,-131.69408,0.026516449
5,101.157074,-145.05531,0.02931009
5,147.8587,22.284683,0.035797253
5,-84.702415,-179.95251,0.028897325
5,-52.501434,20.359818,0.038193308
5,-2.046585,-64.44005,0.030708423
5,-31.050476,173.10208,0.023694975
5,174.57867,-156.6757,0.030084433
5,-97.480415,26.479355,0.032660257
5,-123.21086,92.358185,0.030694189
5,-17.445618,22.615845,0.040830575
5,58.690063,155.83484,0.049696684
5,-150.74352,139.96243,0.032765206
5,-51.667282,-45.789337,0.032746222
5,-153.93945,171.1593,0.030185193
5,145.30661,-159.69922,0.031710375
5,-54.788383,85.19467,0.03309407
5,18.546204,114.07269,0.03477566
5,-5.3532257,-31.535095,0.024081439
5,-142.25566,18.016907,0.043351807
5,92.58475,120.65314,0.035241134
5,0.34094238,-170.7246,0.031811327
5,59.25598,-48.380127,0.022709936
5,-174.67455,-174.05388,0.018399196
5,-155.88083,66.96304,0.024976011
5,15.110077,-74.4534,0.022745231
5,-169.02151,169.51276,0.028880235
5,-0.9147644,164.82904,0.02679615
5,-14.290131,35.723984,0.059259057
5,-32.38907,18.71347,0.03202858
5,-9.341324,-5.0429535,0.03247333
5,48.703705,-122.740944,0.029852921
5,44.591812,-126.101585,0.023054266
5,-33.858902,-31.174683,0.027962102
5,12.715958,-51.886185,0.034406655
5,2.3930206,-91.34378,0.02685881
5,54.069946,162.25665,0.029862864
5,-29.208557,-87.02019,0.023804702
5,-123.59803,69.985794,0.03813982
5,5.741287,-177.29105,0.027930552
5,-99.568344,28.992477,0.023058252
5,0.13781738,65.806335,0.02945966
5,60.689087,-0.86479187,0.033719283
5,13.154755,121.12305,0.03950092
5,-121.259766,23.969482,0.041510124
5,-33.978607,-158.69139,0.023413036
5,-179.48721,-171.82562,0.061502155
5,166.96198,-145.57611,0.034480594
5,-11.193741,148.01498,0.020855282
5,-74.33196,-74.63085,0.37476653
5,-59.65731,88.478455,0.035508484
5,107.59412,178.08746,0.03152789
5,-158.58275,108.41708,0.032095227
5,52.11841,-73.88877,0.030374222
5,-173.46107,17.03453,0.019792963
5,122.846466,-32.20099,0.052728772
5,12.404419,-75.775154,0.018234147
5,-85.489876,-115.1489,0.015021245
5,66.90668,-68.76121,0.038445506
5,14.841248,-94.80801,0.032260545
5,101.221375,-85.89125,0.024347302
5,-118.42198,16.362473,0.02904694
5,1.9856262,-71.52668,0.09982555
5,-162.74397,-155.80835,0.022012977
5,-47.411682,136.24756,0.030855795
5,97.764465,-82.848114,0.04213003
5,-20.565414,152.3385,0.033615857
5,143.98056,-110.40708,0.030159274
5,-36.081512,47.796417,0.029623782
5,20.52031,-142.70692,0.03158719
5,112.63248,4.173172,0.0136507545
5,171.7283,-111.70451,0.041213155
5,166.76642,162.93503,0.027013429
5,33.24408,-149.2407,0.023730218
5,-162.30449,29.251251,0.029545525
5,-120.805595,95.11432,0.029919926
5,-152.70764,-160.82715,0.02370855
5,-73.18052,22.331253,0.02465256
5,96.86859,-148.90973,0.021882605
5,90.414185,156.85175,0.024381531
5,27.368042,-130.92882,0.0349581
5,155.8125,-164.26784,0.03623511
5,164.31781,-37.67328,0.03435496
5,-63.519867,9.328674,0.03153502
5,-95.96674,34.49286,0.06748981
5,-161.35982,147.00372,0.048476696
5,-24.661942,-154.51758,0.05373669
5,-115.471466,158.31299,0.020014595
5,39.739838,-62.36058,0.025271438
5,-146.94849,18.313965,0.028664181
5,96.32535,-56.46396,0.035346653
5,95.11957,61.289597,0.021474147
5,129.00296,-169.52408,0.020952292
5,-24.331345,165.33209,0.04198548
5,171.05615,15.175659,0.039588466
5,-24.976929,-117.44081,0.029839512
5,9.025757,-130.41013,0.01604119
5,-158.57367,69.99872,0.021554854
5,-67.91171,58.001877,0.026055088
5,43.998093,-112.81101,0.04462667
5,158.6199,-147.63904,0.025448876
5,-17.265427,9.721664,0.027705256
5,-162.4624,113.76007,0.037618484
5,-160.18524,-2.575119,0.026315311
5,-4.9262543,177.30917,0.03417436
5,-15.352005,152.06415,0.028098825
5,-175.51497,-19.217316,0.018648036
5,-80.56651,-56.01059,0.030080764
5,0.29086304,-150.52005,0.05726978
5,9.960175,-157.0313,0.023505962
5,-7.3222046,151.57901,0.013140075
5,22.994843,-177.12311,0.04847914
5,-116.08423,168.27686,0.026812123
5,60.742264,-33.744934,0.032605525
5,-102.15808,113.60062,0.039742272
5,-3.0240479,26.285004,0.024259944
5,156.3768,-177.95366,0.018318554
5,65.081604,-62.527565,0.030243179
5,47.14183,-73.346375,0.07741911
5,74.10449,-126.17437,0.034734514
5,77.23505,-40.018295,0.04825806
5,24.181183,-97.55429,0.02017535
5,-40.742157,144.75589,0.020115342
5,-142.03204,165.45331,0.016492287
5,-165.42499,42.003036,0.03932283
5,157.87308,-14.021118,0.047408894
5,-113.9669,134.40552,0.02781818
5,-14.570847,166.48102,0.03749061
5,69.754166,-124.52068,0.027706904
5,16.129562,-88.25595,0.031645127
5,100.65936,17.574432,0.044445537
5,-68.62421,123.24066,0.019870276
5,39.71826,-177.98166,0.024567004
5,-100.58913,-78.662346,0.033379283
5,-138.22716,58.77092,0.050673727
5,12.116135,168.3071,0.029666377
5,31.212158,144.56265,0.0333107
5,-131.78328,85.61365,0.018604683
5,-152.58536,88.779816,0.03520455
5,128.3469,-84.26381,0.034727816
5,-132.29036,44.87796,0.022976886
5,-118.71873,-171.92442,0.027263073
5,14.423248,78.26453,0.022038553
5,-19.988892,169.44574,0.0342128
5,102.243256,14.248871,0.030999687
5,-59.080917,111.32489,0.049847458
5,-80.24525,146.34338,0.026312107
5,40.505356,-89.2176,0.023874994
5,-121.2521,-124.52293,0.022116328
5,-32.774994,10.613663,0.06715164
5,167.9732,-22.143784,0.032309446
5,12.84082,122.40903,0.016011138
5,-24.861115,118.4787,0.019996153
5,-21.8405,-36.711945,0.030331045
5,-96.53762,152.17883,0.048586033
5,163.71011,-17.264969,0.022632748
5,15.488815,-113.39574,0.060351107
5,147.47565,-169.31853,0.025605317
5,-76.24196,41.805176,0.020366432
5,-167.6538,165.95023,0.029971834
5,88.865326,66.48871,0.061930675
5,147.68265,156.39307,0.02741527
5,135.10931,-48.531128,0.045432538
5,130.01648,-136.31052,0.031430174
5,-142.83559,42.398422,0.04418331
5,6.551605,-97.86099,0.028230982
5,-5.4429474,1.8610077,0.0527401
5,-177.38194,-89.51265,0.01584523
5,-1.1864777,39.034332,0.05103198
5,-175.92531,-98.3619,0.02050921
5,18.616913,-151.00027,0.01623175
5,-145.66888,-114.594696,0.02263899
5,-106.22816,156.19345,0.020606529
5,176.13385,-172.5765,0.029309982
5,-162.35664,-106.077965,0.046373997
5,-7.678177,164.00305,0.026856551
5,127.52286,-116.81627,0.034054972
5,-171.36948,1.8773651,0.023040902
5,76.75464,-75.35967,0.042701907
5,113.65848,-79.23355,0.02321878
5,88.453735,-114.44838,0.038560875
5,-5.71994,128.5503,0.034202866
5,59.893127,-85.56377,0.046415467
5,-6.3451233,-179.48488,0.021355357
5,69.84567,-106.16079,0.035085108
5,0.8128662,63.187363,0.022208225
5,-172.44638,90.24899,0.047018714
5,167.92636,15.217514,0.02781249
5,22.665558,146.72964,0.04151924
5,-161.32407,85.66028,0.029563205
5,31.092316,-153.77965,0.024415625
5,-83.8731,57.360016,0.030590829
5,8.253265,39.949738,0.02358761
5,-178.76807,-128.65625,0.022866616
5,-10.225296,3.47995,0.023807332
5,-63.45204,-64.0015,0.035024997
5,162.43158,-149.35774,0.032317482
5,135.07852,-111.432396,0.025160816
5,31.161224,-160.27226,0.030886957
5,-47.347,47.64821,0.04433683
5,24.91719,82.46887,0.02659274
5,169.82593,-1.248352,0.034087848
5,33.51088,132.11261,0.044384897
5,141.32684,115.20856,0.03794382
5,-38.675476,171.03165,0.021949602
5,57.9924,167.59174,0.04546721
5,-150.5658,171.52496,0.03594455
5,169.90363,-45.062164,0.024474135
5,120.49292,-52.507492,0.043861344
5,-44.281235,-1.848877,0.030096235
5,-1.8387909,160.42963,0.037367076
5,-108.40532,162.02869,0.025089836
5,-133.30777,-103.54096,0.031822775
5,-79.91165,103.550385,0.049759664
5,166.79758,71.85538,0.028511753
5,-30.983795,-156.76071,0.027326865
5,-106.74813,110.01904,0.022535872
5,-40.072662,32.0197,0.04120674
5,152.95154,-134.57895,0.021708906
5,161.02063,-125.36344,0.052104957
5,145.33203,91.34778,0.023544304
5,79.417206,152.06519,0.0217359
5,-174.41315,-129.46214,0.0457593
5,-132.04324,-103.38819,0.030948307
5,30.341629,-31.194733,0.061172053
5,-167.29195,86.52496,0.023081074
5,-18.135696,28.783295,0.02566719
5,-43.053467,132.62631,0.044449687
5,174.13055,-156.4908,0.027625008
5,-139.3266,-56.0215,0.028914988
5,-44.782425,50.49846,0.024424016
5,92.93533,42.25284,0.024986874
5,-4.5972443,22.81923,0.046169948
5,-175.7639,-58.09423,0.028332535
5,-156.02156,15.255432,0.02733687
5,80.32941,-96.91091,0.027492566
5,-140.08235,36.81395,0.038436607
5,89.00238,-169.8156,0.024593294
5,-10.2886505,-119.754745,0.032666493
5,-12.157043,57.102142,0.028000018
5,107.062195,-156.91455,0.04377466
5,-25.845215,136.54184,0.020833516
5,-90.645256,-144.9252,0.02754619
5,69.63904,50.443573,0.025688512
5,70.42801,-100.280716,0.035241056
5,-9.69075,-15.535599,0.05126491
5,34.59929,64.28119,0.020461354
5,13.765381,-172.29878,0.029047891
5,37.872177,160.44315,0.022642223
5,-32.616974,107.62958,0.042923145
5,157.20944,164.53418,0.011083318
5,-97.546524,94.17819,0.052476075
5,15.62558,149.67355,0.041480027
5,-31.115967,31.23291,0.036002085
5,109.476135,-85.47079,0.030187037
5,143.38232,-75.51217,0.025600595
5,127.197815,-152.44695,0.040635042
5,-174.47945,-73.57853,0.029266527
5,-167.85481,-175.82446,0.048034318
5,-7.6631317,-68.36928,0.035782274
5,55.22383,-143.01987,0.028271822
5,-163.84901,154.06467,0.020273859
5,-128.04286,110.02411,0.031520054
5,-153.89253,-61.8405,0.041294504
5,-151.13652,77.53177,0.026860068
5,128.36243,12.929169,0.02511155
5,155.09088,-76.43393,0.036422286
5,-5.345413,-165.56085,0.030963719
5,-172.21542,171.1484,0.03823472
5,106.217316,-170.9558,0.03616372
5,-122.559135,42.460556,0.030697526
5,-14.969421,39.263214,0.021387164
5,-82.452805,138.07617,0.030123478
5,148.7091,-42.83246,0.024595404
5,179.13937,-153.5639,0.026326831
5,-164.63206,37.461792,0.056860182
5,160.5763,-59.066727,0.020043902
5,-157.80978,22.323318,0.023092827
5,5.6613617,-173.64948,0.050236333
5,-145.71083,82.19687,0.06257811
5,-173.93094,-17.356567,0.080491185
5,32.286865,135.78766,0.023465695
5,107.36679,-95.69367,0.022318024
5,99.16986,30.628662,0.04373663
5,177.1258,-164.98615,0.027934188
5,27.807053,-83.31869,0.024194788
5,-18.971893,148.53995,0.032247696
5,-148.94916,-156.37375,0.020630132
5,47.331573,137.88098,0.022928314
5,-47.09192,147.20825,0.028855786
5,-0.59088135,-62.09088,0.054251757
5,-6.625534,160.64343,0.021519568
5,-142.40395,7.3849792,0.020589959
5,165.48578,158.40906,0.050410032
5,-30.88974,74.90054,0.02844583
5,25.057571,-120.48032,0.02719544
5,-12.546524,-170.00194,0.028534299
5,-155.59077,136.28485,0.04205217
5,11.88942,-175.11401,0.028876318
5,-34.446564,-133.67583,0.04159618
5,162.06036,-175.37428,0.029268553
5,29.060242,-101.08001,0.028311962
5,-16.230042,38.8649,0.019296689
5,-107.20908,91.90253,0.048535556
5,-60.7183,128.92981,0.02947273
5,133.25488,-136.20952,0.031940512
5,55.663086,-133.28403,0.031864125
5,-12.735123,123.5007,0.048555154
5,172.26987,81.34061,0.035137758
5,17.324432,-11.057297,0.040669814
5,17.662735,134.65942,0.030119278
5,-53.621628,176.25775,0.011629634
5,55.227875,113.58478,0.023909297
5,-0.84254456,-131.02792,0.030041056
5,97.287415,-22.647568,0.043367445
5,12.802536,-68.50391,0.034158666
5,-170.45947,-162.36902,0.016689619
5,83.800415,75.01288,0.022770712
5,7.632614,162.72241,0.042537026
5,157.70242,53.02916,0.022696333
5,-169.2054,47.88243,0.026260031
5,-0.32048035,158.0387,0.031163804
5,-58.482132,106.65802,0.034561038
5,-18.466568,26.943146,0.021821782
5,-60.8788,94.80289,0.0232264
5,11.968903,-13.811279,0.031166162
5,6.6951294,-94.06416,0.023656217
5,-145.18077,-151.15161,0.021909624
5,-31.596375,-177.66913,0.02046084
5,-76.96975,36.62552,0.034063797
5,0.7438965,-153.07344,0.016035356
5,-145.78691,53.169662,0.038931463
5,178.284,-161.70326,0.058651697
5,60.240005,105.91379,0.042945303
5,145.19489,-135.38995,0.037208606
5,-92.76657,124.13974,0.024734013
5,105.89218,-142.65068,0.019783864
5,165.41476,24.61435,0.46661806
5,-11.478638,140.6254,0.03710922
5,119.3143,-72.73024,0.038763158
5,40.00876,-166.48561,0.027055008
5,42.031845,-119.9593,0.029332284
5,-145.90538,-150.01782,0.05317024
5,72.8374,-119.5954,0.05684648
5,169.38104,-18.112274,0.027002381
5,-144.89883,123.650116,0.037153743
5,-133.79158,74.233154,0.054263566
5,26.368195,-66.84446,0.020571176
5,-176.26715,170.00827,0.027958807
5,156.23764,-44.97789,0.016307289
5,16.49028,-153.39134,0.03953822
5,-59.52823,-114.48744,0.04275597
5,28.310516,40.422607,0.027665652
5,-170.96611,-4.296982,0.04280636
5,-9.072128,-174.0698,0.025029337
5,76.03079,-111.96553,0.062723614
5,60.679504,-117.65843,0.042352322
5,115.18887,-148.83182,0.030057408
5,-62.75653,162.807,0.033439644
5,-13.784409,-18.205154,0.046260294
5,-22.569977,103.12021,0.013536059
5,176.91498,-64.84841,0.053890426
5,-78.24078,147.49277,0.034498025
5,-70.75563,142.68857,0.024742825
5,-16.462204,-173.90594,0.022039404
5,78.44879,-148.92172,0.032408517
5,66.895966,-69.290764,0.039823584
5,28.341934,9.056274,0.04429322
5,-163.60254,-121.176704,0.027349126
5,-25.92743,125.52902,0.025934547
5,6.770172,-177.35432,0.03708523
5,-167.7079,123.797516,0.024259321
5,-144.32298,145.71109,0.017499363
5,175.34512,-41.35025,0.021688217
5,138.60675,-113.30187,0.03946326
5,-73.573044,46.270294,0.031102687
5,27.554016,-141.0124,0.024068164
5,13.146759,49.01529,0.038141802
5,-105.12083,-6.193344,0.056224696
5,-158.13089,49.625534,0.048567023
5,-61.276787,88.02985,0.027387258
5,-23.32425,168.76611,0.033397492
5,66.17267,-95.41402,0.02345316
5,-64.27777,-73.632996,0.025283594
5,132.07727,-141.46567,0.01654383
5,161.94772,-94.57865,0.039701495
5,171.34924,-1.5207672,0.03176763
5,-26.303802,139.47375,0.28247553
5,-15.4791565,-177.15527,0.077358946
5,16.258484,-172.02397,0.025358157
5,156.14966,-88.88239,0.037899125
5,12.957169,171.60791,0.028405022
5,-175.90134,-2.8886108,0.03447009
5,-13.784607,-7.883545,0.029570727
5,140.33414,105.13025,0.024702642
5,-48.221207,73.13327,0.029647704
5,61.69713,-145.14006,0.020952266
5,-1.1791992,121.487915,0.044528086
5,112.0412,-119.69588,0.023328273
5,-153.0539,158.2644,0.030139424
5,-13.335815,80.949036,0.016505558
5,-135.55046,124.05887,0.02370427
5,-11.195999,178.73947,0.032201618
5,4.577759,22.630096,0.029622456
5,15.807922,-163.78296,0.027184786
5,43.866425,144.03412,0.03112284
5,162.80872,-35.785126,0.027848205
5,-13.996521,43.793396,0.02478006
5,176.42633,42.482193,0.038108334
5,-31.956558,-47.374084,0.038843684
5,-18.302338,64.66518,0.024174068
5,98.8876,-103.92445,0.025800463
5,0.050048828,-34.552353,0.02457704
5,-9.340103,-128.30801,0.020980783
5,-17.620346,135.02576,0.038881045
5,-140.68256,-155.825,0.028197836
5,-16.547272,175.29175,0.025626883
5,15.83223,136.73657,0.023232996
5,-11.609512,110.772644,0.028200714
5,3.7900696,31.464325,0.041648693
5,175.7261,86.15564,0.032548707
5,-170.76503,3.790741,0.044871874
5,-80.01417,12.570007,0.03418395
5,130.6561,-172.41588,0.023691807
5,-175.31299,170.92175,0.028545056
5,154.01724,-28.48494,0.025666416
5,124.21716,-69.03461,0.02944549
5,157.2388,-15.358459,0.028236814
5,-30.653336,61.381332,0.027709095
5,12.176971,-125.059685,0.036071654
5,53.300156,-96.40924,0.047417387
5,-175.3777,110.10751,0.02121263
5,-122.06395,41.37863,0.038755793
5,46.537994,-143.46729,0.026296739
5,-16.169846,13.932327,0.03205796
5,17.210434,-75.259186,0.03547668
5,137.97806,160.3587,0.034792244
5,132.4541,-179.46431,0.028624598
5,-46.081085,-27.06305,0.044228904
5,-137.87425,27.59488,0.030230667
5,80.12958,104.49545,0.03775843
5,156.59354,-163.20255,0.025784878
5,-106.784065,-131.4752,0.019969713
5,94.38089,13.957794,0.034336
5,-32.249817,90.875,0.03281375
5,93.1745,143.42737,0.021500034
5,-165.99695,-22.180374,0.03581664
5,-136.33313,179.78406,0.01593913
5,95.7171,177.75558,0.03324687
5,27.259262,123.35361,0.020979434
5,-8.603836,7.774887,0.023542594
5,6.9508514,-25.965652,0.029824844
5,-23.98616,-150.76038,0.036040016
5,43.860107,-104.64959,0.026735697
5,143.30438,-67.52332,0.017467258
5,11.011948,167.40897,0.03849872
5,-169.5199,-167.2206,0.053519174
5,-34.348694,92.55963,0.02434113
5,-165.73969,165.57886,0.019582603
5,-127.221695,145.1995,0.020724926
5,-13.83847,-133.50919,0.028433518
5,-146.46567,121.76901,0.02784132
5,-103.79875,124.770935,0.033108905
5,-165.55154,121.38205,0.015793575
5,-12.6744995,-165.1977,0.02510331
5,171.78284,155.11813,0.023779448
5,-83.3849,-136.13155,0.03346577
5,-43.447586,48.67044,0.0283532
5,7.803314,-63.74356,0.015606911
5,-13.042618,105.96115,0.039749194
5,-5.7247925,-63.44005,0.041227877
5,92.47226,-164.94695,0.030509446
5,-165.6909,136.41821,0.07378261
5,28.611404,-80.84984,0.029895436
5,92.083984,164.67484,0.04012943
5,-112.75491,133.35242,0.020084104
5,-44.399933,144.15247,0.028736586
5,86.535675,88.01141,0.030479643
5,15.505753,-106.29423,0.030415442
5,116.28735,-112.30531,0.026243364
5,2.4601288,151.22253,0.022783179
5,46.732895,163.52527,0.04978056
5,53.038635,-103.144875,0.05277835
5,-63.6407,156.82349,0.025389846
5,-125.26195,45.68918,0.05296213
5,87.24298,-155.3866,0.030090792
5,-46.876038,150.40826,0.032411013
5,158.35321,-33.467728,0.048069134
5,80.64694,-103.261955,0.037686467
5,-107.19238,-149.7812,0.031807464
5,-152.87311,176.84772,0.03787457
5,160.35535,-166.70619,0.032006267
5,-20.91504,27.792664,0.031000588
5,-78.93782,-86.83846,0.040243924
5,163.8768,-20.27568,0.02765334
5,72.86276,-69.28845,0.030535072
5,-23.36856,-115.19985,0.036307048
5,-149.43855,82.950836,0.040685736
5,177.00876,-26.865738,0.031974867
5,117.20969,-45.865204,0.03789883
5,151.16434,127.13541,0.02672898
5,-8.192795,158.85205,0.01995697
5,-166.17464,179.37152,0.04154704
5,-16.428864,-152.72433,0.028538326
5,9.155792,-11.107285,0.018822901
5,126.721344,-126.92603,0.060045242
5,4.7535095,-163.19394,0.065952405
5,-164.7997,21.893066,0.04095637
5,117.41223,166.00867,0.024585359
5,46.295685,-147.89926,0.026432553
5,-27.189377,-0.10972595,0.035624914
5,-30.572922,149.60529,0.028984036
5,-106.24802,-137.0736,0.03447291
5,135.06796,-52.043617,0.29468298
5,63.993927,34.060577,0.02316597
5,-148.52263,15.292999,0.0285463
5,-85.62068,86.896545,0.03126437
5,104.33862,-27.348953,0.02005386
5,-97.70855,128.53583,0.0250457
5,32.735504,-134.39438,0.02131412
5,-110.95272,-49.487137,0.025618214
5,83.08237,34.333176,0.03653086
5,12.072266,153.79657,0.046911143
5,116.78967,-93.91165,0.05753323
5,95.66144,81.6615,0.04611258
5,-29.505615,133.62152,0.032110363
5,37.231903,-157.14331,0.020165766
5,26.515717,-160.97038,0.027861709
5,-148.56422,125.78653,0.041243352
5,-155.64127,178.4198,0.034641698
5,114.823456,-156.80322,0.03826177
5,-52.883987,47.39081,0.030644927
5,-13.292145,48.89888,0.017885625
5,-127.885056,116.22992,0.022329688
5,77.01752,-110.48239,0.046047177
5,-14.357239,44.03598,0.032835532
5,-166.57735,58.566116,0.031811945
5,24.034378,167.40833,0.042133097
5,128.84116,31.731567,0.05434583
5,99.657074,18.527832,0.052190356
5,-12.88118,-163.95013,0.0321087
5,-130.60579,6.4213715,0.026572956
5,-25.662262,89.42502,0.02372914
5,-121.05033,-162.07799,0.04763716
5,175.31851,-175.19926,0.023311064
5,-140.926,-159.07034,0.020358888
5,41.01448,-152.41096,0.016976386
5,127.558716,-124.89022,0.029002236
5,-12.240128,-147.97662,0.029482046
5,-114.386986,29.553543,0.038654294
5,131.76166,90.138,0.0313194
5,-47.96393,158.54547,0.02778437
5,91.24704,63.56595,0.022184784
5,-159.66643,8.954208,0.022983653
5,158.95895,-138.32872,0.03435639
5,-2.3855438,-170.2803,0.03171636
5,-0.02772522,-156.77689,0.0245266
5,-82.41397,-144.72139,0.035206813
5,143.02203,-26.862762,0.018319337
5,45.780228,-160.09045,0.021873904
5,23.873245,-16.91597,0.03160076
5,29.164566,-147.35199,0.043200307
5,177.72546,-51.0365,0.03746709
5,-44.168594,66.09894,0.023377473
5,-146.62056,-84.33351,0.037339613
5,-52.76953,-35.051514,0.028485527
5,-170.90196,173.30542,0.027487928
5,36.376663,-51.195435,0.03186285
5,14.566605,-171.73187,0.025332531
5,-130.13086,-161.97646,0.020639412
5,151.26526,-157.11131,0.02427489
5,-14.027588,149.22766,0.018189121
5,4.2285767,-35.555435,0.032264784
5,-46.811783,57.046814,0.023201423
5,-95.11954,37.35814,0.024543831
5,152.85687,167.75903,0.049425367
5,-113.17961,-126.32375,0.02692888
5,11.522842,119.36139,0.037559003
5,101.74625,167.6276,0.036320336
5,-31.459274,-31.545166,0.041486662
5,-176.4976,15.56311,0.026577555
5,-137.10811,107.22363,0.02243247
5,140.38147,155.80194,0.03015184
5,-128.01746,152.04419,0.031037956
5,140.19727,-145.54015,0.041770305
5,11.61911,174.48029,0.014661982
5,-13.961334,20.0029,0.019748662
5,-122.325134,144.43951,0.018136151
5,-71.18121,31.722229,0.040660314
5,-11.737122,-179.85715,0.037426095
5,29.14952,-75.43805,0.027292904
5,-170.22293,-10.443436,0.021405399
5,113.57062,-127.71473,0.020288246
5,93.330475,-83.17897,0.041442104
5,104.072815,-128.61714,0.031427126
5,-131.75746,178.19171,0.019988883
5,-90.6908,46.569794,0.047356676
5,-141.5269,-152.5814,0.015188603
5,4.9106293,170.63293,0.06534492
5,35.735184,-84.21149,0.042699613
5,-29.41623,-125.69222,0.025839575
5,-35.499725,132.78418,0.02720751
5,69.71149,-158.06737,0.02271891
5,-0.71217346,110.54114,0.045426067
5,1.4341736,133.03485,0.028250808
5,-154.38673,175.43127,0.03490274
5,-61.94937,65.11734,0.045473274
5,-9.027832,-153.59357,0.065038934
5,-16.935272,28.193481,0.033741236
5,170.26099,174.33148,0.02279418
5,-169.053,169.01804,0.031244213
5,2.6256714,42.750168,0.0334856
5,45.46338,111.32791,0.04510911
5,157.1915,145.45972,0.030979203
5,152.03003,-22.75003,0.021110948
5,144.25183,-50.26947,0.044987865
5,119.456085,-10.808945,0.029886588
5,-141.44667,63.44406,0.16682613
5,16.33905,61.207047,0.046343036
5,75.56723,-30.442856,0.0290163
5,-168.90326,81.676575,0.042401016
5,177.48737,163.26974,0.024649637
5,-30.176086,54.063675,0.026323201
5,25.902328,-32.188354,0.037498765
5,156.63458,-152.99153,0.033537216
5,-25.162064,78.22919,0.036168244
5,106.719055,-175.19267,0.04979063
5,168.24414,26.08316,0.037047956
5,-20.536499,142.41626,0.035932086
5,-163.54956,-168.80807,0.038599424
5,22.82315,8.572571,0.028124746
5,99.644165,102.625916,0.04506236
5,96.466125,-90.816605,0.027361074
5,4.9007416,175.48871,0.023842089
5,17.939774,-92.6026,0.023927033
5,167.75879,-35.17566,0.032789823
5,-75.61522,44.247528,0.024585146
5,-106.52073,74.059784,0.026601166
5,14.415207,32.86702,0.019981869
5,-31.474808,30.108765,0.027235681
5,13.328537,13.587433,0.024518566
5,79.68237,-85.309784,0.028680526
5,159.32037,-155.8123,0.043730397
5,92.27017,6.934845,0.057342667
5,152.55347,178.37665,0.051533993
5,-28.621994,168.08182,0.027156781
5,68.32005,-80.98632,0.028942743
5,119.64731,-100.37913,0.042981625
5,-155.0862,43.0083,0.05468199
5,54.178833,-42.43979,0.02003803
5,88.45209,29.888687,0.035653606
5,-0.539917,-179.51276,0.02327289
5,120.2489,-21.496063,0.027492646
5,131.93433,93.52063,0.03701874
5,-40.970123,136.65466,0.022339966
5,4.8019867,-168.9445,0.036689475
5,-122.36037,18.587479,0.05859045
5,-148.79669,161.63797,0.020102926
5,-21.674286,-149.7806,0.024008472
5,-75.4068,-161.65166,0.038608916
5,-165.19485,33.45465,0.03683167
5,0.75901794,-167.95168,0.032040685
5,-140.98544,136.67133,0.021747282
5,23.63475,-20.974167,0.02517827
5,3.984253,-36.430542,0.02372379
5,-140.97624,-7.8643646,0.051638994
5,-18.533081,137.57794,0.042329635
5,151.69281,178.2533,0.03332377
5,67.35605,-4.2662354,0.03605626
5,-46.885788,98.89856,0.0344447
5,-138.01057,66.73578,0.021937188
5,156.25674,-108.49363,0.01686303
5,-55.791397,85.08447,0.040156916
5,-23.397232,151.64062,0.03188431
5,179.97607,1.3641663,0.02646007
5,-49.932693,121.74048,0.019841637
5,-134.02588,-109.2483,0.03840867
5,-83.34456,65.87967,0.03625798
5,3.4618378,-172.41516,0.033518914
5,-160.21875,87.143005,0.033965316
5,-2.8345947,-116.29806,0.018206092
5,-174.73613,-27.978485,0.051182035
5,114.23163,-156.65314,0.025434164
5,-19.323013,157.50665,0.017697087
5,44.803986,-77.2572,0.029243048
5,-16.832504,153.10742,0.03524847
5,-24.23265,168.18857,0.020422826
5,-100.36446,93.767944,0.03143744
5,-160.19557,22.245651,0.020629989
5,-8.383881,160.69571,0.019487971
5,-21.721832,-173.59792,0.021874176
5,3.6107788,-165.6048,0.029284513
5,-7.3211365,140.98718,0.023126539
5,103.07709,-131.98436,0.028466437
5,-27.4366,-122.674644,0.038280737
5,167.7475,-132.23924,0.03231227
5,-58.899597,-141.63147,0.027527923
5,168.75085,-141.6045,0.027236946
5,172.50586,157.0411,0.037426677
5,-15.847153,145.5192,0.03266922
5,-179.6247,4.6676025,0.043239236
5,-84.12651,-127.45664,0.013691374
5,-21.58664,75.33513,0.04673589
5,-2.6558533,-78.42387,0.053733222
5,149.065,-0.62013245,0.03051846
5,-162.29164,39.481384,0.02476926
5,-31.825562,146.37875,0.031090293
5,-103.40076,133.16437,0.032098062
5,156.50067,64.91414,0.030529993
5,-13.878357,149.66272,0.040690154
5,-155.38583,-11.086655,0.01757388
5,-3.384018,22.532257,0.038883064
5,121.33191,-58.05156,0.02548176
5,21.941818,-117.47605,0.03779647
5,2.655548,168.74908,0.031251676
5,-18.46811,139.17181,0.03435095
5,-107.666245,62.341705,0.026394036
5,-167.42912,27.895828,0.03385196
5,-170.63632,177.7309,0.021513414
5,-127.516914,75.0412,0.029282494
5,115.46069,128.92657,0.036337283
5,86.49591,-90.07244,0.029043473
5,-172.21014,128.63217,0.049884576
5,162.16467,153.86554,0.050447755
5,-143.9051,36.920654,0.021207763
5,115.94159,-92.64901,0.03800554
5,29.097488,-112.150764,0.025193045
5,-163.8505,174.11398,0.024666915
5,125.83746,113.09955,0.0485493
5,-166.90898,108.98416,0.025438994
5,-35.789673,-5.6437225,0.031276744
5,-147.28061,-38.337738,0.035422828
5,116.64624,-168.97945,0.037438285
5,174.29059,157.3291,0.028592888
5,69.86856,142.12793,0.028857742
5,100.67377,120.56586,0.061323736
5,-45.72577,149.23615,0.02266352
5,-141.00012,-155.69672,0.02630903
5,131.14557,-22.24472,0.038215
5,76.50189,-22.07309,0.038304377
5,143.26907,-27.9534,0.03978058
5,143.54575,65.439606,0.033624135
5,-94.20812,110.67322,0.05366861
5,-61.805214,85.64215,0.023179097
5,-72.064995,-50.243484,0.038018428
5,124.7106,-127.155876,0.030904746
5,-167.6348,-166.06755,0.019889535
5,156.689,-163.43121,0.02544703
5,177.23639,15.373718,0.061069395
5,88.70111,-134.58212,0.017190516
5,-168.93811,-3.321991,0.024332471
5,-142.87363,73.08426,0.038533125
5,167.3902,-5.055603,0.044130895
5,96.858,-148.8305,0.037264835
5,-179.05342,-113.62078,0.026994597
5,-170.38556,94.212036,0.03826896
5,8.969406,-106.24593,0.023932705
5,85.23505,-80.51706,0.024202947
5,5.252762,137.24564,0.021301355
5,164.73358,72.39557,0.0247923
5,29.026627,-155.76744,0.02277338
5,-119.15555,-146.51468,0.018715946
5,-3.1325378,-148.01936,0.017522661
5,-28.954346,29.396072,0.024093645
5,-121.2591,171.99115,0.028558971
5,-9.782059,169.19037,0.021647526
5,-3.5139465,-177.55164,0.03331676
5,-8.070541,-145.0253,0.05031962
5,15.439941,23.47763,0.032882527
5,20.878891,13.493805,0.02222446
5,-44.520416,-119.91055,0.021453213
5,-169.17857,-162.168,0.03128767
5,52.28891,-14.544342,0.029301798
5,-67.1739,148.80054,0.04536918
5,-110.347885,124.75354,0.042124853
5,-177.72989,170.38504,0.022833474
5,-139.2919,138.26114,0.022282029
5,163.9925,-25.125946,0.028090034
5,138.24017,-68.39668,0.016842276
5,-7.1410675,53.0838,0.020548373
5,-178.41783,24.084396,0.029312091
5,166.92041,-173.2713,0.029393746
5,-59.83513,80.532684,0.052249234
5,109.52115,-98.26811,0.023970861
5,-111.80204,108.6716,0.0340053
5,-49.67151,147.49405,0.045224063
5,-174.58853,32.760315,0.031832278
5,175.1471,136.01984,0.024124378
5,-2.0112,173.23193,0.038557794
5,16.424133,-110.8579,0.019312833
5,-101.07952,126.92908,0.065087095
5,-59.25702,59.58008,0.031535145
5,-23.991028,-144.09709,0.028123898
5,5.6267853,-143.40729,0.025750741
5,-52.173584,-150.49165,0.033839975
5,47.917587,20.485474,0.03734543
5,168.28015,-0.66256714,0.039116476
5,109.13989,94.59564,0.037296318
5,143.2692,173.31458,0.023638027
5,-178.97116,-173.80408,0.022407532
5,-36.07547,167.09598,0.03156133
5,137.4549,-132.47752,0.031949066
5,-84.6765,167.60242,0.036652334
5,18.794678,10.91655,0.041771136
5,-35.295044,-174.12262,0.030415537
5,111.02716,-165.90744,0.062298886
5,109.87329,-111.72554,0.01634321
5,-13.889465,10.979187,0.045123175
5,-75.68195,-151.56363,0.030934803
5,166.85617,-39.706436,0.02518905
5,-147.20367,150.3678,0.03402435
5,140.81595,168.31396,0.015756898
5,-160.28201,167.0346,0.03151356
5,159.555,-154.17664,0.027982436
5,138.18954,-21.679443,0.40147433
5,-132.5725,146.74683,0.038994916
5,119.104126,124.84018,0.023253988
5,-59.342606,166.69495,0.030721754
5,-3.3408356,-105.2449,0.026536895
5,-172.29877,16.21405,0.032687593
5,0.302063,-160.14621,0.022933662
5,178.55759,-162.40265,0.019730277
5,-17.985153,152.54193,0.04226726
5,-121.88709,86.55966,0.038477685
5,-5.4929047,168.23096,0.029495865
5,61.516663,-87.816505,0.026376016
5,-53.738617,142.91956,0.026523525
5,-21.751144,108.848694,0.022704674
5,140.53128,-28.4525,0.026999556
5,-13.372253,-0.4034729,0.02324011
5,13.459778,-134.83061,0.027851902
5,0.1335144,153.53033,0.03115178
5,-159.77875,153.53607,0.029808728
5,-170.96638,112.57126,0.0334967
5,0.9203949,-175.5957,0.019021245
5,-158.43227,166.33398,0.026918616
5,5.709564,-160.09406,0.024628712
5,150.12366,-22.68628,0.021160215
5,-26.894089,75.437,0.031592727
5,86.70868,178.94669,0.02017832
5,8.360138,-179.88203,0.027301773
5,-138.25769,132.83685,0.02095531
5,-91.54838,56.335266,0.028661907
5,-40.149826,104.76611,0.030515952
5,4.605011,129.57806,0.04376736
5,0.48358154,-156.23363,0.041957002
5,171.04279,-95.144615,0.030800592
5,-112.558784,175.43115,0.025006779
5,131.51337,-73.46859,0.040858254
5,162.59482,-21.969986,0.040891666
5,-171.71283,51.48625,0.030917022
5,-97.08613,124.29697,0.032455172
5,88.80496,-54.1212,0.030591127
5,7.595108,-18.43634,0.026836796
5,-30.217804,151.34003,0.04597557
5,-39.068695,44.38942,0.030325953
5,-135.54689,170.78793,0.04142142
5,-146.40665,-24.321152,0.0432006
5,7.3951263,115.868164,0.032493643
5,-65.7296,85.55258,0.019716427
5,71.57959,84.773834,0.017497968
5,136.1112,-89.63095,0.032443523
5,51.341354,-156.71666,0.03335491
5,163.15009,-163.29376,0.04289012
5,109.470825,-89.68484,0.029118413
5,-172.37051,111.36432,0.018123899
5,1.6103516,-136.26869,0.023705453
5,52.83087,-75.81252,0.024718054
5,67.63193,-60.392967,0.040898357
5,-132.83171,60.220184,0.02493066
5,-126.26726,-169.76697,0.012656614
5,-38.227356,71.878555,0.033529416
5,102.38208,-23.702621,0.03867839
5,170.21985,-59.43576,0.024558904
5,-108.08514,127.509155,0.025055269
5,28.800781,-25.444992,0.032829072
5,-9.713776,79.79636,0.034034126
5,100.86139,-104.693,0.027728332
5,59.254776,-40.33734,0.029925954
5,146.98416,-36.29683,0.033610962
5,-17.953873,80.44754,0.092554264
5,116.85965,152.41962,0.039940063
5,64.439224,-141.22827,0.03434408
5,-5.1623535,-130.32146,0.055383597
5,175.22003,-157.56232,0.014571456
5,-4.593704,-39.11934,0.029094828
5,-4.471039,-56.10678,0.021679224
5,-23.996002,127.30316,0.029341616
5,-46.873627,-128.66243,0.02647829
5,-175.97255,-2.7206116,0.021786729
5,141.73355,-72.09446,0.02614408
5,-163.22154,-95.555084,0.028346924
5,175.3623,140.58942,0.040733412
5,-0.2622223,170.61414,0.025678959
5,146.91187,-116.4642,0.028306497
5,121.93558,-164.6207,0.039503157
5,-167.98285,139.7893,0.020983145
5,3.632309,123.161835,0.030596776
5,19.965607,-58.453926,0.031514477
5,-157.38362,29.76767,0.03318988
5,-127.1165,98.165375,0.04778309
5,-172.08499,11.750748,0.038348358
5,-102.2606,154.71368,0.019651767
5,-36.68492,159.17456,0.021959322
5,-100.700584,172.41513,0.033778433
5,-6.9185333,108.362854,0.027017554
5,10.318558,-171.97379,0.045482498
5,-148.23453,153.06104,0.032303553
5,17.7247,-107.235985,0.02626649
5,-4.471863,96.14923,0.025986902
5,-147.88599,-128.75235,0.02955226
5,-118.722694,-153.68431,0.04465901
5,115.95715,140.41245,0.024959182
5,-108.42469,-117.389946,0.03285492
5,-162.91608,124.387024,0.024856688
5,-142.12065,26.431732,0.08864925
5,-20.498627,144.31238,0.036807336
5,153.018,178.62695,0.03402602
5,2.2122955,155.54913,0.043276556
5,-138.3864,161.08704,0.030509545
5,-45.87819,138.7243,0.04456556
5,19.166656,-54.76715,0.041285805
5,-32.489136,104.939545,0.032243636
5,127.10989,-117.31026,0.029856559
5,-1.6931152,-30.026001,0.04639839
5,-65.25039,-88.38608,0.027465684
5,18.806244,-20.54512,0.04025177
5,166.08838,-131.84721,0.024293127
5,116.47833,-18.31784,0.030623645
5,-2.559372,176.36835,0.028872184
5,120.35727,-150.11899,0.014900878
5,27.96347,-164.02211,0.041718405
5,-84.651184,158.36142,0.029211769
5,-150.32808,-179.88974,0.046653032
5,69.59029,-103.05866,0.023515318
5,22.954468,-179.65479,0.0318853
5,-178.98813,133.49594,0.020698711
5,158.27026,-75.117165,0.042906232
5,168.56946,-122.34661,0.023467565
5,175.47089,-161.61247,0.026815612
5,12.560013,-131.8761,0.032132067
5,-167.8385,-3.5308533,0.033119876
5,144.96356,-119.88696,0.029384715
5,176.84393,152.5149,0.02825257
5,-6.244583,-171.84079,0.018529015
5,-106.308716,67.68991,0.048557304
5,-113.93088,117.955444,0.033857163
5,4.732834,-119.18154,0.024059573
5,-73.405525,24.60086,0.028666979
5,-46.471634,86.34195,0.040351395
5,137.50684,-97.42586,0.02700652
5,-143.35823,160.0788,0.042318907
5,130.23166,-91.4185,0.021160543
5,48.80835,-139.03908,0.042498257
5,17.113525,-158.2792,0.024300575
5,117.06464,-135.87099,0.036017917
5,154.94965,100.76047,0.031836756
5,114.49725,35.456085,0.03312521
5,149.18744,-44.841003,0.03550801
5,-104.38542,91.057495,0.035265654
5,36.432495,-41.687943,0.032001495
5,-176.53421,-179.57608,0.017605852
5,6.561859,-2.1287384,0.026820745
5,17.742966,-50.07837,0.027708858
5,168.18323,-120.1277,0.023774242
5,62.1895,-170.78542,0.01860353
5,96.31793,-159.82118,0.020560753
5,-179.0019,173.37619,0.026812186
5,-115.51727,27.734726,0.027769174
5,-89.033966,-133.29327,0.031724393
5,156.28363,-40.490845,0.043288372
5,51.821136,-148.5209,0.036271773
5,164.20117,174.0116,0.044308357
5,-152.30211,14.968597,0.03683131
5,-50.549835,18.62944,0.028687695
5,158.96606,-173.79941,0.036947306
5,-106.75856,100.560394,0.025035223
5,129.12762,-173.39589,0.02386725
5,14.272369,-55.540894,0.026762266
5,2.9935913,-146.85196,0.029353967
5,-179.89557,66.94205,0.051393483
5,-177.15816,-1.5796814,0.020547314
5,-130.56874,163.51135,0.024443813
5,-106.67825,122.492676,0.056090303
5,156.06232,-140.05156,0.04131522
5,16.013306,-169.89459,0.018019984
5,111.42319,132.34995,0.019490385
5,-54.21029,40.301453,0.04652814
5,-20.820312,-149.6384,0.027541365
5,-102.544266,12.210861,0.055211365
5,144.55847,121.50745,0.02813928
5,12.840881,-116.21411,0.027638396
5,-171.82178,-171.91507,0.03008371
5,-156.2031,161.48834,0.04648142
5,-85.908775,-116.78041,0.03074556
5,10.2295685,-166.23514,0.032443374
5,-143.42815,91.47653,0.041025024
5,-95.59287,81.69885,0.034142204
5,79.621796,169.4892,0.026147213
5,79.95355,132.82361,0.024748387
5,178.72626,142.30792,0.024470234
5,170.14148,-169.63788,0.017750133
5,135.60638,-119.61194,0.030468006
5,-152.9151,94.8125,0.024732148
5,-119.44944,78.97833,0.028637325
5,-95.53944,142.84601,0.027571138
5,15.189667,-163.53589,0.03709086
5,26.498306,103.01312,0.022406671
5,-49.390778,-145.78917,0.01948322
5,85.84506,-13.302002,0.047764912
5,-8.045059,159.03973,0.028093416
5,116.206604,-11.942825,0.055267856
5,-121.33556,136.67282,0.023073804
5,-60.515305,84.81491,0.021051118
5,46.794724,-101.567924,0.022248134
5,-127.49543,114.01416,0.031990472
5,-150.43306,130.88708,0.024173059
5,-7.7504272,70.77576,0.025744583
5,-128.32898,67.31032,0.016193116
5,179.59888,-56.396584,0.023375487
5,-143.74733,176.7987,0.0368377
5,14.367218,138.24713,0.055336952
5,-16.320953,173.56165,0.034953516
5,54.957382,-68.86359,0.030370578
5,56.50525,-101.019554,0.016921964
5,-172.65257,164.25293,0.022788756
5,17.838104,-111.97307,0.037045695
5,-169.3635,-175.97688,0.0206329
5,131.24594,-141.4588,0.06799653
5,137.69666,-117.687996,0.040578883
5,127.869354,-137.61925,0.031999312
5,-87.37214,106.36023,0.0212527
5,-143.92728,52.16507,0.022081234
5,122.234955,-118.88943,0.026908835
5,-8.538055,161.53296,0.03119663
5,-17.58287,-145.0659,0.021856965
5,-90.393196,116.42383,0.03564177
5,-41.77867,86.57745,0.026891012
5,112.236786,-93.671295,0.039061986
5,-105.70504,70.65558,0.040555786
5,-1.7467194,54.76216,0.027872227
5,-68.70402,-114.41506,0.054342218
5,135.51288,109.16678,0.026937356
5,2.941986,-171.8645,0.04425678
5,-11.600876,65.602356,0.050528366
5,26.16301,-164.69249,0.03837245
5,21.301544,-61.365555,0.021337232
5,-74.030624,68.05873,0.027020315
5,173.86682,-141.776,0.050681233
5,-61.211014,-144.4622,0.026407074
5,175.84863,-61.37732,0.030102981
5,-174.68547,-18.539368,0.023165954
5,-56.731293,60.15889,0.073173605
5,-38.199158,127.094635,0.023936229
5,-47.569244,4.801758,0.025631104
5,21.203995,-140.78827,0.054154415
5,94.389984,-149.29346,0.023698356
5,-112.77454,-132.17432,0.03787616
5,-93.40612,10.440033,0.041870203
5,-3.9233856,153.5834,0.07001376
5,157.77307,-146.24796,0.023271417
5,-68.874245,-125.1719,0.031169262
5,159.61761,36.549667,0.026172232
5,-162.803,12.777679,0.046394903
5,109.44794,-173.79108,0.03459954
5,6.9107056,-83.16776,0.030715892
5,27.566254,139.87451,0.027815087
5,23.601013,-40.70102,0.024836116
5,86.47415,63.166397,0.034402184
5,4.559662,56.63275,0.026145756
5,119.85214,-95.34637,0.025056416
5,178.07837,86.82538,0.041439556
5,-19.632172,176.53088,0.028784215
5,-16.299973,1.3375854,0.02013027
5,-151.82497,47.071136,0.036245897
5,-148.32565,32.126602,0.019900462
5,160.14764,-124.34586,0.02275103
5,4.6905823,-80.71226,0.033482354
5,18.976654,-137.8635,0.033108003
5,41.28804,-160.02048,0.030588627
5,69.71466,-128.11545,0.036912516
5,83.21338,127.60651,0.0136440415
5,97.920715,175.12177,0.03426292
5,-101.29937,45.41748,0.029669652
5,30.79457,-170.37892,0.02722065
5,47.40042,-172.75526,0.027693762
5,-11.803619,-104.350464,0.022422545
5,100.95447,-107.48489,0.025277952
5,-40.842636,133.51279,0.032178637
5,179.48065,-143.30168,0.04070712
5,62.593628,-117.82643,0.03347217
5,-99.677795,-74.71232,0.04003985
5,-137.39014,-163.63756,0.033090115
5,0.29377747,177.98666,0.065892555
5,-171.21869,89.63547,0.044130825
5,-102.66703,35.52565,0.048311085
5,110.87869,133.75351,0.036208082
5,43.84633,-111.55072,0.022716194
5,-43.075897,16.210846,0.033798136
5,110.37912,18.966553,0.034689747
5,-168.34908,57.635345,0.025757939
5,41.23384,-146.61667,0.046382297
5,175.45734,-86.85069,0.028420852
5,121.988464,122.300995,0.09570487
5,-85.3499,-80.89201,0.027046638
5,19.394852,-175.40149,0.054774318
5,-7.2451477,155.92465,0.039888848
5,150.51611,-128.37572,0.03526679
5,133.81378,-10.207489,0.036411937
5,-20.906235,-179.67719,0.028772756
5,143.49133,-115.80992,0.054380354
5,-16.280289,98.25787,0.027434317
5,-3.5184479,37.39984,0.027658397
5,-158.52025,146.37634,0.03023045
5,-11.109131,-38.10527,0.042288814
5,150.71127,35.39261,0.03312417
5,20.258362,-139.8022,0.037740644
5,-177.3007,-21.015976,0.02072011
5,146.25278,-76.856346,0.033340573
5,2.784256,-162.6215,0.028338766
5,48.363754,-110.08068,0.045631945
5,-46.54297,131.00525,0.028651467
5,-132.0172,115.13019,0.030856026
5,79.62915,-174.36917,0.033514153
5,-35.36496,64.7986,0.032705784
5,-110.20183,165.09784,0.027814493
5,37.49756,-150.60243,0.023204934
5,-111.48012,-176.64087,0.042871274
5,-158.62454,17.113617,0.03369852
5,-49.50592,-59.86197,0.039439842
5,-119.32861,105.32056,0.028904712
5,-169.96237,68.55469,0.027672179
5,-43.103363,61.408844,0.02432872
5,179.53519,-140.38019,0.034086782
5,6.165497,-151.45851,0.03536352
5,0.64927673,-4.720978,0.040019386
5,11.973663,46.651596,0.0318259
5,-67.979225,-177.95978,0.04001948
5,-94.26145,142.33612,0.028683223
5,25.601105,71.18652,0.029582968
5,-156.4947,137.34833,0.023082174
5,-2.5891724,-164.07182,0.025140025
5,-174.11723,45.1333,0.016105227
5,163.17615,178.5798,0.017880874
5,-171.34311,0.24827576,0.025368772
5,-161.82031,158.78711,0.032806084
5,86.097534,103.858,0.027401885
5,-110.969696,-139.74408,0.024399087
5,167.8472,-150.32576,0.023930421
5,-150.40685,139.46158,0.038895782
5,48.25351,-102.80141,0.042953033
5,-29.672073,7.409622,0.020244997
5,-19.24643,146.47656,0.027156532
5,45.545135,-61.528786,0.025321113
5,-68.79192,118.95856,0.020581173
5,125.541504,-81.00932,0.039123252
5,139.88727,-94.56923,0.0277925
5,-55.79503,33.032974,0.04208809
5,-104.70477,-165.79004,0.02820464
5,-18.033585,175.58817,0.029069247
5,-115.39188,86.99609,0.0255993
5,-123.25073,107.84412,0.027857814
5,142.68549,-30.165207,0.026817262
5,-41.64148,153.48798,0.029399144
5,-6.773102,89.546936,0.0524715
5,6.150299,-106.6079,0.031417046
5,5.12442,-153.6483,0.027803557
5,6.7727203,-136.18826,0.034060102
5,-45.1969,56.439102,0.032515097
5,2.5382538,94.45865,0.035757024
5,174.68497,103.73813,0.026768757
5,-29.49765,18.039047,0.036104567
5,87.81387,132.0628,0.037220486
5,-18.54921,27.999329,0.05740217
5,101.881226,69.29877,0.037964523
5,-128.56624,85.58334,0.034267332
5,-146.4406,170.05313,0.03735382
5,148.40982,41.985825,0.023624854
5,7.416336,82.74695,0.025590084
5,-4.5755615,-165.53862,0.015335144
5,151.06543,119.93207,0.030024283
5,-50.806076,167.2836,0.03580243
5,-7.059677,55.410767,0.03258911
5,-46.253677,99.01221,0.022065826
5,123.71396,-7.470566,0.035626825
5,-158.66743,30.11969,0.033227008
5,7.6974487,-179.68037,0.032703742
5,78.4281,-83.6634,0.03666371
5,-77.33114,64.09383,0.04188156
5,-27.45459,83.97388,0.040113755
5,164.91971,88.26114,0.028220449
5,-11.850769,-160.46455,0.0350191
5,173.41376,18.738083,0.024202613
5,-12.969727,1.879715,0.022572743
5,-73.63645,-47.22577,0.020011863
5,-165.66992,147.91101,0.044088516
5,-11.193344,134.96262,0.020733748
5,-36.47682,-174.00156,0.028170316
5,13.991547,39.997345,0.027750334
5,106.19821,-145.08968,0.026281396
5,-10.254837,-0.695343,0.04209449
5,-62.36145,-7.4104156,0.03823205
5,48.30655,-53.00688,0.023157546
5,19.837677,-114.37394,0.027076121
5,-96.36359,-165.38094,0.033612207
5,-168.25703,145.37558,0.029292187
5,-104.738754,103.38556,0.025638739
5,-140.73752,-140.88654,0.01666108
5,120.30435,-121.18732,0.019426635
5,33.82135,-178.8088,0.023926932
5,-122.682625,113.76181,0.029439446
5,-125.422745,149.49237,0.027787494
5,-22.853775,136.73627,0.021224424
5,175.66138,43.584106,0.017164527
5,146.80792,-158.81221,0.03430372
5,157.82999,173.4101,0.025010696
5,-178.70161,114.74841,0.03554629
5,16.581299,171.71008,0.03694606
5,173.57501,-166.658,0.022449672
5,15.1371155,-176.12883,0.024056131
5,-26.141373,28.229721,0.024229314
5,-179.04483,22.000427,0.027702505
5,8.175079,-15.246826,0.025427124
5,-67.71605,153.76196,0.023432469
5,-59.654617,98.543274,0.040442944
5,-138.89397,56.33406,0.03519488
5,-17.498947,142.0083,0.025622454
5,-12.7187195,147.83679,0.018764477
5,-42.06366,11.677551,0.02698038
5,38.19954,-93.60445,0.039810307
5,9.439453,-27.58574,0.027651787
5,43.30562,-177.16321,0.0341748
5,0.8642273,-165.31073,0.022075938
5,162.20377,-160.21838,0.023331694
5,-87.56177,77.35065,0.030139463
5,61.39746,-72.90464,0.022622993
5,-72.378296,65.336975,0.029118087
5,6.8913727,-173.36092,0.03360388
5,-35.63051,127.43106,0.02905174
5,145.95258,-168.34186,0.024851458
5,140.61908,-53.926025,0.022560276
5,1.703949,-33.153473,0.03352688
5,179.73315,16.92743,0.015988065
5,-33.72519,75.24759,0.019237313
5,-158.56877,30.33957,0.03856826
5,150.87476,-60.3994,0.032086283
5,24.601105,-140.29909,0.02256074
5,87.65289,-147.74455,0.03092761
5,130.16464,-53.46266,0.030670295
5,-112.46853,150.95459,0.033841185
5,-116.59547,-148.89394,0.022915391
5,132.91766,-137.75217,0.026420256
5,-143.14029,107.93921,0.019420326
5,-21.968903,166.58481,0.02186911
5,0.25479126,-11.181519,0.043323386
5,-6.897537,166.26508,0.031123942
5,-170.88925,-159.3208,0.034508258
5,110.58612,-125.62254,0.025756072
5,-0.65527344,132.02893,0.027156886
5,163.76093,-47.098145,0.0330773
5,164.37521,154.48672,0.031826507
5,-20.734375,71.86299,0.029819144
5,-64.7369,-146.00583,0.03152198
5,-2.5819397,-168.12303,0.017298833
5,10.64682,-164.66052,0.048863992
5,173.86371,-7.951065,0.021514086
5,-26.769958,-173.72847,0.030449819
5,-112.58871,63.239395,0.035397884
5,18.789124,-118.86497,0.015201187
5,106.06436,-129.41898,0.01781846
5,15.831711,-99.81689,0.039443985
5,30.582626,-56.28363,0.02613828
5,13.281494,-169.98029,0.02458627
5,-3.4295502,175.18506,0.026746957
5,-92.85172,95.23981,0.017523611
5,-80.65206,7.4845734,0.018366184
5,-4.6723175,-91.79385,0.04425773
5,77.1474,-163.08002,0.013047776
5,-10.3797455,152.45038,0.018824177
5,155.09589,-174.44759,0.016840436
5,-74.34416,-107.56552,0.03569346
5,97.90518,-69.51125,0.034217775
5,15.838425,-175.5993,0.020604312
5,108.08554,-72.397934,0.036605917
5,175.74664,80.44641,0.028297983
5,-96.3035,148.27643,0.028409228
5,-19.239578,-108.69143,0.04150948
5,-152.10951,53.417236,0.02207322
5,-71.23439,92.56503,0.05827708
5,166.70407,-148.97972,0.035323165
5,159.05835,-172.48082,0.028272318
5,-169.91615,-138.91301,0.018786173
5,-176.61801,-19.168121,0.037640203
5,-176.81992,68.97449,0.037517276
5,-36.516037,-178.82483,0.029339539
5,-145.36218,-67.32805,0.022817692
5,26.508102,-162.753,0.043035913
5,5.1520996,9.129166,0.018815625
5,144.98163,-134.66356,0.034325905
5,-3.4983215,-117.25466,0.0332348
5,-166.36296,-94.752716,0.016308308
5,-35.78311,108.48956,0.037300356
5,-12.501373,14.126129,0.026811574
5,11.678543,-49.04402,0.030032376
5,84.894165,-40.71106,0.044848315
5,-34.437134,87.90521,0.040931545
5,99.22562,-110.317894,0.030536322
5,-16.9245,113.0777,0.02597725
5,14.639908,179.74704,0.032415036
5,62.303207,-149.00633,0.02621349
5,173.67313,-112.13519,0.023959093
5,81.75946,-149.13615,0.029272474
5,10.676849,-168.83105,0.019775994
5,15.095779,-150.61423,0.0358396
5,-160.34877,147.32355,0.022802433
5,-15.995209,96.784546,0.04227805
5,-143.97844,33.41046,0.050809406
5,168.26498,4.570343,0.036925867
5,162.23608,138.61557,0.03540957
5,123.22327,-102.00975,0.028105738
5,79.37863,150.74036,0.018027859
5,-89.77749,162.15887,0.016844336
5,146.99237,-145.50822,0.029899789
5,159.70828,-54.7184,0.046707362
5,-59.037323,86.20453,0.025993578
5,114.96365,-84.44239,0.028018238
5,-52.584076,168.32132,0.036263976
5,3.0236816,-117.68917,0.031727504
5,-42.937057,52.98889,0.03257838
5,-10.4123535,61.99608,0.01693479
5,136.10562,126.04675,0.035495553
5,-5.4688873,-162.57121,0.02827734
5,112.704285,-157.6242,0.028654521
5,-112.982735,65.323105,0.042037353
5,154.37509,-79.28028,0.013820365
5,-32.37314,143.82312,0.031762317
5,12.614365,-41.98581,0.021686213
5,-9.854736,61.86441,0.045278516
5,148.5633,144.50098,0.049047623
5,85.88995,66.29437,0.046414256
5,-175.65157,172.74066,0.0286822
5,-178.63562,-151.42578,0.027035147
5,-14.313004,173.63446,0.029243583
5,-139.61441,-8.18869,0.02099292
5,34.81198,-44.222137,0.04743118
5,-158.8178,176.12659,0.037047714
5,-169.5384,-71.65654,0.045247234
5,126.33182,28.909592,0.03390984
5,-41.348404,138.12836,0.03934832
5,-172.10219,16.2612,0.023552591
5,40.423004,-105.87366,0.029620515
5,172.26648,-143.27911,0.026562545
5,105.59589,97.29074,0.04246097
5,96.757935,-33.23224,0.030979348
5,-26.882126,-12.949707,0.032198325
5,16.104431,54.48073,0.03149001
5,-178.3467,176.17786,0.02905652
5,-7.883209,167.3826,0.016799914
5,-62.739952,-58.082535,0.05310533
5,-94.63007,-11.767136,0.027637009
5,6.5943146,36.224533,0.037106745
5,20.942688,-143.43571,0.024449129
5,-81.593666,-156.36508,0.027207999
5,-24.56134,136.1579,0.021578774
5,-7.90477,158.65952,0.034913674
5,-34.78131,6.8058014,0.03908406
5,153.28339,-109.15986,0.028978178
5,-87.93733,-179.69476,0.023696247
5,-100.51382,74.79317,0.031953663
5,155.69833,58.91684,0.026720775
5,-74.87502,172.31976,0.028832363
5,-154.33144,138.26971,0.031214382
5,-100.64188,-119.780685,0.028708931
5,-78.32923,149.19598,0.03645442
5,-78.34479,-145.25996,0.03161939
5,-68.43334,-122.04554,0.029905178
5,-13.371506,109.0271,0.03443476
5,-126.47348,165.76843,0.028798232
5,-33.757935,122.7077,0.03597027
5,-45.826538,148.22424,0.022581296
5,177.66571,-139.42328,0.026671762
5,-132.322,120.5719,0.03372642
5,-16.86383,72.006485,0.027957214
5,-177.85295,-19.704636,0.022851309
5,166.03198,160.62183,0.035548978
5,113.66135,-171.59613,0.018664686
5,8.33432,-87.49462,0.02972057
5,24.136826,-171.67863,0.027254218
5,7.26503,-171.6914,0.046961408
5,-2.9585724,168.4693,0.021475501
5,-130.58826,120.00687,0.025947342
5,-138.93806,101.66406,0.026495043
5,-87.42034,75.34418,0.028578486
5,-21.30017,159.19482,0.027633445
5,89.50131,177.815,0.021629198
5,-139.92317,59.375732,0.026870701
5,-13.4995575,99.042786,0.029106805
5,81.226746,-116.22598,0.041599255
5,-96.30495,99.594055,0.03274809
5,-109.480675,52.535217,0.022535352
5,3.5947723,174.88232,0.033052757
5,94.31879,-124.9383,0.020393953
5,9.959412,113.05734,0.030759875
5,65.134384,-152.54634,0.037727747
5,-135.2226,128.53723,0.03284878
5,-23.354675,175.28131,0.053464465
5,-134.41264,82.720795,0.04036642
5,121.43964,130.57288,0.02226845
5,111.495544,-148.66223,0.039164163
5,-151.6848,29.423386,0.018025294
5,-166.0136,-95.84217,0.040623736
5,-19.506927,102.60919,0.036160436
5,63.400467,-99.86184,0.053902935
5,109.677795,173.72873,0.04958422
5,114.04321,167.87482,0.019279761
5,152.79907,-27.397095,0.03605265
5,-131.32463,116.007324,0.04089953
5,118.081116,-177.62703,0.027299227
5,-37.013992,170.73224,0.020935962
5,6.2992554,125.31946,0.032161225
5,172.52722,119.74365,0.029484903
5,-89.72466,-62.134865,0.03297666
5,112.068665,-128.12292,0.041408204
5,-15.663544,-3.9132233,0.37957308
5,-14.837479,50.241608,0.02123281
5,-28.478012,174.34009,0.025042655
5,174.36554,-15.454727,0.06257117
5,1.0019379,164.58911,0.028042855
5,3.9641724,-133.94171,0.03213034
5,-5.0017395,119.5567,0.023748226
5,3.2288055,-4.350006,0.034107998
5,-29.425125,159.21494,0.030276047
5,43.163635,-145.82613,0.04487869
5,-9.418213,-3.958496,0.030769393
5,41.27054,-34.150696,0.042096008
5,51.728058,-170.79597,0.0407196
5,179.8583,178.1383,0.019625919
5,155.14166,-26.731018,0.020170951
5,-135.05693,-86.829,0.03152618
5,176.10608,-20.41951,0.02806908
5,161.03284,173.75415,0.041441698
5,105.53418,-122.17031,0.04068038
5,28.851044,145.2904,0.01377796
5,164.95605,-176.79118,0.02897262
5,177.70618,1.7882843,0.038277112
5,-2.06044,162.3576,0.02519082
5,-172.83032,33.164795,0.024818607
5,128.96921,150.77136,0.021912439
5,-47.91371,153.34949,0.03645236
5,69.27345,-115.320564,0.019625256
5,-81.112465,134.09271,0.035454717
5,-24.140533,49.62506,0.039355807
5,4.992737,168.5672,0.031849332
5,-129.21967,-37.564697,0.040051945
5,8.96817,-155.44205,0.016821438
5,-141.82207,-178.36156,0.028760433
5,151.42722,-164.75829,0.01941186
5,-6.2235413,136.95013,0.042990107
5,127.2995,43.129898,0.022807261
5,-178.64264,16.2249,0.03696618
5,135.03864,-19.404999,0.03814823
5,174.18329,-162.30142,0.056045588
5,55.305267,-163.17102,0.035186455
5,-178.1798,53.79184,0.020968694
5,24.631287,-142.01466,0.015291225
5,-164.41708,75.60425,0.03153284
5,-6.818466,171.13232,0.028665056
5,20.799576,-141.70259,0.024135036
5,-9.583237,-121.5765,0.028408166
5,0.9090271,-130.69545,0.02010463
5,39.371017,-138.03664,0.020664278
5,-140.35933,141.71576,0.04095175
5,159.8721,-109.901215,0.030887954
5,0.5836792,139.17783,0.03713281
5,34.294556,-127.302826,0.025307052
5,-91.21791,60.43904,0.036855534
5,162.57819,-105.68553,0.024832686
5,-24.25737,111.80673,0.023871975
5,-173.6819,-36.27617,0.027795171
5,-93.34274,53.651978,0.036484163
5,-11.228439,143.0874,0.033903588
5,-84.641525,-156.98096,0.027295046
5,47.30652,-173.12306,0.037680104
5,-39.82904,-157.9647,0.028747348
5,8.236679,-4.210434,0.041909955
5,-167.82068,-121.11302,0.039130114
5,-29.048767,178.40771,0.025469115
5,-52.01095,15.5312195,0.024201134
5,27.84105,-132.72118,0.033320714
5,169.20062,-77.58095,0.030742893
5,-20.58104,28.108826,0.02631602
5,-0.4155426,164.76886,0.03475613
5,-22.899094,74.82376,0.03224278
5,-4.1421204,28.276566,0.022837037
5,172.73785,-137.5966,0.047868907
5,81.962006,-23.008469,0.024345959
5,85.42276,-69.80448,0.018210957
5,123.66986,-109.7588,0.028954659
5,19.897614,47.447815,0.031659976
5,-35.659744,55.97711,0.024329912
5,-174.6444,4.3181305,0.026821597
5,-157.17905,179.95856,0.03624125
5,-83.35433,43.785553,0.02389276
5,-169.49629,154.38324,0.019847661
5,155.08685,148.85165,0.03191281
5,-171.32846,124.556885,0.039599888
5,-172.13646,49.505997,0.041283946
5,-44.649323,44.893753,0.053974967
5,0.85839844,124.68683,0.020192966
5,-113.13967,25.473495,0.035896063
5,-40.52452,85.06003,0.024609037
5,-3.2169342,-29.601318,0.0661228
5,139.75006,-167.52017,0.0260792
5,85.54248,-138.89572,0.029106362
5,-68.3158,-101.0418,0.01590696
5,12.310806,-174.10756,0.017688682
5,-170.78189,177.08286,0.040488802
5,13.638794,-54.703568,0.026927583
5,1.203186,159.97571,0.039776467
5,2.287735,8.301163,0.052892722
5,12.58844,-84.25011,0.029597864
5,33.37265,33.31636,0.043846328
5,-154.42047,173.5405,0.03216468
5,101.29126,168.46637,0.023492247
5,-66.62228,53.949814,0.05057463
5,-95.431885,92.884674,0.023022192
5,-99.232704,150.14105,0.03682679
5,-33.46718,143.30682,0.18221354
5,-116.91697,93.343506,0.041406788
5,-5.4812775,-146.87538,0.057251353
5,157.06937,-14.847794,0.027093379
5,14.604782,-159.69966,0.036500145
5,25.244919,-161.98915,0.02041095
5,-2.5442505,3.1971436,0.030807381
5,176.73355,164.89365,0.025144352
5,-0.8594208,60.315308,0.030947067
5,175.85928,159.26422,0.03149235
5,64.246796,-105.70306,0.028996497
5,-133.4255,111.60095,0.020241166
5,16.13063,169.34882,0.018996323
5,-0.82302856,64.37802,0.015505511
5,-148.75224,136.31433,0.033228654
5,-151.70451,163.2945,0.0298093
5,-6.3091125,175.09656,0.032200214
5,-21.627106,-78.91779,0.038894117
5,-34.774292,115.01254,0.014388809
5,27.198792,-145.13039,0.05647295
5,-66.41868,-165.91844,0.019940197
5,-127.66129,-163.17813,0.021616735
5,-157.84715,15.764175,0.020939868
5,58.03386,-135.08435,0.042081222
5,-112.940414,91.19406,0.050928753
5,31.06932,-30.906357,0.031560402
5,112.549255,-79.33308,0.021987375
5,2.4281921,-15.002731,0.029250694
5,-175.70047,-178.35973,0.04059681
5,-13.719864,178.7793,0.038662046
5,179.62885,-178.99423,0.029094735
5,129.16754,174.90945,0.035102427
5,-117.687225,-49.640564,0.053584907
5,105.38794,-23.5372,0.035655987
5,-89.84782,-133.30283,0.028435566
5,-9.912811,-113.029564,0.021785596
5,169.61758,-49.2807,0.02626347
5,166.34521,-77.43252,0.026827943
5,12.489609,-122.114845,0.019579183
5,154.59015,-27.533997,0.027161779
5,-68.22506,-162.7283,0.027733155
5,1.3927917,-147.47917,0.032539647
5,166.65741,-111.74719,0.03618397
5,-104.30628,81.81012,0.03133189
5,1.6703644,-174.06221,0.03503922
5,101.09277,-146.87695,0.026635367
5,-178.79398,144.06165,0.027212674
5,-151.22992,-35.396423,0.0381893
5,-179.42564,44.35652,0.0245788
5,90.895355,147.56946,0.017679255
5,128.54321,159.8034,0.024351439
5,159.87173,-156.24011,0.026281614
5,-1.2592621,-153.47383,0.027661273
5,-173.59409,-141.83797,0.03207036
5,57.69557,-96.45004,0.023539538
5,16.135376,-20.209778,0.020283898
5,154.28552,-68.685005,0.034965795
5,-23.880463,133.27203,0.030995619
5,-171.9104,173.78021,0.027323393
5,-130.95253,-131.2205,0.031101724
5,7.5827026,-145.76088,0.030954363
5,-134.74255,-151.08167,0.046335723
5,-155.5383,-10.580856,0.038753193
5,100.97211,-146.20366,0.030068075
5,-5.525818,167.57672,0.023362247
5,-104.52971,34.602432,0.4327446
5,-63.042854,-67.58341,0.02044676
5,156.64117,-84.12389,0.039177563
5,-83.89361,108.21765,0.032664903
5,28.794785,167.3386,0.03281015
5,-157.69609,-165.09956,0.025767349
5,154.14847,-136.30098,0.04401595
5,-42.566467,18.474792,0.023645107
5,-93.54504,-80.9258,0.03411544
5,-78.22137,99.70587,0.030878846
5,-172.6215,139.81763,0.053666785
5,-152.21013,111.09897,0.02344772
5,-74.135635,-120.55948,0.0268112
5,-159.21548,154.01807,0.030474784
5,-87.91439,148.68283,0.03029361
5,116.08652,-173.59364,0.013936696
5,57.328415,-62.039337,0.019646956
5,114.63434,-121.82661,0.016924514
5,-65.97768,39.07698,0.04043753
5,171.37643,82.01929,0.023499496
5,-146.14656,170.5658,0.020717103
5,-17.23529,144.80597,0.020209305
5,-174.52536,-5.1940765,0.013771662
5,-25.682877,102.84433,0.043571696
5,172.82367,-35.674164,0.059935994
5,176.82996,2.3345337,0.041360967
5,-25.529236,147.69376,0.031888805
5,98.47394,-139.07286,0.033074625
5,179.34628,-175.46414,0.02513712
5,-137.31927,51.601685,0.039252978
5,-57.21425,124.197876,0.046988893
5,-146.33792,-96.18234,0.05177956
5,-156.07487,-56.59482,0.032701105
5,-168.79208,140.73306,0.022525977
5,-6.617813,-14.93132,0.036482368
5,125.211,-158.31372,0.029414102
5,148.548,-123.19718,0.021762487
5,-5.115677,-155.6005,0.021825645
5,-19.302567,-172.66954,0.041818745
5,-104.254486,92.00513,0.041522928
5,175.24506,-5.707321,0.031060448
5,-135.42084,1.1159668,0.023656411
5,-0.825119,0.06277466,0.031396303
5,-37.013412,161.96704,0.017058596
5,15.894501,-164.41045,0.044400577
5,-86.386475,77.88684,0.027246265
5,-106.68954,43.040314,0.028363895
5,0.5141907,162.94263,0.02489551
5,-157.52794,173.65643,0.023780009
5,-125.37375,116.88373,0.022237672
5,-175.94586,1.9118652,0.029278414
5,130.35168,-132.85808,0.034452204
5,-0.2756195,-179.47226,0.036195505
5,-44.442688,155.52997,0.04067154
5,17.70375,-140.81807,0.025392422
5,16.135635,32.21399,0.044327166
5,-15.442749,-101.55921,0.034669913
5,17.29245,-126.01228,0.03218281
5,-18.413757,168.78665,0.05032376
5,-111.131004,64.02728,0.04826572
5,34.238922,-172.06264,0.035462286
5,-146.35773,142.65723,0.02628971
5,-78.49766,167.29327,0.056689627
5,-171.31293,-48.95627,0.01897897
5,170.5426,19.945618,0.019732067
5,27.796814,-169.29034,0.027832314
5,-137.78386,104.76663,0.027457979
5,-15.115128,-178.18752,0.040727545
5,155.79486,-15.616531,0.035728145
5,-83.85967,104.167694,0.038378913
5,-121.373085,64.47226,0.014123071
5,148.1514,69.88406,0.031725712
5,-67.91821,-81.204056,0.021614155
5,-45.025864,179.03662,0.021438453
5,-169.86876,-179.04599,0.030367436
5,13.97934,169.64749,0.027619613
5,56.54785,177.93518,0.030481812
5,-105.34459,109.817444,0.018768635
5,15.531342,58.56256,0.028974723
5,-132.92009,124.03931,0.023984281
5,147.44415,147.4859,0.025070854
5,-10.262787,172.48755,0.022302326
5,178.3255,-138.44928,0.026132083
5,144.89456,-168.19423,0.062332936
5,173.8039,-91.71296,0.046833027
5,-141.97284,64.013,0.043674458
5,116.47626,-129.5396,0.05842099
5,-149.96588,174.56497,0.039877404
5,-74.6521,125.70331,0.013067417
5,15.653488,-39.952393,0.01876507
5,-134.37071,137.79199,0.027300786
5,105.48703,-99.99427,0.030543968
5,-6.968506,176.35724,0.025888361
5,49.305557,-153.42819,0.035467613
5,-108.50218,149.64038,0.06565766
5,51.580673,-179.81491,0.02547861
5,33.862823,44.856476,0.022814449
5,-165.43489,-163.96483,0.027988609
5,-126.487976,147.42493,0.041065298
5,18.451004,-45.144226,0.03040057
5,-46.26526,-169.71269,0.035242736
5,176.46027,-177.98497,0.018797582
5,11.571442,126.94824,0.0428133
5,-117.126045,-164.27957,0.029067492
5,4.7731934,65.63422,0.051219847
5,33.75061,21.150269,0.035451557
5,40.149994,-121.565025,0.021430477
5,157.66272,-169.982,0.049214166
5,-81.52024,102.81586,0.03599352
5,-4.120819,-114.014824,0.034937616
5,-12.326584,26.09259,0.028331501
5,-165.70305,37.69951,0.026729964
5,-166.19936,-9.443069,0.03456274
5,15.682343,2.883316,0.043760728
5,-56.41819,167.36795,0.03719021
5,10.387314,-19.22644,0.04629324
5,-98.4116,68.81152,0.034952916
5,86.13782,8.90773,0.03352358
5,151.91394,83.00644,0.030510614
5,-94.737816,-109.36194,0.024732662
5,-8.47496,27.065018,0.034239136
5,159.10474,-124.989494,0.028669955
5,41.42044,-94.21931,0.023175396
5,172.16553,-16.691925,0.03535885
5,179.11304,165.36392,0.03276986
5,-138.16438,-164.91432,0.016180739
5,-23.696655,166.71045,0.036113236
5,168.48938,-104.69389,0.02612423
5,-0.8351135,142.04736,0.03117701
5,-177.18602,-45.529297,0.033511814
5,112.179016,-108.49532,0.032874167
5,117.81915,-33.932037,0.046109486
5,50.60759,-152.6167,0.018053286
5,-24.811798,119.8844,0.05819892
5,-130.63289,131.49011,0.017053783
5,134.57025,-148.24629,0.023232887
5,160.11212,81.19708,0.027962774
5,-120.67027,134.0122,0.031004423
5,0.8715973,-90.94274,0.036087476
5,129.67847,-154.84724,0.025886564
5,121.268555,-158.86385,0.034706593
5,10.18721,-168.4713,0.031587765
5,150.6145,-140.38487,0.030176809
5,-12.172958,96.626434,0.05603678
5,3.2474976,0.1312561,0.030286571
5,-48.58847,-157.58351,0.021452034
5,-141.69527,7.8088226,0.0462617
5,134.53058,-75.688545,0.03037351
5,60.759964,-84.66039,0.046823073
5,-153.58672,135.35687,0.042939603
5,89.357086,23.465057,0.039042167
5,141.81354,-72.98161,0.04676772
5,-126.384476,51.23758,0.03971796
5,-143.89615,29.347061,0.04330124
5,1.8346252,-172.55829,0.026310632
5,-27.443893,112.11929,0.042984415
5,75.73987,-93.40267,0.03377577
5,147.47235,-145.44188,0.029480956
5,-3.7630005,149.37372,0.047777813
5,-9.37735,153.8529,0.03269352
5,-89.04903,-37.790985,0.03061831
5,171.84491,-174.9603,0.02222883
5,-13.1604,-55.250237,0.0316198
5,41.799866,-139.94498,0.04123576
5,-6.27919,-179.0777,0.024799732
5,62.09384,55.30591,0.024504205
5,2.6475372,-159.42657,0.017156957
5,11.476135,166.39523,0.028972954
5,-33.566254,27.532303,0.02286149
5,21.477982,122.73593,0.029856082
5,123.58902,-56.148384,0.01868844
5,17.226334,-175.70679,0.036814317
5,63.170135,111.3981,0.04264869
5,-110.342926,-113.76903,0.021755679
5,130.79446,-154.4594,0.02195934
5,-16.363602,-20.279114,0.031043781
5,24.163834,-137.08214,0.022818523
5,101.38559,-134.56337,0.033141285
5,-160.52698,13.837494,0.045001872
5,16.34494,-153.20343,0.02282978
5,154.43536,86.29581,0.021312665
5,33.59607,-145.84286,0.033263147
5,-50.041367,55.90959,0.045333207
5,13.200165,-141.63171,0.029069712
5,-81.28235,163.98926,0.022228934
5,-28.860733,-110.787476,0.039500423
5,-148.30013,40.61566,0.029842166
5,-74.04646,123.014404,0.029987305
5,39.917435,-114.88433,0.05341692
5,-103.912155,16.988586,0.04197725
5,146.5842,-156.37563,0.016414909
5,170.07324,-7.5400696,0.05989675
5,147.11877,-59.12018,0.061708406
5,-121.268456,-151.3033,0.014415516
5,14.314728,-45.93817,0.031204706
5,160.7207,-143.35149,0.014440461
5,-93.95566,2.4350739,0.04755095
5,107.763916,-142.48697,0.024361048
5,-132.33551,151.80093,0.03003275
5,174.62259,-167.92667,0.02785755
5,-173.30814,53.556747,0.029463643
5,-49.318115,122.47748,0.016569655
5,-112.80774,30.779175,0.021218488
5,-38.471634,-159.74956,0.0478516
5,30.443802,-74.977036,0.028803157
5,-168.07515,-152.9155,0.031551104
5,-174.98251,6.6616364,0.025770647
5,6.267212,-149.42369,0.03096958
5,-23.05243,97.430115,0.05606011
5,-3.4813232,27.941727,0.06845026
5,-167.90741,-0.18888855,0.041691814
5,-106.03593,105.71512,0.042512815
5,140.93616,-144.34714,0.029662814
5,-67.76163,-87.05752,0.019406369
5,1.7141113,-157.39946,0.031557728
5,-106.281395,-177.56195,0.042801395
5,14.348724,-146.72797,0.023957666
5,158.67175,-167.26093,0.018528903
5,73.25064,-119.36201,0.031708486
5,-124.1563,170.73181,0.027525887
5,-26.46202,-168.62332,0.035243962
5,25.435211,-25.48529,0.030008998
5,-2.7549438,172.26468,0.022030765
5,169.90097,116.9606,0.027763499
5,-14.318756,47.800476,0.024266023
5,-75.37536,-151.26219,0.045888092
5,-15.841339,132.0928,0.03374719
5,-19.423172,48.09944,0.018979685
5,-158.68533,177.75226,0.033912286
5,45.19586,-168.67688,0.04185069
5,67.11391,-56.571793,0.043714847
5,143.74323,120.24646,0.028324796
5,-9.149597,-163.585,0.032694723
5,-106.173965,120.06546,0.027601551
5,86.97516,-83.00721,0.029009854
5,-123.30706,-92.92894,0.028781392
5,-6.669159,60.76967,0.018853983
5,14.678238,-155.00784,0.024059402
5,168.2056,-33.55928,0.025862817
5,-7.636963,93.85162,0.0225998
5,171.15424,70.16623,0.058144145
5,-142.80309,158.62347,0.02233089
5,-152.72609,51.444,0.017207462
5,153.06317,166.12878,0.021178061
5,4.118744,-109.79798,0.024671651
5,-133.49757,115.78894,0.03193399
5,-2.58107,162.13611,0.035026442
5,121.75513,-133.44499,0.026681961
5,-112.41355,116.56201,0.03504697
5,-1.4994812,-55.08336,0.026063569
5,-109.435104,141.98096,0.01919206
5,2.7352142,173.68472,0.040177617
5,-75.13175,148.45123,0.039576802
5,-24.168,-119.424545,0.028560055
5,-78.31378,125.93054,0.025006993
5,-164.47697,137.81363,0.038433712
5,6.338501,-78.044304,0.024505295
5,-119.13534,8.811066,0.022123517
5,156.62207,-161.36748,0.04065632
5,61.99823,-133.6719,0.016484536
5,-5.110428,133.49524,0.029110765
5,-7.2028656,-33.788635,0.04682358
5,-146.4988,-86.19469,0.014067658
5,110.073,25.819672,0.037250683
5,-7.5708923,158.2789,0.01666252
5,24.623642,-164.22267,0.025706444
5,100.43991,-145.49667,0.021688642
5,-25.55658,66.92468,0.03133827
5,10.263596,-121.44417,0.031375673
5,-66.94041,69.42444,0.03597621
5,-7.3796844,98.4386,0.021001058
5,-173.53185,73.358734,0.026955571
5,-59.954628,146.86554,0.016786063
5,-179.56172,164.70651,0.044150617
5,-47.582916,66.87843,0.058717765
5,-2.5068665,50.187897,0.026953034
5,-9.629105,-150.53261,0.018261926
5,-140.20108,76.25687,0.036791205
5,57.62404,-138.51224,0.02658731
5,-4.630478,173.95926,0.021556305
5,16.50772,175.45926,0.020179344
5,85.610016,-143.11948,0.023358682
5,11.787689,-167.38347,0.038465813
5,103.18936,-69.87319,0.025632393
5,16.560715,157.82379,0.032909468
5,-173.62433,120.17883,0.03694007
5,101.46689,-8.35582,0.043650787
5,136.36151,-7.608719,0.018281585
5,-150.85309,39.143677,0.050470017
5,13.256622,-55.98166,0.035108417
5,-21.40039,44.171494,0.0320374
5,20.439453,-135.24501,0.01977344
5,-157.26318,-107.34215,0.033634618
5,-43.892303,165.53983,0.02683978
5,-82.501396,-177.52649,0.020938123
5,170.53723,-105.79718,0.042071052
5,7.8599243,112.051025,0.020845188
5,-111.21082,134.323,0.024570044
5,54.26207,126.313965,0.027832499
5,111.33664,-112.4615,0.019829338
5,174.70508,-0.15005493,0.03599554
5,74.91528,-13.66069,0.045185484
5,175.84753,-146.21304,0.02575021
5,-176.05342,122.34338,0.033258606
5,88.40372,-67.85545,0.036517814
5,-12.12294,175.91705,0.02909262
5,138.60913,-41.291702,0.024111662
5,167.6351,-61.281906,0.03608218
5,-158.42804,2.3226929,0.031171612
5,-48.079514,-98.86897,0.041137267
5,-56.040413,86.12512,0.023916978
5,40.869186,132.15918,0.029043844
5,163.36877,103.18558,0.040437296
5,-164.66385,68.89426,0.036868688
5,-79.61438,-139.78424,0.06772922
5,-80.658554,59.519897,0.047587402
5,75.69806,148.3505,0.039821096
5,50.15973,-93.676865,0.032844286
5,54.92856,-24.678024,0.03517185
5,23.013107,98.91391,0.0317758
5,145.90225,111.56891,0.027535653
5,-117.02194,66.17973,0.025266971
5,164.87189,-46.39853,0.027959747
5,-146.48636,-176.30765,0.02488351
5,-121.36055,-167.17755,0.015909677
5,-131.50266,-148.31839,0.018847886
5,-81.26398,167.10529,0.022147138
5,-162.84792,-153.46886,0.02290517
5,171.0545,-98.96098,0.02269458
5,-3.1848602,49.74785,0.033082347
5,-18.748276,-49.830444,0.036294263
5,-167.23099,29.545502,0.02941381
5,-166.08725,-140.84587,0.024145808
5,88.851135,-52.23049,0.027530687
5,81.04248,-60.454742,0.028306272
5,66.46475,-8.21434,0.030406088
5,13.469025,-171.21054,0.035724938
5,177.96637,171.0162,0.020096336
5,2.337906,169.61743,0.028559124
5,70.494125,-93.346214,0.034692004
5,-28.03926,112.19739,0.016290106
5,36.3515,-93.29014,0.019861115
5,-80.30936,39.79492,0.051931426
5,-14.545837,119.857056,0.02562586
5,-129.11348,-27.959305,0.058526456
5,130.70856,-52.059944,0.03459742
5,-131.18204,120.918335,0.030748645
5,-85.27466,34.989914,0.027710471
5,-178.59679,97.04257,0.056191806
5,135.37323,-105.74448,0.039813936
5,-101.23142,31.865143,0.03129642
5,-26.813751,46.68965,0.029145297
5,137.15012,-81.05496,0.029960655
5,144.67737,-157.83934,0.037531313
5,-168.54547,20.335144,0.027902475
5,153.32593,-68.93556,0.039607543
5,94.63983,-6.0895233,0.035177827
5,-6.5058136,177.69617,0.028195193
5,148.34271,179.04788,0.02260206
5,-34.029053,128.7301,0.026331488
5,24.473892,121.7843,0.03033686
5,77.421326,-118.114174,0.027514825
5,77.42453,-84.795,0.04732134
5,-139.28178,127.02484,0.026181344
5,158.83981,-27.178772,0.023506645
5,92.006226,135.89166,0.03550416
5,-63.054688,97.05554,0.028784892
5,-101.07685,65.89459,0.048461802
5,65.59537,-142.15761,0.016799398
5,147.09064,-147.41176,0.048527412
5,62.146576,-41.23593,0.31186837
5,-3.0023193,121.3371,0.024989802
5,5.4559784,-96.77454,0.031830516
5,144.20312,128.48315,0.048323613
5,98.039185,-87.73896,0.041058388
5,-164.72945,152.76678,0.024186885
5,173.21216,-18.882538,0.028190674
5,173.0545,-146.60036,0.028117156
5,7.086487,-105.226906,0.02409281
5,-51.186676,30.532288,0.025948746
5,22.48111,-32.237152,0.028972259
5,-7.6681366,-169.8957,0.030000187
5,127.61023,-154.26727,0.027380189
5,-13.164307,156.86285,0.017065588
5,145.18936,162.88043,0.03352378
5,175.09418,-136.23624,0.02969337
5,157.4226,-3.1471863,0.031646453
5,115.17108,-35.18347,0.036492232
5,103.930115,-70.7306,0.036462594
5,151.07562,-84.64955,0.031555112
5,101.10193,-133.20493,0.028103245
5,-1.6379242,-3.0753021,0.03929541
5,116.23428,-125.15842,0.025033323
5,-158.78265,165.65771,0.034945596
5,1.8217621,-179.76729,0.039349493
5,11.641296,111.64908,0.0330001
5,-116.34052,141.68826,0.045944665
5,82.82596,-143.5838,0.049539804
5,-38.084747,-175.94724,0.02414284
5,144.05838,-168.13478,0.030449828
5,-20.439972,155.49146,0.05434313
5,20.825272,-15.038925,0.033152808
5,-47.29828,-171.60632,0.03453048
5,-108.40205,-37.08362,0.018393297
5,-29.751389,-179.46672,0.027000321
5,107.6319,-121.84506,0.023153538
5,129.28241,-152.58173,0.028694836
5,18.775192,-36.808258,0.035118148
5,-67.14103,143.74017,0.023628715
5,-4.374054,137.29727,0.022774076
5,-113.85368,-107.49056,0.038481414
5,-143.02686,42.826782,0.019926166
5,-24.669693,141.68799,0.03913903
5,-81.391,144.21637,0.043724045
5,5.3389893,162.97885,0.02269847
5,76.90634,61.894974,0.02800659
5,-56.483032,149.6831,0.018269116
5,-12.100159,142.50482,0.056283593
5,-72.12098,55.420547,0.04286966
5,-55.087036,153.5318,0.026603242
5,-90.62748,-165.84895,0.026567
5,101.47876,36.18785,0.13939656
5,-149.07944,73.71124,0.043621596
5,60.194244,135.36969,0.031191401
5,146.78735,-32.750656,0.015233578
5,-36.482224,32.59001,0.020738203
5,130.01447,78.85568,0.04826878
5,-114.29893,178.72644,0.035449672
5,63.592316,163.21576,0.03688848
5,123.556885,-68.90198,0.042036533
5,-82.925446,-108.85846,0.037689388
5,67.80832,-172.00627,0.01965235
5,-3.2305145,-5.0828247,0.022584297
5,-71.740814,79.074005,0.031357627
5,-119.417015,135.53662,0.03381262
5,-125.903496,-131.59264,0.04840967
5,8.949005,69.98088,0.036270447
5,-26.078552,-44.4711,0.04082098
5,-23.76065,142.72986,0.02565813
5,-171.10617,-66.86988,0.027935624
5,121.63974,-171.21056,0.023667889
5,0.50598145,156.30353,0.037802354
5,-127.75273,29.67102,0.027533501
5,-170.31252,171.0763,0.026955307
5,-39.57982,160.55301,0.021856286
5,24.026962,-77.73858,0.020394908
5,-27.926804,159.33893,0.033132236
5,28.11377,-12.042984,0.046683315
5,-13.301987,-12.84967,0.044563703
5,51.813583,162.15918,0.021477615
5,-22.406677,23.688751,0.022974709
5,-27.672272,126.95169,0.06460795
5,-168.15776,-124.685814,0.018854883
5,54.92566,-38.684647,0.029037025
5,36.78253,-121.84463,0.027768023
5,-176.92963,-11.726013,0.018192526
5,-25.499405,-15.806183,0.040251467
5,77.72348,71.220764,0.036003463
5,57.862473,167.84167,0.03159004
5,-90.450836,91.934814,0.03938423
5,125.234436,176.28375,0.021675058
5,32.001602,-165.18272,0.052453414
5,121.151855,141.52063,0.03758168
5,11.311432,170.01462,0.050176352
5,-165.55121,43.62535,0.040027395
5,-77.66449,129.7414,0.03256771
5,-29.474213,104.67865,0.02722813
5,25.380753,-169.01627,0.025012633
5,-20.911026,152.92938,0.027461357
5,154.29541,-115.72722,0.040899314
5,178.39279,25.050293,0.03586568
5,-33.721085,156.7746,0.023716323
5,153.387,-57.722702,0.024926296
5,-104.62305,155.81683,0.023377862
5,-104.259415,136.26382,0.033251338
5,137.36688,4.867096,0.031721696
5,-135.8905,167.23053,0.029318366
5,156.17517,-156.06049,0.017007928
5,14.860825,160.87958,0.024421548
5,-84.21438,153.53314,0.022786254
5,-170.24245,-138.62753,0.03348575
5,9.933716,-118.47013,0.032608993
5,6.6828613,73.08815,0.024917502
5,-11.847885,170.39395,0.031664796
5,-41.50522,66.663574,0.027961185
5,-17.456146,-75.38928,0.031902347
5,-13.867432,110.47974,0.06031808
5,-10.069229,130.7857,0.022868825
5,-27.86966,15.682083,0.030221866
5,-99.6269,18.770477,0.022814112
5,173.38962,-178.93526,0.048717603
5,-141.5388,83.64172,0.04178838
5,179.8465,45.656937,0.027509822
5,132.44232,107.190704,0.024207804
5,-24.787918,142.56635,0.031106435
5,-7.507782,-140.86305,0.022405814
5,163.59048,-18.149689,0.026754627
5,-131.1297,96.82568,0.04211233
5,-123.32424,65.50101,0.023384819
5,-157.06702,-16.769836,0.03269026
5,70.948975,-111.94182,0.029090969
5,-175.34857,-151.49585,0.029789751
5,-143.34193,23.67981,0.07255863
5,117.71304,-132.08391,0.019935817
5,-105.80228,-152.00069,0.033426996
5,49.81111,5.9914703,0.02296882
5,156.4234,162.81815,0.021417763
5,-66.70024,131.2211,0.03466922
5,-35.760468,112.68359,0.025897054
5,-20.062744,158.31378,0.031196756
5,-62.007523,149.76788,0.02660796
5,2.1961823,-58.288246,0.04182301
5,7.205353,-22.287231,0.026718847
5,93.39258,-70.22092,0.026959354
5,-129.88832,-100.36249,0.013700967
5,9.751114,-147.04361,0.026264645
5,-15.358414,20.891602,0.031280685
5,165.11652,-23.117249,0.054126848
5,62.285324,33.29323,0.031568307
5,-32.6304,143.54608,0.033426613
5,-140.4385,-166.99208,0.035054572
5,-158.84105,68.670044,0.022970283
5,41.805023,-38.41095,0.039545324
5,165.34808,-42.905212,0.02731949
5,106.29648,146.01471,0.029309982
5,17.95575,-119.956535,0.04320206
5,-42.912918,154.14786,0.031751476
5,108.81091,175.6557,0.026771046
5,-67.42324,133.05225,0.01851021
5,-8.62355,-177.64247,0.021878859
5,158.73163,-34.71759,0.027645633
5,5.0626373,37.35843,0.030223995
5,16.920319,82.628845,0.030708274
5,3.0786896,20.074966,0.022152832
5,-20.065659,9.388809,0.03475987
5,-172.78854,-144.76605,0.029885773
5,-96.23022,97.75995,0.018622031
5,-3.366745,114.767395,0.046272013
5,177.00812,81.1485,0.031169714
5,-20.60022,137.97766,0.02217217
5,-152.05215,10.477402,0.01931126
5,167.71506,-170.1097,0.03070472
5,-4.3514557,-106.93317,0.023436148
5,-20.07161,3.9098663,0.21420234
5,115.32193,-102.923965,0.046903186
5,-39.05667,136.307,0.018625533
5,113.569275,-137.16264,0.019392435
5,130.61212,85.46866,0.031966068
5,-160.642,-78.21291,0.030661875
5,14.868774,-91.521576,0.03132574
5,37.114594,-156.188,0.025527142
5,158.82037,-39.122604,0.022610331
5,35.678802,-94.35431,0.022978306
5,-36.588547,-155.12987,0.035436742
5,66.54231,-83.33901,0.02860932
5,117.82791,136.7945,0.031443246
5,161.90747,-88.40445,0.0228213
5,-19.500488,172.00528,0.027889134
5,-43.366226,113.986176,0.018896008
5,125.702576,-141.52945,0.040054154
5,-175.95831,-5.246811,0.039023224
5,145.67877,-104.32059,0.030913716
5,-27.64563,126.63098,0.03154026
5,151.64093,-54.393677,0.03563259
5,-40.82718,-164.49518,0.033679947
5,-83.4271,137.28766,0.043872166
5,31.93782,-134.30591,0.058196153
5,-179.55084,3.7649536,0.03796296
5,179.94583,-15.085617,0.02347771
5,42.33554,-159.2772,0.011658102
5,82.38245,-106.686195,0.02841852
5,-65.44432,148.69852,0.03104342
5,-15.282654,150.5763,0.04210125
5,72.35538,74.563446,0.027137402
5,-65.69164,-145.26462,0.025873145
5,-163.75961,-122.94886,0.029592186
5,-171.30539,22.608063,0.06082006
5,56.585327,-157.56313,0.022258272
5,128.05023,-63.0466,0.031162696
5,-101.81494,153.8429,0.04634108
5,20.540924,-167.60204,0.02307569
5,48.95729,-123.06876,0.04115516
5,21.705063,25.381058,0.026245035
5,80.03967,80.7482,0.055798933
5,-1.7377014,15.682358,0.015666837
5,26.21846,-59.738457,0.027390711
5,-172.47339,138.95361,0.022580663
5,10.673721,-177.52136,0.035298567
5,-12.634262,178.32715,0.029511511
5,-143.6153,174.70844,0.043174338
5,-102.490486,136.48947,0.03888733
5,177.33344,1.2882996,0.033097606
5,143.59784,-90.471016,0.028784038
5,95.86038,-131.20082,0.028703932
5,2.8357239,124.14166,0.024512121
5,177.34021,-27.112549,0.036763586
5,-20.41977,110.521576,0.025413701
5,5.9529114,-75.7596,0.016823642
5,6.643402,117.69473,0.024946192
5,20.123688,-82.98308,0.023567999
5,-167.8201,-158.63408,0.030681828
5,20.784042,-155.19649,0.020024199
5,67.31665,-153.07394,0.03797161
5,-124.687706,-75.053955,0.028380092
5,20.136719,-47.814423,0.047759905
5,-68.44645,86.400085,0.030057702
5,135.24976,78.89221,0.02418044
5,55.98044,-42.886475,0.024270792
5,-114.23827,165.87921,0.029408073
5,82.05472,-117.65375,0.021706268
5,-147.27545,170.2096,0.030156098
5,-41.743896,132.08539,0.031829987
5,-169.07567,-121.670074,0.03244252
5,71.455536,-92.54629,0.038580816
5,-159.39964,163.14563,0.029487286
5,15.05159,51.00412,0.04109494
5,37.40323,-147.41624,0.021806492
5,-76.71784,13.003571,0.026745133
5,-84.145996,135.50482,0.032123428
5,-77.50138,-29.170044,0.021832192
5,-87.350876,83.86716,0.038646765
5,2.2997284,-166.16432,0.02753481
5,-9.468262,-172.66776,0.027925193
5,-3.753296,18.977829,0.036215786
5,168.75806,155.47495,0.043026615
5,95.068634,-87.18372,0.024013106
5,-14.441284,44.79535,0.05271032
5,-27.135254,145.61267,0.028085427
5,-143.79208,-68.7351,0.027909452
5,132.1026,-90.34552,0.019750873
5,37.439087,-36.829147,0.039699543
5,-175.63156,-63.061356,0.03399026
5,-105.180336,-5.4620667,0.032183994
5,158.0503,-164.61896,0.03081583
5,-8.180511,25.96054,0.021389037
5,117.45526,-77.880745,0.025314532
5,-88.03802,112.18936,0.0353262
5,20.298737,131.94498,0.03065925
5,-126.36871,51.02495,0.048514027
5,139.64667,-145.90251,0.020333068
5,-20.933868,156.76758,0.041377466
5,-13.407822,-164.33464,0.03307269
5,-135.50275,162.31604,0.03068239
5,129.53961,-122.94334,0.025303368
5,114.72388,-155.07268,0.027778944
5,-96.10019,129.0857,0.029358832
5,-3.4237518,-124.892204,0.028578155
5,-109.11453,48.375763,0.027931524
5,-1.5591278,-128.45442,0.026177587
5,11.080261,17.209167,0.03631464
5,-142.69925,103.99292,0.05352824
5,-117.64012,177.63919,0.02792868
5,-20.835495,103.82855,0.031886593
5,-106.98542,152.23767,0.031568497
5,151.58884,-16.571884,0.0428035
5,-135.79855,-131.46521,0.02114644
5,49.121613,-37.869507,0.024248669
5,-32.434402,-53.048203,0.024653737
5,166.9913,3.7821198,0.02501625
5,125.82117,-136.04852,0.031990338
5,104.97833,-100.40775,0.030649299
5,37.22371,-132.23378,0.02915185
5,96.94391,-153.15862,0.030394865
5,-72.93622,89.44803,0.025771149
5,2.185913,-127.788445,0.030620184
5,166.36417,-7.0520935,0.020935353
5,-65.70193,144.75189,0.036760125
5,-147.0979,156.27954,0.026763532
5,-22.029694,138.21048,0.022371659
5,95.89444,49.109863,0.026638826
5,-7.2699127,143.6081,0.028361341
5,-36.457397,-154.9414,0.029636962
5,125.79721,-164.49901,0.023544068
5,-98.29702,-11.7260895,0.12735194
5,-124.11129,-137.18661,0.029584566
5,-93.45268,-171.4183,0.03421786
5,-69.46467,42.55208,0.038984742
5,159.03876,-22.102005,0.028062446
5,39.279205,159.68,0.040701322
5,9.464691,157.79431,0.025673326
5,-65.098625,163.4964,0.02046621
5,-137.74123,-135.07997,0.020524954
5,41.2256,-31.144073,0.034665395
5,-38.466568,140.88501,0.019952862
5,130.21182,-64.42775,0.02700954
5,-166.0218,-138.94135,0.029038604
5,-45.46756,145.41,0.019760389
5,-42.677307,103.56073,0.022336269
5,-124.186104,-77.41602,0.03179862
5,-90.033875,79.07675,0.036023516
5,-9.19902,62.087936,0.056753702
5,-106.23523,130.37677,0.029868895
5,176.18597,83.57739,0.032224473
5,-11.40538,-9.1610565,0.035802245
5,-12.979309,117.90085,0.021555485
5,-130.77992,-152.07597,0.034860134
5,-32.014954,125.043945,0.032888137
5,140.31369,114.001465,0.028506676
5,-10.281387,54.4395,0.04585445
5,-151.05865,64.12378,0.049206838
5,3.3652954,19.567719,0.030445699
5,11.7548065,156.29797,0.022583438
5,-121.97439,103.9411,0.051432785
5,85.328125,-141.96066,0.032331154
5,-151.05005,179.75427,0.02708545
5,165.88004,-177.64993,0.023486651
5,151.66809,-153.39996,0.020374527
5,-139.8718,16.620407,0.039550997
5,2.2148895,-79.92142,0.03147751
5,179.75488,174.74359,0.031325296
5,-63.367607,21.630585,0.06730484
5,-10.849915,81.500885,0.038361475
5,120.73511,-172.52196,0.029600212
5,31.116302,-9.049576,0.04013631
5,-94.71511,93.48584,0.022735309
5,-32.18286,12.957108,0.027474247
5,-131.0679,121.1207,0.031386953
5,-176.26868,26.223022,0.04713395
5,103.64545,-18.076508,0.037514336
5,-175.31438,30.587189,0.03580067
5,-17.833405,20.824814,0.03209671
5,67.40332,-15.014755,0.031307638
5,20.35852,-152.28287,0.02409679
5,-159.85492,-141.06088,0.021057906
5,-13.450989,-15.672928,0.025008
5,163.97461,179.48257,0.049727123
5,22.139236,-153.09059,0.034744643
5,9.624313,-170.96342,0.028609008
5,158.31976,47.739716,0.034767337
5,168.21661,-103.83725,0.023008939
5,21.737335,-60.502342,0.02560455
5,10.622879,-156.83026,0.028320372
5,-5.988144,127.93085,0.046383455
5,179.02203,-22.36795,0.026451617
5,-7.4742126,131.21979,0.03028148
5,42.68927,-19.488586,0.038023554
5,21.071686,-23.302414,0.03730104
5,-165.008,148.67548,0.010417577
5,-113.803,110.67621,0.040347327
5,-92.5596,-166.99673,0.025591563
5,145.89941,-174.14078,0.03102072
5,37.148163,143.16461,0.032663513
5,147.51944,152.22992,0.03456166
5,-129.68227,-130.16217,0.038885057
5,-109.37556,47.33821,0.032479115
5,-12.631271,166.16779,0.030671421
5,125.68375,-57.65145,0.030832278
5,-0.43159485,174.67645,0.02746291
5,-61.229996,127.28021,0.023933832
5,42.946198,-161.03043,0.040526073
5,71.68576,63.143555,0.043955114
5,-162.25017,135.43835,0.025026323
5,-118.24104,-84.53535,0.029840095
5,109.82019,-135.8205,0.038599662
5,-100.62467,39.963196,0.031148128
5,-115.57336,25.55478,0.030020757
5,6.4286194,-178.64046,0.019153606
5,117.30463,-19.001266,0.022219159
5,-93.573555,138.17947,0.036177468
5,-114.76097,-9.3372345,0.06284274
5,-90.37541,166.55566,0.02438644
5,24.75296,-163.60382,0.037724078
5,20.354599,41.87288,0.032154135
5,9.613251,-33.696686,0.023062484
5,4.1840515,-134.50746,0.030456645
5,0.57562256,-96.62675,0.039101403
5,78.24121,-97.53033,0.02360671
5,131.84695,-89.751,0.023433577
5,-126.878136,-137.61674,0.04485492
5,155.47183,-2.890442,0.03253913
5,-20.894363,110.39395,0.03255963
5,-164.68703,5.016693,0.021211555
5,-78.0917,-91.676895,0.0376383
5,2.883667,-87.68883,0.032815997
5,81.42505,-159.62695,0.016207743
5,-43.539932,161.5448,0.031522874
5,155.07437,133.3511,0.041859873
5,-111.88991,105.58414,0.023238365
5,-6.8065033,165.57266,0.01553606
5,33.704117,-114.36419,0.06792695
5,-57.166725,86.70517,0.03229601
5,-164.9826,119.56479,0.021802599
5,-30.952667,73.03319,0.04441772
5,-99.11759,-172.93494,0.030839851
5,-48.78485,126.47232,0.036097474
5,-16.837372,-58.201813,0.037013914
5,24.568481,147.87756,0.015288323
5,-36.252182,-157.08736,0.028081192
5,105.79016,-27.000748,0.03209114
5,-151.48872,43.62744,0.035335623
5,-8.55278,28.81511,0.03455641
5,-2.8221893,24.73941,0.03445923
5,26.784683,-87.27203,0.032406766
5,-174.51549,-173.8678,0.03343432
5,-10.517487,-167.16652,0.023906099
5,34.38823,-96.75395,0.06589175
5,-169.39677,74.753265,0.033209782
5,97.77893,-101.96415,0.027611014
5,-92.079956,164.52249,0.025109328
5,-90.667694,100.32495,0.042360153
5,28.02353,-109.88507,0.02446114
5,-48.41832,64.05121,0.032835033
5,-138.11247,74.78403,0.031853855
5,3.3265686,-160.14758,0.034914862
5,-0.9981384,-143.08417,0.025825292
5,-175.95708,-163.99483,0.030481556
5,-166.71678,168.96448,0.024240522
5,139.28107,122.87897,0.022227382
5,-147.3238,-35.846054,0.026436321
5,5.6052246,125.282196,0.035236422
5,-78.50731,112.71219,0.01920732
5,-61.749603,128.4925,0.016847622
5,-32.15753,138.0441,0.030777127
5,-33.391373,174.2472,0.034580205
5,158.53949,-166.74957,0.019713266
5,-80.88829,75.33322,0.036473967
5,-173.43446,163.71497,0.024492387
5,134.46484,-124.61425,0.037731495
5,-124.75776,113.341,0.06970235
5,-8.863861,52.45331,0.028533723
5,-51.41414,79.31061,0.03500209
5,-134.65184,-94.031624,0.045238003
5,163.65839,-9.017578,0.025228364
5,6.2062073,-14.89386,0.025758235
5,119.87268,-46.45717,0.044099316
5,64.08896,-115.86036,0.042306412
5,-13.240494,19.65741,0.050476026
5,97.8522,170.09143,0.030684356
5,-5.037964,177.52563,0.025265995
5,-2.1030426,-58.998703,0.027538044
5,-128.34511,59.833694,0.040521562
5,-98.924225,45.797974,0.040037327
5,-15.042816,161.57257,0.022160891
5,-74.89621,-124.743484,0.022072248
5,149.2594,-32.067978,0.025356766
5,166.84006,167.48166,0.34970546
5,-126.62216,112.67261,0.016695948
5,-15.279648,157.94995,0.03270623
5,-2.6697235,157.03888,0.04601617
5,-134.92525,76.29529,0.07785455
5,-97.6209,-6.368576,0.03722892
5,-159.94525,129.91406,0.04485252
5,-20.644623,128.38403,0.03063702
5,-127.29856,105.92993,0.03306671
5,83.58472,-137.41898,0.03537071
5,177.61835,-148.84843,0.031304408
5,53.349777,-154.1855,0.049329825
5,-64.77962,160.50128,0.020866487
5,173.08057,-4.300949,0.03797455
5,125.04874,93.10446,0.026206722
5,-178.80795,154.13318,0.025358398
5,-113.0136,117.82855,0.041312233
5,-168.84026,-24.752258,0.027392644
5,90.3884,132.6383,0.04138351
5,134.82794,61.61638,0.022195581
5,170.29059,-128.34521,0.036076892
5,-124.99615,-59.057007,0.047207728
5,-140.55673,-113.71192,0.04507162
5,174.3364,85.16156,0.031964295
5,-146.12141,155.89801,0.029097177
5,26.540512,178.38281,0.02359616
5,174.17328,-36.379837,0.019869063
5,171.43332,31.263947,0.032729845
5,25.101074,-90.30052,0.027095709
5,-150.04825,21.32994,0.037218314
5,-133.00548,47.00409,0.048123572
5,-146.8517,-95.012024,0.043474767
5,-79.51489,-79.74044,0.04053716
5,146.31317,-143.45459,0.028688904
5,3.3586426,-141.0429,0.027751515
5,-170.1731,165.51636,0.042326994
5,-70.982216,-142.01598,0.02724152
5,158.91003,141.25189,0.031348336
5,75.28958,-86.10876,0.025558066
5,30.408035,-14.689438,0.045967866
5,12.726639,179.61996,0.01764817
5,141.5159,-140.696,0.03792554
5,-117.846954,18.944336,0.070398405
5,-69.41504,93.15326,0.036302626
5,-9.68074,-104.72149,0.021905486
5,3.424881,-159.54907,0.040576205
5,-0.68310547,108.28992,0.022577094
5,29.40033,9.528931,0.023504939
5,-126.584335,147.84064,0.042447787
5,178.461,-62.9292,0.02948145
5,-51.953506,64.491714,0.021457613
5,-179.08493,-64.5319,0.02894923
5,-120.86662,166.46924,0.01267903
5,-124.48973,78.10852,0.036318157
5,173.61688,147.82553,0.038952697
5,50.27301,-115.62777,0.029737554
5,-29.455185,-57.219177,0.028574947
5,-114.623634,-140.23686,0.035472076
5,12.255676,-177.20523,0.026066162
5,19.40657,-147.44934,0.040447902
5,-155.47327,-151.93158,0.03091314
5,-99.043076,108.6662,0.026623586
5,157.0122,77.63406,0.031501886
5,-77.764046,152.96161,0.03391144
5,125.17877,-89.02384,0.041866377
5,-13.114868,60.503967,0.0363545
5,169.5296,173.19342,0.03266277
5,171.27927,4.8040924,0.024111666
5,-9.731308,-39.676117,0.02464577
5,-2.9029846,-165.81978,0.026936416
5,2.1494446,-172.1246,0.033598837
5,-179.0439,133.03384,0.02094096
5,110.33563,179.22498,0.030444955
5,-163.39714,51.856613,0.020010462
5,-132.6952,178.36792,0.023615645
5,-0.5153351,163.82556,0.03537468
5,17.189789,-84.52584,0.03352784
5,92.17999,-167.91055,0.029468613
5,-140.83603,10.954483,0.034373093
5,65.56813,-19.169449,0.031816557
5,-161.30685,-143.18295,0.028611107
5,118.76187,-115.02533,0.02366471
5,-20.642166,74.526764,0.030866891
5,120.86499,103.453094,0.03231986
5,38.358948,-148.34882,0.027555604
5,21.896164,-28.418823,0.025820745
5,3.2109375,-166.3406,0.022375474
5,126.19656,141.41318,0.029919896
5,0.90434265,-173.38419,0.014339548
5,146.46579,-91.32869,0.07931883
5,-15.365753,159.27844,0.023870356
5,-15.30838,144.9657,0.027771883
5,147.0232,-52.106567,0.042388193
5,-69.88965,-162.25781,0.042935465
5,133.47827,-72.41533,0.06507643
5,27.258179,-55.138687,0.049998354
5,73.576416,-63.205498,0.027924946
5,-76.379265,34.47496,0.038021427
5,-69.085785,119.53165,0.034787
5,-0.119262695,-157.18323,0.034617733
5,156.43842,92.18024,0.030492485
5,-4.537262,109.73779,0.015823303
5,-139.76878,-168.50533,0.01920853
5,-175.21518,97.38257,0.034566995
5,-96.265175,-96.9395,0.024541104
5,-128.10667,133.97403,0.02165389
5,-67.77256,23.1884,0.04241736
5,-63.51927,-86.510315,0.020735046
5,-96.866974,-118.47542,0.016386798
5,83.006226,26.766266,0.03070153
5,-165.78072,-128.11098,0.047644638
5,-4.298477,-164.06104,0.015323968
5,-120.09138,112.99274,0.031241044
5,159.07825,-39.16971,0.016119557
5,-167.18172,152.65802,0.022161594
5,-143.11238,-104.948715,0.032255646
5,22.085266,21.218475,0.030287957
5,-129.03453,171.04144,0.024905542
5,20.726227,84.912384,0.057808504
5,174.37482,161.87439,0.020050798
5,-111.23354,155.17041,0.02965149
5,-135.53601,94.41943,0.045607843
5,-117.93512,174.0351,0.022200672
5,-143.29977,21.673706,0.020022651
5,173.10767,-125.448944,0.024151266
5,151.45453,156.75537,0.029642738
5,59.161575,-87.64923,0.02984673
5,-58.35087,105.14624,0.0312178
5,48.070496,-170.1761,0.03468925
5,45.29605,-145.60425,0.02833641
5,-11.453613,-27.655212,0.037204433
5,-164.81075,25.7016,0.037807446
5,-158.43152,10.574478,0.0392145
5,139.18628,43.45903,0.02590888
5,-121.01376,-130.56804,0.031853672
5,59.848663,144.78345,0.027245846
5,143.98071,-99.006744,0.027609041
5,146.71631,-85.88797,0.02758208
5,179.60156,11.85582,0.026807832
5,-156.4032,48.725784,0.029540425
5,-16.71605,-41.493958,0.024850456
5,-30.62062,62.5271,0.04397966
5,121.608154,154.70639,0.017017508
5,-91.29836,67.36255,0.034037445
5,1.7990265,151.3765,0.043003526
5,46.79123,-121.564995,0.044912774
5,-5.5204926,176.32751,0.022206575
5,25.729141,125.58386,0.022730328
5,68.32312,-53.55175,0.025850903
5,36.02742,144.23169,0.0328542
5,91.85449,173.28967,0.034373622
5,175.78644,50.362305,0.034330085
5,82.76288,141.07004,0.024770755
5,158.46463,15.472015,0.033951018
5,-161.47838,101.20123,0.0518405
5,9.881729,-20.544037,0.06326917
5,150.28278,176.19635,0.028629439
5,12.358765,-77.277306,0.0335661
5,-79.54668,147.98865,0.023967147
5,169.2594,-171.6657,0.026275937
5,168.03107,-61.932297,0.034580693
5,19.367004,160.97607,0.040662445
5,-15.017059,72.56447,0.028550377
5,-107.210526,59.190994,0.033674654
5,0.1473999,157.91266,0.019010471
5,40.343597,-84.34151,0.026779924
5,15.964478,-152.04854,0.02765717
5,-170.82132,165.93591,0.024836497
5,129.79883,-77.24832,0.053511605
5,96.57483,-62.03044,0.0340392
5,136.50934,81.06967,0.028272966
5,-173.72708,-40.42917,0.04252773
5,1.1928253,-138.73615,0.041183595
5,-124.807274,-179.25833,0.0464585
5,-0.9972687,173.94568,0.040354837
5,82.95111,-122.10205,0.038392313
5,14.498413,-156.03746,0.0378093
5,-168.51329,164.2511,0.02519636
5,-134.39024,-137.24269,0.099790655
5,-175.3452,175.6159,0.017782722
5,145.17133,-35.4357,0.024342146
5,-166.73807,145.28961,0.016262671
5,12.805435,-45.815643,0.03263394
5,-143.76546,-51.266983,0.019200444
5,-147.13951,-74.28247,0.025817618
5,135.10352,98.09274,0.026571788
5,-25.66423,57.815643,0.03439525
5,116.71893,-146.57486,0.070020154
5,-120.75687,-167.54921,0.026615981
5,17.307693,-170.2351,0.03093883
5,131.03217,-58.331223,0.025430411
5,94.13724,-18.639557,0.042218268
5,-92.64335,-30.103088,0.046744555
5,122.33603,-6.732071,0.029083524
5,-61.348495,23.194,0.031494647
5,-154.76517,121.659485,0.021333069
5,142.1745,-158.27443,0.041523766
5,-0.044921875,152.42755,0.038091972
5,-114.52176,132.07648,0.027520835
5,-88.3148,102.1232,0.026859507
5,-3.895523,-99.125084,0.04455754
5,-53.46266,21.93193,0.02485744
5,154.62985,102.696045,0.048077922
5,-11.641281,60.63336,0.030064765
5,-5.721924,148.44556,0.027392259
5,-19.58992,-62.229774,0.025684722
5,-20.633682,52.009705,0.018689703
5,-147.57149,174.95148,0.06747177
5,-177.66252,-28.39856,0.029281458
5,24.868057,0.11898804,0.027539367
5,-155.35583,-20.741104,0.03926323
5,-44.913544,161.93396,0.029578444
5,164.85309,-173.50417,0.02125458
5,-60.59668,105.22247,0.04060413
5,-117.740364,56.72957,0.031031279
5,-67.821335,-162.75308,0.027925022
5,-25.100586,-145.96584,0.0182752
5,143.7005,144.19022,0.02956246
5,151.59949,-162.24881,0.031411707
5,-168.72731,-178.91818,0.04973529
5,-3.4278564,-143.68515,0.039621074
5,95.91681,-108.256744,0.03765667
5,-171.04268,13.707886,0.029658947
5,-130.44788,131.17017,0.027016062
5,-120.5684,-70.694534,0.05569773
5,-1.5889587,169.46066,0.043377716
5,-47.678543,73.74245,0.027476013
5,-22.758575,121.37677,0.045241542
5,-118.161606,62.992584,0.03498518
5,165.4567,-33.438828,0.038440283
5,51.582916,-78.47004,0.034265745
5,-118.05938,-124.067696,0.028081141
5,-176.61047,138.28741,0.028679203
5,18.814209,-150.21573,0.020484263
5,-40.993317,155.44,0.024094423
5,-40.7753,145.02536,0.02580906
5,165.49646,149.77087,0.026578028
5,-1.9023895,-176.78772,0.022158165
5,152.77698,127.718475,0.030735707
5,-152.87897,142.64862,0.06268562
5,4.600464,-175.42398,0.042757075
5,-118.88749,163.552,0.025817363
5,-15.829056,158.99072,0.037475348
5,-131.94374,152.23465,0.0316578
5,49.217163,-136.85115,0.021053696
5,-1.4967499,49.36537,0.047352348
5,79.41107,-48.61264,0.037570503
5,127.62738,-157.11417,0.019032419
5,60.104095,-39.72046,0.033193238
5,19.995728,-169.28041,0.02257775
5,141.64844,-163.95209,0.04913125
5,-79.77075,109.28821,0.02997045
5,-140.07928,83.55841,0.03163536
5,79.32062,123.30652,0.0333441
5,34.814697,170.21478,0.030655798
5,174.52045,-17.513031,0.029344777
5,-55.581863,47.809128,0.03101865
5,169.06793,-11.89328,0.03215233
5,-164.57303,140.62457,0.043778498
5,2.3675842,-157.28386,0.02508092
5,-8.828003,157.27661,0.030661708
5,-100.96159,83.864075,0.027639786
5,9.839142,11.494949,0.034060832
5,-104.91993,138.76608,0.048602972
5,83.70038,-26.738922,0.06151462
5,-135.44737,-179.48445,0.022937555
5,65.1154,-120.32356,0.027603868
5,-58.09913,127.33829,0.040804435
5,36.402176,-151.66101,0.021934731
5,129.08978,118.5777,0.020308299
5,136.81033,-13.537903,0.06479599
5,-85.79594,35.30313,0.036407508
5,-151.15836,-173.71722,0.026908824
5,-7.8664856,48.6678,0.032376904
5,84.62283,72.13977,0.050202448
5,-26.351807,-171.9264,0.029432362
5,24.780334,92.701324,0.041562013
5,119.32263,114.263,0.021417296
5,-13.62825,140.47534,0.022777045
5,158.2828,169.93542,0.024564516
5,-14.184799,58.93286,0.0650945
5,53.9722,106.76907,0.025801573
5,166.76996,-36.751053,0.03333528
5,-60.666077,175.13159,0.022858301
5,153.50708,-165.90976,0.027315548
5,-73.104546,-138.47917,0.02986868
5,77.29028,31.2482,0.022672454
5,53.201675,-110.34412,0.026362551
5,-7.270447,-148.2183,0.044040598
5,-170.348,-178.3581,0.017274756
5,0.26174927,-40.81711,0.031593237
5,109.04675,-80.6253,0.016578082
5,-64.89759,131.72675,0.025340315
5,53.54689,-47.12195,0.03140767
5,-89.45918,151.98148,0.024759822
5,-3.410736,-154.27916,0.01531522
5,-109.14759,68.59042,0.046039514
5,-35.51172,163.10278,0.039698698
5,-6.3034363,-168.86763,0.031064544
5,-6.326111,160.94873,0.023373803
5,-135.55095,152.4588,0.020839704
5,-149.19626,-50.77739,0.038616262
5,-27.224594,75.953,0.029086541
5,-56.426743,100.600586,0.030802032
5,-164.256,-157.41736,0.026734924
5,-5.247284,149.69553,0.023199864
5,169.09644,-24.114182,0.042241003
5,-111.9101,113.979675,0.044245746
5,-22.565826,-160.91302,0.04040774
5,0.32113647,-82.171875,0.037888497
5,160.24237,-7.3986664,0.028028592
5,-174.63522,-175.85513,0.06315995
5,-27.22934,40.023087,0.04061634
5,152.78372,36.905777,0.038989663
5,100.191956,-173.75626,0.030981945
5,84.11688,-80.53355,0.030324955
5,-147.0509,9.857285,0.03531381
5,172.11206,15.7487335,0.018798325
5,-49.594482,-147.06401,0.048263095
5,65.58031,-45.76544,0.037293196
5,-18.220932,161.60712,0.03407871
5,-39.526382,151.39044,0.029622406
5,-138.92252,-130.21634,0.038116228
5,103.02777,-69.34279,0.030735591
5,39.951675,-31.01175,0.04117595
5,135.56665,11.635468,0.031469375
5,48.66478,-38.9032,0.03815033
5,-11.386093,-89.99101,0.05360686
5,-10.06694,3.066101,0.036266595
5,-94.811676,178.21246,0.023371221
5,-1.6618805,-170.2829,0.033352274
5,-146.58417,-159.68385,0.028072571
5,68.43179,169.39789,0.027182877
5,-176.2649,-86.11902,0.034721825
5,89.30603,-88.27202,0.028126031
5,179.69049,-149.42856,0.021292878
5,178.60077,-178.82536,0.023793641
5,172.97397,-146.66542,0.021979632
5,132.49963,163.27646,0.030872481
5,1.945694,135.65576,0.02826949
5,-177.20828,-20.242355,0.02205241
5,-6.5898285,-149.84795,0.020429015
5,47.237747,38.563324,0.02774989
5,-44.527206,-28.51233,0.027654605
5,-156.00932,-79.24092,0.0334833
5,165.48578,-64.90819,0.020902187
5,84.700226,-97.34972,0.04119466
5,-0.108047485,3.032364,0.04713093
5,-173.70996,165.81909,0.028422471
5,-151.51566,148.84479,0.039552115
5,161.68073,-166.7238,0.05991042
5,-148.47762,73.172165,0.05127214
5,-6.960449,129.67322,0.031333555
5,-66.50272,177.51727,0.021865148
5,118.17688,177.47058,0.039162006
5,-116.391495,46.481567,0.037005734
5,151.99286,-49.76764,0.035090663
5,-123.344925,112.22156,0.017810345
5,-5.586838,-49.474167,0.028798841
5,176.77826,-57.489685,0.045030646
5,-171.33008,148.57654,0.03854039
5,-121.21673,15.646973,0.036170676
5,-131.62286,74.69165,0.03514059
5,-50.964005,55.12567,0.028422425
5,115.76553,-32.73236,0.039910946
5,165.6828,-179.11249,0.02618143
5,15.432785,-5.235855,0.029882712
5,15.538803,33.746765,0.0289861
5,32.466675,-55.85544,0.029389486
5,-88.85244,100.66229,0.063284755
5,147.17926,-10.387955,0.03107297
5,-9.122284,165.535,0.03045451
5,125.013916,109.61322,0.037674963
5,-98.96605,-39.261078,0.02619347
5,-122.621704,-143.44113,0.044424184
5,-176.1517,175.71448,0.023768362
5,-44.048737,-36.842163,0.029588532
5,-71.52453,35.685608,0.040131968
5,-4.5173492,-5.506653,0.035241064
5,-157.52414,65.69768,0.036574624
5,13.575928,-164.94212,0.03783605
5,133.99579,138.00299,0.053460497
5,-171.7337,-171.7914,0.03156141
5,121.924866,-140.91682,0.039488535
5,-9.999542,93.03088,0.048709597
5,-7.350342,112.478546,0.021310277
5,-105.98605,30.424652,0.028798405
5,-150.49321,110.321014,0.034536865
5,-172.9716,-122.45492,0.027900927
5,89.49777,-99.37821,0.024907066
5,61.59137,141.22708,0.034352433
5,134.55084,-29.83429,0.037192494
5,-139.5257,49.078064,0.078993335
5,3.0045319,-69.29913,0.019034764
5,82.09091,-136.03218,0.014820053
5,-179.49263,151.39502,0.034065966
5,-51.655243,107.39673,0.026421808
5,164.25827,-35.177094,0.03762683
5,-74.43882,146.92822,0.038759477
5,125.125275,15.405457,0.03051708
5,114.541016,178.0278,0.03414751
5,-69.70748,87.65857,0.02853629
5,148.94562,106.02252,0.046887126
5,-89.79755,174.97412,0.022933211
5,131.95834,-175.69478,0.03717582
5,120.58508,-155.14227,0.025245184
5,46.803406,-84.315216,0.055385463
5,-162.23769,-110.46142,0.020914026
5,-174.45618,-150.31378,0.02406922
5,129.47202,47.1821,0.03056605
5,-123.13608,-32.667755,0.031781726
5,5.908371,-160.06218,0.017820766
5,-83.21747,39.83542,0.033254664
5,-12.479477,5.921982,0.020230131
5,6.5387573,173.08722,0.032369368
5,-12.408432,163.12451,0.038724765
5,-162.96751,31.299988,0.029805921
5,145.20221,158.629,0.035830617
5,-61.96839,23.645386,0.021021174
5,-165.17511,6.606674,0.024678547
5,-4.2044983,128.37595,0.033383228
5,131.2301,112.5376,0.024716081
5,-65.71803,16.97937,0.030543808
5,57.91606,-44.335693,0.02177453
5,-37.82347,140.25092,0.039302133
5,26.975708,83.56189,0.021666298
5,-145.78304,6.945175,0.029889904
5,-98.85138,97.36926,0.04060459
5,-176.38338,15.54277,0.034689005
5,177.59924,-67.800804,0.03767328
5,134.30817,-30.596802,0.040491667
5,79.281494,-30.786987,0.043719005
5,-159.05836,-164.72444,0.020924015
5,156.4967,-133.31241,0.036875866
5,-2.7224731,-8.46167,0.03361803
5,159.37982,-169.62646,0.015358201
5,19.794006,-74.52066,0.026176162
5,21.746765,145.18417,0.024863552
5,10.546036,-34.38774,0.055247433
5,-146.00117,137.1629,0.02687355
5,78.09802,159.76404,0.02751147
5,-6.452057,175.92798,0.027852852
5,118.17828,-100.327644,0.03890294
5,-114.00978,173.21033,0.021398433
5,103.45233,-56.985893,0.034064576
5,60.29074,123.1756,0.043852918
5,-109.14236,90.32547,0.027720701
5,138.93918,-90.014786,0.030024264
5,-50.271057,148.36838,0.021531232
5,-49.820618,-160.51979,0.027437918
5,-67.76215,39.942566,0.029408548
5,151.97626,-50.280487,0.03797506
5,-124.34118,-106.655045,0.026217885
5,163.15176,-92.74834,0.023502802
5,-29.5997,5.8104706,0.028405422
5,-149.50764,-176.32991,0.030476656
5,-24.273163,-173.81564,0.024459891
5,-103.90589,-137.42145,0.016028615
5,-132.60117,166.28687,0.032209437
5,103.84094,-41.324677,0.0326922
5,-169.1979,-137.66873,0.023705235
5,45.120422,-113.80414,0.026343808
5,-45.17656,-97.482445,0.037394613
5,94.45346,-132.94675,0.030345224
5,-53.041542,-144.9558,0.03389219
5,58.983444,151.17935,0.022529723
5,164.22217,-164.98053,0.0240766
5,-33.43593,116.102875,0.057312287
5,-133.1455,148.08728,0.02344303
5,54.39058,130.19794,0.05233504
5,89.93106,176.25507,0.034598876
5,61.35199,179.72668,0.030083662
5,105.744385,40.62126,0.047689486
5,-157.42299,65.96292,0.032939773
5,-25.77658,49.019135,0.02519903
5,-144.79808,16.707611,0.030000938
5,47.009003,-106.28479,0.051133674
5,3.5670319,56.196198,0.059590884
5,3.3556519,-169.42249,0.03200554
5,96.52008,172.77081,0.048829973
5,-8.751144,162.87842,0.018181458
5,80.34207,-69.85967,0.021272
5,151.80524,-91.1975,0.018335544
5,-21.010239,63.12271,0.049803652
5,13.872086,-164.70486,0.022214917
5,-164.44437,-158.68204,0.049477115
5,-42.09076,46.613037,0.03307659
5,-11.527527,-6.575653,0.031142732
5,-147.51848,-166.03839,0.05972502
5,-147.67197,-47.975555,0.021774346
5,-121.53038,139.99078,0.017194984
5,48.78453,-158.43407,0.023466822
5,-135.61125,52.38913,0.019755492
5,-99.17261,83.57825,0.034322992
5,-153.11569,30.049042,0.024391523
5,-174.7469,179.4444,0.03919167
5,-69.98089,-149.85893,0.02289594
5,137.28143,-28.02008,0.036073927
5,30.410217,-149.71219,0.027525527
5,16.112823,176.5036,0.036668897
5,-171.15448,-119.708145,0.057033625
5,141.232,10.2846985,0.05544689
5,-165.15921,-15.565796,0.02807282
5,160.10742,-138.19502,0.025127023
5,-97.65461,129.43152,0.024675833
5,174.52551,137.70468,0.029955551
5,176.22906,174.65955,0.027671563
5,152.5253,-85.71968,0.024574412
5,158.65295,171.2279,0.029936774
5,119.2211,-88.15573,0.018598447
5,-20.748032,-101.52564,0.034907494
5,-75.965675,-56.851944,0.042927854
5,117.07794,-130.22932,0.030831078
5,-110.18677,114.059296,0.047325056
5,134.0054,-143.18921,0.040844396
5,-139.31396,4.6278076,0.02813564
5,43.076004,-37.154633,0.033470202
5,-29.20134,174.76642,0.024066959
5,-70.59759,75.50833,0.027590165
5,-106.437485,138.52216,0.039793722
5,-115.64717,129.23663,0.050489645
5,-138.12875,163.20502,0.026781926
5,150.90118,-112.823784,0.06925883
5,53.333603,166.60709,0.044726152
5,-64.15742,-58.692886,0.029850066
5,-26.873932,172.60721,0.034254164
5,174.97766,-18.982498,0.054734528
5,152.02863,-147.59126,0.015640672
5,-156.36794,67.490295,0.04486817
5,-59.426376,65.49881,0.032651044
5,147.80627,-39.791016,0.031438638
5,-110.71503,-170.4417,0.02064873
5,-163.27243,-172.31082,0.02819229
5,14.755295,-119.9949,0.043095093
5,-142.5717,137.01807,0.05348381
5,131.90512,-94.77641,0.020491624
5,-149.12651,43.090622,0.035936132
5,-80.95719,36.28363,0.034414873
5,126.87747,-54.61342,0.031448275
5,-118.1281,127.21158,0.024029544
5,-26.226517,-168.59448,0.047271546
5,-131.03477,-64.71386,0.034134924
5,-46.031555,-111.45371,0.023351818
5,-144.61876,-154.99138,0.027221752
5,-12.4409485,166.34753,0.01788308
5,77.01782,-56.229645,0.057729386
5,-170.0696,114.13602,0.057197485
5,166.3688,121.35162,0.0313354
5,4.5061493,178.9383,0.035837308
5,158.34665,-173.01996,0.033661883
5,62.09407,-40.542114,0.028514624
5,-115.47271,154.388,0.028051795
5,6.879883,170.48694,0.035280727
5,126.37555,-93.96865,0.022177188
5,108.62381,-117.07572,0.032818105
5,128.69849,-104.57134,0.022923755
5,-138.40173,105.586365,0.01610569
5,160.14108,8.34697,0.02970658
5,-31.889359,42.461258,0.026569175
5,-30.430313,111.9718,0.040503826
5,-73.05049,-87.2548,0.03786212
5,158.22443,-113.512596,0.027440686
5,-8.508423,102.934814,0.03764932
5,129.88202,-106.91483,0.026920587
5,30.503479,-176.86601,0.028135322
5,-143.06677,-2.8203888,0.05111323
5,-1.2731018,141.9447,0.03489073
5,141.34174,-86.2088,0.05536989
5,-116.22936,101.527954,0.040948443
5,-0.25090027,-175.272,0.021328485
5,46.348923,141.34076,0.029157434
5,179.78842,178.76004,0.026072308
5,62.49858,-130.9002,0.021800948
5,-143.86989,-109.82379,0.025132295
5,-105.36927,150.55157,0.031055827
5,5.9454346,152.85962,0.02577082
5,63.917694,-134.37576,0.040033497
5,86.89673,-171.04253,0.04175851
5,-128.11807,61.51245,0.022262566
5,69.1264,-151.21799,0.02669316
5,109.166595,166.45117,0.01995104
5,-123.51401,146.12473,0.036756724
5,6.1649017,-139.74895,0.017860532
5,-139.73013,143.68927,0.03120338
5,147.85669,-145.59357,0.030962711
5,16.316162,-169.89943,0.0242367
5,-116.38692,6.0884094,0.023822598
5,-172.1859,85.57117,0.05246559
5,-19.763641,-38.924698,0.047189932
5,-5.2347565,78.139404,0.017950373
5,-144.96825,-155.27942,0.041249637
5,143.33154,9.472916,0.045551848
5,-179.85701,-176.32574,0.02062504
5,174.34033,-86.03334,0.038207106
5,-42.856674,174.80182,0.021622185
5,72.79022,-77.99533,0.025870644
5,112.072235,-15.846436,0.032519575
5,170.0373,-155.79498,0.03628757
5,-132.64229,28.132019,0.0388442
5,-26.678116,104.88382,0.021901041
5,90.8353,-174.27046,0.023063984
5,-15.983429,113.56549,0.05629003
5,-167.92802,86.996155,0.03214914
5,154.4187,-31.709656,0.042544793
5,-154.87239,-92.14113,0.038337313
5,30.055084,-104.89774,0.030306172
5,6.038269,47.27339,0.051218238
5,158.12555,85.77533,0.021078687
5,135.6532,177.15994,0.026567552
5,70.48526,-89.00844,0.030053427
5,-1.8478088,154.62512,0.028724367
5,-93.09045,142.24304,0.03993918
5,-136.86847,0.94270325,0.05626189
5,-15.383026,22.00064,0.02607489
5,144.11517,-23.928925,0.063707426
5,-139.64928,20.072998,0.031643357
5,149.52814,-131.32738,0.025700487
5,-165.20955,148.3146,0.03826427
5,-8.714996,178.88696,0.015851058
5,171.8872,-65.91848,0.025222925
5,-56.31582,42.328247,0.026924899
5,130.24481,-126.99074,0.022217933
5,80.828766,-53.227303,0.020764718
5,26.080093,80.46707,0.029169325
5,16.305725,155.88062,0.043164868
5,24.85379,-69.50657,0.02086104
5,106.92438,130.60486,0.042318273
5,-130.74803,82.9303,0.024699196
5,-134.50122,153.06314,0.049695954
5,94.558014,-99.522934,0.03405219
5,-105.233086,-166.90654,0.023324281
5,3.5790405,-35.550186,0.0137239965
5,-131.27245,123.21597,0.026573112
5,-70.4067,-156.41559,0.02252624
5,24.185684,-44.35295,0.04450129
5,-33.550476,141.41235,0.026871087
5,-126.31625,163.60004,0.02923186
5,-151.3011,63.32135,0.023517217
5,170.04517,-6.282074,0.043452937
5,32.520615,-78.842255,0.0331165
5,-119.7878,0.045272827,0.040849224
5,57.830536,154.54602,0.0145542715
5,152.45685,-60.682533,0.04831755
5,167.50616,-152.2513,0.024169832
5,109.19211,-56.314865,0.027404005
5,11.136795,-91.41199,0.045115285
5,-110.89982,82.24747,0.023818858
5,-7.517685,-174.88443,0.0468443
5,-32.584305,-160.7723,0.021817628
5,-50.70813,-118.25337,0.032715682
5,-164.56279,150.99881,0.025939379
5,164.94116,-105.68979,0.07943776
5,164.98215,-86.98027,0.025174716
5,84.42798,-27.156174,0.027217511
5,-29.519318,156.55841,0.027831959
5,-22.7939,-175.28247,0.02038508
5,174.79584,167.1966,0.026332865
5,5.1525574,-129.19426,0.025294147
5,158.74048,-165.18951,0.02168924
5,-16.238754,118.6178,0.02485568
5,45.252075,-146.2108,0.028002312
5,-2.4226074,-166.0002,0.024390953
5,-160.81583,143.65213,0.014886725
5,-65.112785,68.38992,0.039003074
5,-169.66637,-166.43356,0.026550412
5,-170.1638,41.04579,0.054482333
5,-55.958275,-26.41838,0.066177726
5,18.647064,41.032196,0.041182335
5,93.0152,143.04456,0.030260488
5,46.179398,-146.92404,0.04588757
5,38.859802,-121.87669,0.025818758
5,20.52681,-136.89009,0.021962024
5,-15.099716,-100.65599,0.02906763
5,-41.510925,174.46216,0.023940455
5,74.36847,-174.39218,0.028609397
5,80.21704,175.28778,0.017760247
5,9.8715515,-11.531128,0.028534733
5,51.320404,151.4885,0.052326407
5,-151.16347,-38.250015,0.022423059
5,-9.668091,133.1629,0.04371109
5,10.071548,156.09283,0.036891013
5,12.14296,-28.805847,0.043518696
5,86.690186,-5.197403,0.030919127
5,114.15817,-109.03236,0.029026125
5,-160.50824,-26.529846,0.024993703
5,-16.73944,139.83997,0.025858628
5,39.97142,-157.70685,0.017503215
5,-170.37773,-177.69498,0.0449888
5,-26.055115,157.45468,0.03978108
5,-24.613663,-176.3877,0.03326738
5,-160.0686,-90.196884,0.032860488
5,-73.52802,60.395477,0.035643406
5,108.39679,-40.51419,0.028299011
5,-161.08406,-158.164,0.030264368
5,-125.00281,60.922302,0.028795073
5,-121.03122,-85.71804,0.023189146
5,176.01236,-170.80746,0.031092098
5,-7.430786,-24.257874,0.032228958
5,-15.768631,150.12439,0.020260973
5,178.6051,-154.76447,0.035420798
5,-132.402,-50.122498,0.024879778
5,135.19086,141.67413,0.029811768
5,13.5168915,-65.962715,0.021843666
5,52.118774,-56.36315,0.025880327
5,31.281036,-142.34712,0.033971265
5,119.17291,171.79837,0.041307483
5,-162.39693,-159.57927,0.026627816
5,84.77521,-90.18752,0.035494648
5,-8.450516,177.64233,0.039516635
5,58.44583,-126.06182,0.023296112
5,141.72736,-163.24077,0.020002343
5,-152.41418,13.575287,0.016611237
5,71.144684,-60.187256,0.030409846
5,-11.819809,126.847565,0.048783224
5,20.310272,-102.76031,0.030481528
5,-139.79414,116.71741,0.03961845
5,38.228546,-132.4677,0.033745885
5,15.780869,151.80814,0.030534279
5,4.010605,-173.07642,0.022763034
5,155.30664,-122.33958,0.01700081
5,-152.1804,11.899796,0.036218222
5,-4.7473145,-163.60054,0.026912633
5,-56.473907,33.553665,0.029898426
5,-161.75468,178.6352,0.036555417
5,12.130722,-136.33958,0.029719977
5,-154.3457,14.088608,0.039689507
5,66.69632,-80.90096,0.029012777
5,-111.09939,92.94513,0.02298318
5,178.3006,-149.11255,0.021830605
5,-160.88614,7.3643494,0.027718682
5,50.589737,-121.24576,0.03764136
5,6.5953674,-142.81638,0.0285681
5,22.759094,-82.33078,0.24997817
5,58.98204,-129.13095,0.05955623
5,-124.508484,68.29173,0.026024707
5,25.901993,-68.084206,0.05715733
5,56.995056,-163.8832,0.03707545
5,-123.052025,172.99133,0.027639851
5,-113.58875,-103.913925,0.035134662
5,-10.832352,143.37317,0.02518733
5,-161.05905,128.26001,0.035259966
5,11.018631,-136.03642,0.02911962
5,172.5622,156.35855,0.0338931
5,-34.833954,119.60489,0.052387543
5,154.73792,27.414108,0.017562319
5,173.75531,-25.829315,0.029077586
5,11.724213,-175.7014,0.03967446
5,174.92737,-161.07614,0.026983963
5,143.94989,157.32123,0.016768876
5,-23.368484,138.90533,0.018010309
5,23.71202,-103.78929,0.02619471
5,-17.531036,63.891098,0.024460452
5,-38.336,107.90347,0.017090736
5,-170.54579,179.6372,0.054436553
5,155.65009,146.12885,0.04389724
5,45.8544,-148.40439,0.04145001
5,-10.225647,43.750504,0.036373615
5,-30.001007,82.96777,0.038026158
5,17.35553,141.92175,0.02622228
5,171.21289,59.841797,0.04372369
5,-57.8351,-8.099945,0.040529855
5,-170.85004,-0.5887451,0.03327189
5,106.04874,-169.85005,0.028541831
5,48.656967,-124.56345,0.025025269
5,-126.59719,103.14691,0.031355772
5,-110.9798,112.16443,0.03331515
5,-14.192871,-155.95064,0.037172057
5,34.13182,-139.03899,0.02166371
5,-35.891632,121.72803,0.029514732
5,145.50232,-159.50864,0.021797258
5,-72.13285,123.01471,0.04293155
5,-144.92989,-74.22165,0.021443954
5,28.016724,-122.49184,0.049539335
5,93.02014,-165.89835,0.05472749
5,-106.92999,-150.96112,0.02931486
5,-24.577103,131.0058,0.017796375
5,19.023407,-93.07627,0.024539838
5,-25.072754,18.20343,0.052938703
5,-151.0066,81.358154,0.030762576
5,-166.39105,162.61407,0.025510767
5,8.040649,161.99542,0.028372886
5,-169.76083,22.996124,0.027038893
5,-19.020035,-27.763443,0.03463277
5,-162.20782,115.326355,0.044598877
5,-64.18267,134.11835,0.034327593
5,-2.8919525,-110.39332,0.024865108
5,-155.559,165.03363,0.03961237
5,-109.411804,133.24323,0.028697738
5,-9.77565,60.255432,0.03172987
5,38.194702,48.334473,0.032722376
5,-50.689102,4.4654694,0.0371277
5,20.289581,-140.57277,0.030336907
5,117.59094,-24.931427,0.03710687
5,12.351837,146.8244,0.023983225
5,-157.67833,-30.817474,0.032401
5,178.64023,55.17737,0.03190927
5,42.659958,134.90277,0.035060123
5,20.040298,-26.555557,0.027418941
5,-23.99408,28.499329,0.039852384
5,7.9945374,-157.08784,0.019565228
5,50.04503,-171.4729,0.025967142
5,-58.025436,152.06473,0.02076443
5,-94.57681,163.60767,0.021014836
5,8.823898,-160.10808,0.039018236
5,-71.85143,128.12857,0.04143237
5,-34.065186,179.46173,0.01791616
5,11.565796,172.30988,0.021409336
5,164.13647,-148.2234,0.025816359
5,-71.66483,172.64825,0.04061706
5,137.69797,151.68274,0.022747388
5,-1.6285095,-170.56201,0.018830458
5,20.385788,170.56665,0.03062252
5,-132.43741,51.42604,0.02930168
5,-11.103195,176.59296,0.034504604
5,55.753296,-151.19884,0.020514438
5,16.537567,14.74292,0.032519322
5,-13.184494,137.88373,0.018294329
5,104.53552,-138.89192,0.030782618
5,77.62378,99.68475,0.046725973
5,-11.916428,134.28784,0.03787825
5,17.08142,-27.354477,0.037532024
5,9.611801,-178.46225,0.043045614
5,131.12103,143.44092,0.030474272
5,-167.43945,59.52104,0.030200517
5,0.5135193,168.05756,0.03134229
5,-108.90502,133.81015,0.026348868
5,-30.563736,135.5788,0.03007765
5,-63.415726,-116.83017,0.019198488
5,-85.30515,128.38757,0.042548664
5,6.159668,-43.43393,0.040185865
5,170.54822,142.3692,0.04335084
5,-109.98579,48.134247,0.046959653
5,-97.49072,170.06403,0.02023463
5,4.156952,176.59589,0.018003153
5,-127.498344,43.622955,0.037184205
5,-41.010986,-13.878052,0.036418937
5,147.3659,-166.89429,0.021302026
5,-21.09755,89.97003,0.023575688
5,-87.548485,-105.47371,0.01793763
5,2.3408508,-133.12094,0.03827784
5,-92.87745,23.601944,0.035080906
5,38.842896,164.54202,0.019316843
5,159.79321,-84.77572,0.02209329
5,165.57318,177.00046,0.028005635
5,-178.47649,93.157715,0.027449561
5,2.6542053,-66.32869,0.025883641
5,176.20624,149.30273,0.024146235
5,-77.16621,139.32419,0.019141393
5,27.240143,11.245956,0.04022601
5,145.6175,122.25723,0.036359183
5,3.4300385,104.024994,0.030233173
5,-97.11555,76.29291,0.033406578
5,-162.93315,162.56802,0.014714431
5,-98.04662,85.38107,0.030109674
5,157.82697,176.44086,0.02657566
5,24.786682,16.357712,0.050778847
5,-146.36992,158.88055,0.027404396
5,-9.745361,92.05829,0.014714686
5,25.752655,-111.81817,0.036645222
5,151.32712,-90.905,0.06714795
5,40.95749,-93.75431,0.035145726
5,56.608795,-121.38391,0.026280753
5,-48.479492,82.26361,0.04856277
5,-165.83545,-174.82195,0.034735907
5,-165.83775,-37.543304,0.03240271
5,149.72327,-4.684677,0.0478649
5,-178.94482,-0.5604706,0.054915454
5,-149.35338,9.596191,0.039764598
5,1.6025543,-152.57796,0.03007277
5,-123.66401,118.020966,0.03068846
5,30.82315,145.96701,0.028444141
5,-162.66777,146.65762,0.03561593
5,173.38098,-4.4788666,0.3988103
5,17.5253,-83.25624,0.033982694
5,-33.381073,142.34164,0.024557924
5,110.576965,-42.454117,0.051935747
5,155.68204,-156.51491,0.03267521
5,-64.01209,82.39154,0.031085938
5,147.81635,-149.17067,0.057932585
5,-170.16444,17.576828,0.021440845
5,-117.2928,31.233047,0.06257748
5,-164.49417,14.548325,0.031872988
5,-177.14514,48.09732,0.02367347
5,137.84567,-11.713623,0.042792562
5,-8.580551,0.9376068,0.029020349
5,-14.578323,146.15271,0.030552162
5,141.68585,-98.217285,0.038142763
5,-10.242783,163.69623,0.04329554
5,84.14377,-124.91237,0.036430817
5,52.5551,-160.20572,0.027425382
5,-0.85232544,8.600967,0.03819516
5,38.186584,-39.09468,0.022647632
5,-4.215576,172.88309,0.030890418
5,72.51938,-153.41965,0.023794413
5,-104.26457,114.05365,0.024910204
5,38.40825,141.28424,0.025917288
5,-143.11406,51.15396,0.03131669
5,-90.945526,-108.4146,0.035616487
5,-132.32361,161.62921,0.028089046
5,-52.38681,126.14502,0.018869024
5,20.281693,-126.84157,0.032000538
5,-40.64258,114.5217,0.038376406
5,175.28864,176.96759,0.022929039
5,-124.39526,105.45389,0.032329526
5,19.173386,-89.9333,0.01810199
5,174.80759,153.32208,0.02748861
5,-152.0489,52.523438,0.0304001
5,-146.61905,157.10059,0.019685932
5,-65.49401,88.549866,0.023974217
5,-12.62735,-178.49434,0.043254174
5,177.91168,128.08289,0.024623223
5,131.7674,4.5017853,0.038182076
5,54.792557,68.742874,0.03429858
5,129.46848,-134.05244,0.027680287
5,-156.94833,136.34006,0.03934079
5,-14.694138,159.14941,0.04040356
5,-105.702156,-55.57544,0.042410407
5,164.09329,98.457825,0.027577087
5,-144.92259,-39.68036,0.033835437
5,-34.87497,-93.597984,0.05551245
5,20.749802,172.2876,0.041137014
5,35.17798,5.806366,0.023451107
5,-44.57846,9.135727,0.02950231
5,-107.00486,-173.0173,0.08414596
5,102.015045,-118.42131,0.022215804
5,-13.764069,-128.30644,0.023804156
5,1.7007141,-170.36906,0.021496769
5,-38.462753,120.3703,0.026510548
5,-176.72038,-116.87672,0.040802974
5,-16.375397,166.43549,0.02662132
5,-7.1414795,163.43768,0.033838738
5,-90.13217,-46.74716,0.031465735
5,46.499237,-120.270546,0.01596905
5,-18.403488,51.434372,0.03670677
5,85.01865,161.1145,0.039201647
5,-132.01622,98.46588,0.04589184
5,-36.69017,126.72034,0.017314103
5,-179.17882,-59.918686,0.081015006
5,-177.69928,-147.31883,0.05522279
5,138.41623,-155.56665,0.042630915
5,-63.892242,-151.1376,0.017937098
5,-77.663445,-153.89594,0.035809122
5,-66.43921,167.7508,0.028011296
5,24.275894,-111.75276,0.03962561
5,30.656921,-137.99162,0.018907031
5,-53.41469,163.71732,0.027448153
5,-163.70656,-1.1278534,0.030896429
5,157.0838,-109.91244,0.044676263
5,94.282715,-173.88052,0.027908616
5,-176.84525,-136.47824,0.030703899
5,36.5587,153.87909,0.023767132
5,-8.416809,54.691467,0.038099874
5,88.72586,-146.00107,0.014003975
5,96.870056,112.63815,0.03322589
5,3.8437958,173.65768,0.038588896
5,-22.760529,23.157959,0.035148695
5,-121.22746,92.58035,0.03594665
5,136.51868,123.565674,0.043516684
5,-15.272614,-106.523605,0.029912038
5,168.15198,-121.62115,0.022812495
5,119.97653,-130.15248,0.030709198
5,-153.30573,48.552612,0.034209352
5,-134.72969,96.96884,0.020359268
5,-27.82048,164.89178,0.03253733
5,25.866669,-70.85944,0.017426154
5,57.552963,-142.24698,0.030281719
5,67.320816,-128.11963,0.021096615
5,166.58572,-18.336792,0.044867445
5,-31.963531,3.999054,0.040192608
5,-9.412018,-14.906021,0.023134045
5,-1.8973694,-176.32898,0.023953104
5,95.12109,-109.09505,0.030472334
5,-141.77519,146.03159,0.019076666
5,-138.17703,175.87326,0.015080384
5,-125.198975,63.344925,0.038562708
5,79.34802,-91.32995,0.03991964
5,46.573425,-13.160187,0.040259823
5,-143.316,141.2973,0.024292538
5,117.02054,-18.969406,0.03675235
5,133.14514,152.97592,0.022192368
5,65.83298,178.25635,0.023608577
5,38.726883,-134.45807,0.025336234
5,-97.881874,112.83835,0.033514876
5,149.53006,124.25714,0.02893222
5,11.6297455,-136.53142,0.031467665
5,-178.77748,-75.985985,0.04882047
5,-70.681694,81.675934,0.04708
5,-103.19469,-60.84617,0.041030407
5,-28.092667,21.763641,0.05154334
5,-24.90068,-132.11588,0.040018156
5,45.06682,-129.83595,0.0250694
5,-157.84372,-129.33447,0.018119812
5,8.294998,-50.307922,0.025519319
5,-8.395615,-63.13144,0.026500909
5,-17.357132,136.11423,0.07016158
5,-1.444519,-166.25946,0.037337363
5,9.866974,147.82788,0.038010973
5,173.45691,-149.81076,0.03715554
5,66.33896,-41.083145,0.05203203
5,44.975525,121.24432,0.04442881
5,-4.631073,175.27011,0.032156345
5,-149.84126,-17.713882,0.029159598
5,142.12204,-177.52498,0.027621947
5,-9.324554,158.95624,0.041525662
5,-114.88601,90.17639,0.04430262
5,-37.191162,-177.39508,0.018856654
5,-13.825104,-168.67577,0.033956308
5,-83.33493,76.78879,0.026818302
5,104.6102,167.42218,0.054030426
5,-173.07544,-5.3645782,0.07901927
5,-165.78755,95.348236,0.026519941
5,-57.94011,-132.63406,0.027972272
5,125.07916,-39.989197,0.035754755
5,-140.39345,83.569824,0.043069974
5,63.704712,-114.57746,0.04106213
5,11.410553,-154.92493,0.028917972
5,175.50061,22.313934,0.030363696
5,89.63971,170.80194,0.04553368
5,-164.38264,-43.967285,0.028764145
5,-25.544891,18.54274,0.038077854
5,168.51917,76.04422,0.031578396
5,-3.5555725,166.70221,0.026805736
5,178.61627,-153.88261,0.027799388
5,-133.38477,126.7168,0.033879977
5,33.32878,-28.891861,0.01901194
5,-16.617477,-137.81964,0.0430633
5,-92.36062,66.59689,0.029701335
5,-46.76982,-142.885,0.023977501
5,-139.64911,61.010193,0.031730104
5,-11.884842,-39.89241,0.024607632
5,-76.004395,-147.15433,0.059396207
5,154.46008,-96.29479,0.038614366
5,-70.16335,121.01691,0.03279067
5,-69.18034,-90.05961,0.035828788
5,45.95047,-41.580032,0.03110463
5,-168.8151,-33.14157,0.031571563
5,-3.6135406,-105.178955,0.04141443
5,153.26868,12.574463,0.022585277
5,-2.7489166,-174.24652,0.056191165
5,-104.69702,42.048187,0.062226452
5,-171.35153,-169.75394,0.018097127
5,-53.07849,-95.81375,0.024005357
5,176.74066,157.35303,0.022063468
5,-16.23108,-135.72076,0.027109064
5,-31.241104,-5.384491,0.027604232
5,-121.50312,-71.53963,0.030035993
5,-173.41809,-161.94484,0.028964182
5,17.449524,164.55261,0.02867612
5,-16.723663,94.4249,0.017839026
5,27.496841,-108.35907,0.043323807
5,50.043137,-137.51178,0.046794675
5,-156.85567,-35.62567,0.027370976
5,-39.919662,22.871796,0.029046232
5,169.35791,-3.3669128,0.028769229
5,-173.48506,130.15399,0.036678016
5,161.58118,-22.579147,0.025155015
5,71.77246,146.01562,0.015701052
5,156.95813,-15.915375,0.080913685
5,-80.56637,-138.32831,0.04181035
5,171.87836,-70.76299,0.031340823
5,166.8913,179.48157,0.030734483
5,162.7027,27.060013,0.04339706
5,4.7903595,14.79454,0.035857838
5,-120.631676,150.3276,0.01401508
5,4.173691,115.13052,0.03457759
5,84.98703,-179.73485,0.019624704
5,-119.68349,-171.42998,0.026358971
5,-12.023224,162.91766,0.046888366
5,-162.19128,179.38965,0.01948536
5,-9.048218,149.01569,0.03063642
5,-160.51355,-42.178513,0.026044466
5,160.05798,-4.295471,0.028419916
5,4.913086,-177.3149,0.017281655
5,-152.80551,24.935242,0.032633934
5,-84.74117,153.66162,0.027990818
5,-1.7968292,145.14868,0.025417542
5,9.559662,-51.340317,0.015977697
5,164.95407,-129.15501,0.030191716
5,62.96588,-114.15985,0.038287964
5,-165.67451,153.8103,0.019470414
5,144.13864,-149.66183,0.020472037
5,-32.192688,18.386002,0.03564745
5,140.63763,-46.42328,0.024927258
5,-21.595871,172.43597,0.025201203
5,30.342499,-76.313416,0.020249367
5,-22.594254,127.6149,0.036201786
5,-159.83522,-152.527,0.018240243
5,70.5067,-82.762505,0.044848632
5,-46.644196,41.277924,0.027084913
5,-52.225418,130.71146,0.017863663
5,19.930481,-31.013367,0.02768694
5,49.161194,-87.408295,0.022441361
5,158.57416,-157.31543,0.016929466
5,-165.1693,76.09412,0.029453618
5,25.035019,94.54083,0.035102364
5,13.152527,-60.593773,0.025960065
5,10.064362,-104.780304,0.045411024
5,-57.64647,91.52194,0.032813832
5,13.49968,179.56354,0.03062026
5,165.20074,137.67361,0.025762727
5,110.74689,166.00739,0.048738062
5,-3.1540375,-140.27704,0.024377896
5,-170.07654,-176.38707,0.016317395
5,48.453857,-163.95674,0.017208291
5,-12.852051,175.48059,0.023061577
5,150.80981,-140.47354,0.041333884
5,146.38147,-138.11969,0.040804002
5,-172.09993,11.643219,0.033511303
5,119.10391,-179.36453,0.04917341
5,-151.86844,145.72253,0.03150934
5,39.274353,-165.66418,0.030017978
5,118.39972,-173.3181,0.049327664
5,-166.5272,-50.96591,0.027939664
5,178.1416,-179.19888,0.018374335
5,-25.134201,-131.41882,0.034086853
5,-175.86172,22.894638,0.018715277
5,-9.206284,-13.104858,0.029273137
5,151.13785,-0.10795593,0.060932882
5,-10.140366,-1.0978088,0.034408934
5,30.9729,114.20236,0.02779978
5,-27.82811,100.64758,0.032488387
5,-157.25185,177.6066,0.030537227
5,-60.01165,119.18573,0.03241035
5,6.1153717,-112.02401,0.049325142
5,-13.884781,-118.40721,0.028705005
5,-10.813187,177.29852,0.03389364
5,8.179733,160.99359,0.0208615
5,86.828125,24.682098,0.09903132
5,-5.0375214,-162.92477,0.027120676
5,-159.70813,23.378204,0.028391732
5,-132.83731,-143.06787,0.037095815
5,-5.6186676,169.94366,0.02242825
5,28.913284,-48.0177,0.034769263
5,139.99017,-54.98945,0.03631391
5,178.73743,-177.46782,0.03097953
5,-53.54534,-62.589188,0.029767808
5,-17.33693,174.87317,0.019539509
5,141.80743,-115.05267,0.017810969
5,13.456451,179.67642,0.023879386
5,37.768967,32.85611,0.036813617
5,12.269348,25.193161,0.025516354
5,137.77893,-30.276428,0.028339209
5,-74.310524,126.069336,0.01507241
5,-156.15683,41.998093,0.033823665
5,-45.451218,110.181274,0.044875607
5,-70.372765,87.29111,0.023232412
5,-153.62305,-133.9045,0.026015086
5,-19.37976,164.3255,0.023759877
5,-105.25173,162.68317,0.03544542
5,154.3902,167.06927,0.03890548
5,175.54272,-143.64984,0.047535136
5,-141.26431,-68.39082,0.025634982
5,-104.051506,5.477112,0.032775614
5,8.407135,-159.77655,0.024473755
5,4.6571655,-131.9605,0.04716494
5,-151.09666,108.3161,0.029028548
5,169.86353,-117.574974,0.049519412
5,-138.87949,41.918808,0.038998302
5,-168.96082,24.953094,0.023038834
5,-39.329285,30.707,0.036769915
5,-133.92863,8.323883,0.039150354
5,-169.04489,0.7784271,0.025308695
5,-14.323593,-17.572983,0.030184204
5,-154.10419,112.74866,0.048935775
5,6.548233,-150.34593,0.0282485
5,162.4076,-39.485306,0.025936102
5,61.244324,-137.554,0.032735817
5,179.29999,-11.740082,0.036102403
5,-8.79985,171.71674,0.02937964
5,116.675476,60.568436,0.036355764
5,126.37048,138.31824,0.020516839
5,81.57114,-41.684372,0.02009533
5,-6.0592346,-174.88715,0.026496202
5,-5.304489,147.945,0.023194682
5,171.16583,-179.71446,0.03178437
5,-140.62854,40.085587,0.03331705
5,-169.02243,-111.49472,0.025755119
5,-154.92879,-126.4532,0.03385295
5,155.04852,-10.374176,0.035142593
5,-111.06732,128.0343,0.037308887
5,-174.75916,-139.87144,0.036936704
5,-109.24192,-130.43977,0.022783443
5,-53.238693,126.30646,0.032864064
5,-151.00708,-139.06944,0.026637154
5,-22.392853,154.17679,0.01795302
5,102.29059,-143.6822,0.027407972
5,11.948441,-96.93365,0.03619757
5,-160.74869,-177.31963,0.014966013
5,95.14096,-115.45051,0.022347467
5,-107.20564,115.61749,0.020219535
5,53.54294,-14.419449,0.041492518
5,-22.993729,157.60114,0.018666599
5,3.399887,-119.419556,0.03602026
5,-168.62236,81.66614,0.03694635
5,19.574356,-122.30306,0.018001191
5,-64.30743,64.83884,0.043920934
5,109.60834,-27.521988,0.03390684
5,-2.8426208,170.14337,0.027872784
5,4.7007904,-164.40005,0.03462052
5,64.66647,37.38211,0.031705517
5,-24.085388,156.16144,0.042481836
5,-6.9459534,56.347763,0.025974344
5,138.5769,0.34669495,0.0361818
5,29.251724,-133.75787,0.025687926
5,-114.76773,90.02783,0.03563148
5,-15.38089,158.453,0.0421538
5,-116.84201,-162.0523,0.024797225
5,70.45557,-120.6223,0.021315493
5,52.54361,-1.627533,0.032032494
5,105.01544,-81.56113,0.033631384
5,-100.64231,91.99698,0.022899078
5,73.10892,143.53485,0.027031375
5,-25.757645,116.65863,0.030638566
5,-83.33844,152.12335,0.035751436
5,18.86856,171.37885,0.034040425
5,175.0299,-26.251587,0.03140852
5,171.06265,-150.62103,0.043957908
5,-153.99812,-160.07529,0.042546157
5,136.35098,-53.239616,0.036389485
5,-48.34108,31.782257,0.029393105
5,109.59775,-167.81601,0.020548573
5,145.5119,-141.29843,0.041852318
5,-40.70996,90.99866,0.03308605
5,2.7668762,177.315,0.029681113
5,127.51187,-147.89096,0.026226468
5,80.237305,-4.579651,0.028620407
5,-21.02678,107.399536,0.02787194
5,99.497284,-125.017586,0.02508093
5,-178.24825,153.78162,0.024436004
5,-170.67624,79.21774,0.02671799
5,100.69946,-51.398224,0.030601392
5,-20.362228,-138.3597,0.017381316
5,-123.5139,119.108765,0.03794872
5,21.180328,-112.75617,0.04455763
5,-37.358307,-176.44495,0.02447784
5,-7.5867615,-49.319534,0.032060746
5,-40.549164,131.15894,0.025868641
5,149.16724,148.54434,0.026533283
5,-3.107895,161.3197,0.014953055
5,156.6221,-151.50778,0.019363804
5,170.24756,113.594604,0.05152593
5,-60.315636,87.60889,0.026709113
5,165.66861,33.01123,0.034504108
5,-167.22867,4.007202,0.041696295
5,-44.278748,-159.39255,0.017727843
5,27.955734,-168.98547,0.04100699
5,96.09744,-103.968956,0.03407555
5,153.7127,65.90369,0.031041585
5,-29.801575,-166.79555,0.03275618
5,-170.56216,-149.20357,0.020355867
5,-46.643555,154.74908,0.022475228
5,-4.943619,-132.1756,0.02953768
5,-64.71374,101.786804,0.02749707
5,-110.779686,-115.93485,0.01945726
5,18.495102,-102.43637,0.035575174
5,23.675293,-141.07059,0.035571948
5,2.5680847,-11.984573,0.024354795
5,177.57489,71.854614,0.023495948
5,16.610626,-151.91135,0.034076262
5,-152.9674,-143.06844,0.031889293
5,-31.348053,-165.06128,0.03431219
5,-128.95535,-163.34312,0.036884002
5,-9.957947,-106.593895,0.019140944
5,79.667694,66.62689,0.037077297
5,30.2184,60.90204,0.017034357
5,129.0474,-25.56897,0.0331102
5,-27.531448,9.364319,0.045937285
5,139.94034,116.76834,0.030846803
5,166.75323,-18.94963,0.023420641
5,-149.26399,16.578033,0.03899332
5,-85.89974,64.20068,0.027433109
5,27.782883,174.0415,0.03224996
5,-125.46748,114.512054,0.019693846
5,-167.3311,-148.36089,0.039639957
5,-55.987335,12.460754,0.026233878
5,-37.098022,113.871704,0.022156157
5,5.579956,-169.9257,0.020848282
5,-148.45494,-52.962784,0.023052065
5,-28.732544,78.74771,0.041416425
5,-17.265228,45.490234,0.039702993
5,-113.845024,24.536926,0.022793224
5,-86.80339,81.302185,0.035996214
5,19.938568,-164.34283,0.031358078
5,-28.141327,145.20816,0.0324381
5,46.593185,-89.83759,0.029526042
5,60.213318,-137.90898,0.01159314
5,-10.538818,69.064026,0.032952487
5,-15.733826,-123.036674,0.020942755
5,153.6565,-158.12852,0.020382687
5,64.10593,-156.61551,0.023435334
5,-165.10675,67.10527,0.035817776
5,-131.69276,119.16498,0.014758917
5,142.8899,-149.41057,0.04784518
5,-168.93341,156.02155,0.035561632
5,178.97046,162.8617,0.035327733
5,3.6008759,7.3171387,0.061389726
5,-31.597443,156.45752,0.018323634
5,168.80301,-164.78534,0.02857258
5,-21.817993,97.59741,0.057424005
5,10.853027,-11.216721,0.032519143
5,111.449036,-40.095993,0.045271877
5,-51.842117,131.8302,0.0379719
5,175.02393,19.756042,0.033690512
5,-146.82457,-133.18274,0.02611478
5,128.70593,-159.32256,0.044594888
5,4.216919,169.11139,0.02343147
5,169.95135,172.8429,0.01697312
5,148.13892,-167.57568,0.06931289
5,120.29144,-154.6555,0.026900303
5,131.39697,13.614502,0.032403782
5,-9.742767,-132.91135,0.03090409
5,9.170044,161.48828,0.019736942
5,13.986969,-51.511505,0.033899233
5,112.64966,-59.107346,0.036072824
5,18.022491,-117.81978,0.03832472
5,175.86871,23.713165,0.044770453
5,72.33557,-58.21881,0.032584216
5,-76.74179,3.1400604,0.023493735
5,-35.55832,-178.96118,0.02660148
5,-152.81343,9.650024,0.03546767
5,-33.365845,44.073746,0.071303695
5,1.2741089,-174.68509,0.04153169
5,47.363235,-38.472748,0.02773044
5,-157.10661,175.04242,0.029653644
5,95.04352,133.46423,0.045770906
5,-45.093323,136.51923,0.029335696
5,29.564499,-170.4312,0.03279153
5,-64.06233,136.53183,0.024694629
5,-12.887772,-14.367004,0.023929063
5,122.92911,-120.66383,0.025311526
5,115.52942,124.11517,0.02783956
5,0.4858551,171.0458,0.037167463
5,-53.90529,15.100708,0.0498272
5,102.595795,-130.48773,0.015386795
5,17.494888,-107.86962,0.032976106
5,-147.6143,102.687744,0.016470836
5,-72.090965,44.499237,0.024706231
5,-133.07922,59.1644,0.022014422
5,134.69952,-99.63035,0.05059839
5,85.125305,-166.24615,0.027344365
5,2.719818,-176.72998,0.04131276
5,154.5877,-79.14302,0.029332489
5,109.34323,-90.48225,0.06866855
5,133.29944,-115.835846,0.019002158
5,-165.3378,63.148346,0.026912631
5,27.2229,-71.73411,0.040945347
5,-58.494415,-89.58561,0.017283179
5,119.32559,-144.7796,0.025931379
5,144.04245,-107.82528,0.026869666
5,22.568634,-78.35149,0.022849295
5,-66.077644,159.69324,0.019418404
5,169.2167,-155.23398,0.030671721
5,28.380295,-130.79628,0.02943259
5,-78.93291,143.1449,0.026816726
5,8.95224,-86.811295,0.059854172
5,-4.0742645,-178.05823,0.019396216
5,85.19992,-75.86157,0.028261518
5,11.027832,-161.95529,0.03289373
5,-173.53406,11.43457,0.032425612
5,152.58826,-65.92491,0.026729748
5,-61.77118,-162.02107,0.018973907
5,138.69498,-72.21409,0.034617156
5,175.2287,-168.62296,0.01898696
5,102.46277,-72.4158,0.037655793
5,-73.755325,92.753174,0.05040438
5,99.3598,-101.48276,0.028442744
5,-38.736206,147.25403,0.029859645
5,-154.93169,169.9667,0.021507075
5,-177.66429,130.99768,0.030686432
5,42.354828,136.3544,0.030655097
5,11.756454,139.51834,0.028084027
5,-152.86348,170.11804,0.039582968
5,85.45123,129.95526,0.036593344
5,-99.106384,159.88885,0.021863107
5,-15.569366,-160.3712,0.02163043
5,10.301224,-136.52588,0.021267
5,-149.57153,137.24548,0.039136976
5,19.629822,131.86084,0.04470287
5,-96.32264,132.82062,0.054460585
5,-50.735733,49.87294,0.021138404
5,-48.915405,106.45386,0.018977616
5,-28.373413,157.49487,0.0464296
5,-17.64267,-110.86604,0.032360125
5,89.89755,-157.45876,0.029989189
5,59.13672,-112.31056,0.034431975
5,-173.26256,160.0026,0.02695215
5,151.44257,-172.04233,0.030479806
5,-76.5465,113.72748,0.0405789
5,54.42563,103.10608,0.02205179
5,-35.884964,37.78253,0.033711754
5,-175.52686,-173.07521,0.033417415
5,-34.71765,81.93948,0.02740374
5,-178.81079,111.04785,0.046464533
5,98.103546,-169.04378,0.041080303
5,157.98602,16.105164,0.022263909
5,-129.0676,35.2294,0.05606664
5,-118.82224,169.16458,0.04028005
5,-170.88803,115.01477,0.026071062
5,114.436066,-132.30614,0.03112836
5,10.360062,-176.67416,0.024314098
5,47.69908,-97.64373,0.03757914
5,-171.663,134.57544,0.03276639
5,49.603027,-132.51564,0.025274612
5,76.82495,-53.90883,0.026059909
5,-113.15184,123.664154,0.021514272
5,-20.92775,-137.71709,0.034198493
5,28.207458,-32.389725,0.040701482
5,-175.6551,164.41089,0.031484075
5,-25.910889,36.9861,0.033559937
5,-105.251015,115.079254,0.02227056
5,-18.641266,179.11823,0.01816233
5,105.32623,110.8241,0.027118066
5,160.3787,-144.0069,0.024124729
5,10.960876,-120.09107,0.04157426
5,36.413467,1.8649445,0.030430919
5,29.659012,31.801392,0.03414661
5,-157.27905,-99.8376,0.026434712
5,133.90118,-108.645134,0.045383453
5,-28.923569,-177.49113,0.037476614
5,-11.804947,-176.48999,0.03832014
5,-19.48944,153.85742,0.020449666
5,-20.084793,124.490234,0.02365721
5,-16.62178,134.8158,0.04264088
5,46.799606,-110.084305,0.05019164
5,-36.289673,74.15933,0.020501342
5,0.78463745,-172.53215,0.048434198
5,138.1831,115.048615,0.030935733
5,51.097107,142.61877,0.044306345
5,-116.83959,-135.02327,0.020947963
5,-59.307274,165.32507,0.057736713
5,-0.6188812,-170.93979,0.06227729
5,-51.595154,112.77063,0.037497602
5,-72.56628,159.64536,0.04755621
5,4.6897583,-62.208237,0.041105986
5,0.19281006,2.8082733,0.018643128
5,128.20679,-89.60908,0.032145295
5,-49.478455,74.8801,0.026025945
5,159.72351,-174.1457,0.02687338
5,112.35309,-134.52199,0.019384174
5,71.53113,162.09106,0.029159686
5,-43.384583,43.33185,0.036554188
5,29.954712,83.92972,0.039890934
5,-35.731293,125.855316,0.03250177
5,-63.36969,54.004578,0.0590507
5,26.88977,-162.53348,0.034455504
5,17.390076,-147.67363,0.018760806
5,98.6983,157.79675,0.025588308
5,-48.151855,7.6684875,0.027028104
5,-9.866013,-51.01689,0.027115174
5,19.594437,-124.585396,0.035069264
5,-109.51797,-160.9355,0.029758437
5,-39.648315,-135.65877,0.030442651
5,-36.69545,-116.790016,0.037383307
5,-3.8741455,174.93964,0.025013046
5,105.4429,-49.8118,0.03252162
5,-55.78121,-48.96106,0.037314914
5,145.87943,-171.951,0.025731167
5,147.32819,-159.9249,0.018864628
5,21.358307,168.60431,0.021087386
5,173.63275,-158.26152,0.025052056
5,65.48401,-100.6673,0.031942796
5,-51.69281,155.37482,0.02433506
5,-79.21517,50.46747,0.038450226
5,-31.693817,-17.114029,0.060468633
5,125.34009,-156.8046,0.038949136
5,108.81311,-156.46152,0.027555738
5,141.37369,-179.37054,0.029351713
5,4.610016,-94.822296,0.023004884
5,-21.392212,55.992706,0.021605607
5,174.49658,172.40234,0.018230986
5,-80.725975,-143.93585,0.024952365
5,5.6258545,-178.95146,0.01741494
5,25.66124,-47.98964,0.028165469
5,-177.45985,8.884338,0.043541554
5,-173.30766,-8.694916,0.026948472
5,17.88942,-40.121887,0.047528666
5,171.4444,177.0293,0.026465349
5,-38.807632,101.504364,0.035419013
5,-7.900421,1.9118805,0.032447327
5,-175.51904,24.530106,0.037008766
5,12.535217,-154.70926,0.038467556
5,161.53525,-174.29178,0.027061047
5,57.753906,-54.39885,0.034944378
5,-20.410522,143.04764,0.023329642
5,-32.70302,28.231903,0.013609257
5,-32.622086,-91.89151,0.034132026
5,-54.094444,156.216,0.022207951
5,-142.532,153.4859,0.05271875
5,-103.7108,-113.91499,0.035776876
5,-148.97318,-146.6163,0.041284103
5,-91.97189,-42.19098,0.024344658
5,-65.25076,-128.35333,0.033066694
5,-175.61316,153.85522,0.05401659
5,-0.80622864,12.398178,0.028167
5,-3.4633636,88.285736,0.032532252
5,1.4483032,13.852966,0.029336046
5,-170.32787,159.48749,0.028986378
5,-56.67186,26.91043,0.045271803
5,-130.15303,28.361145,0.036050472
5,144.0299,-45.618713,0.041766822
5,122.90805,128.36353,0.031114876
5,-160.55545,172.09964,0.021938486
5,-159.36029,126.00339,0.032022417
5,-87.448944,110.31818,0.029709863
5,-169.60257,170.0633,0.033379495
5,-84.45203,-126.065575,0.029693117
5,131.58704,-58.38556,0.021260709
5,-36.800156,29.734375,0.025376739
5,-169.6771,119.19479,0.056074962
5,148.86288,165.12976,0.031526018
5,-12.435791,162.79303,0.039402414
5,-51.469788,122.60339,0.026710581
5,134.64746,-112.229294,0.02090332
5,-136.61626,167.43323,0.027814593
5,97.2923,90.28662,0.07082634
5,-162.10822,45.954193,0.031882748
5,-57.33641,-156.25775,0.02726823
5,74.81622,-99.40068,0.047283277
5,47.64778,-46.033173,0.038700514
5,163.53033,-12.853653,0.039269447
5,-92.929955,-105.15446,0.024409628
5,127.82587,113.88678,0.036037106
5,-29.414581,-160.46243,0.040524736
5,-112.11906,-154.90642,0.020830274
5,-165.77686,19.473999,0.031951103
5,-24.833649,16.564072,0.022133633
5,-130.58922,47.034576,0.03020926
5,-93.22708,73.849335,0.044012107
5,6.4144287,-172.22165,0.026836505
5,-28.775345,78.61615,0.025399616
5,-150.55435,65.69702,0.058964804
5,33.770477,177.85852,0.052181218
5,161.64484,-3.3095245,0.026597291
5,-41.38736,-173.8855,0.013788508
5,5.5504913,-51.974136,0.04335795
5,133.10742,-135.42184,0.032584894
5,179.65918,125.42459,0.022539295
5,169.16565,-57.62889,0.020155907
5,-61.463226,-162.96953,0.037168913
5,-8.683853,54.641205,0.027178722
5,-121.33221,104.14725,0.040313005
5,-126.47747,14.749588,0.02279607
5,106.87186,-159.86606,0.021307735
5,-102.45668,130.76282,0.033967666
5,-118.82158,38.386017,0.092474036
5,-81.025345,23.145203,0.03674003
5,4.668152,-167.34744,0.07350183
5,71.00241,164.91718,0.03303463
5,2.942154,64.72563,0.036668923
5,-115.94538,72.682434,0.048009183
5,13.779907,-112.91326,0.02389301
5,-114.02234,-128.53664,0.019274643
5,-85.49073,75.068665,0.045050304
5,-6.369034,-178.32823,0.024629166
5,134.8771,97.460846,0.047672797
5,11.490631,-150.6476,0.027124992
5,-105.477264,92.11426,0.04311446
5,22.302597,92.92978,0.025058309
5,35.34401,-131.19191,0.041542653
5,22.537018,-87.6065,0.027336668
5,-108.76577,117.166565,0.032714374
5,1.7194977,127.020996,0.030281367
5,131.2959,-137.797,0.042281494
5,19.977844,-142.54968,0.0274578
5,-26.837769,152.82892,0.04381645
5,-156.64272,-23.323349,0.033639073
5,-159.68164,24.56717,0.034127146
5,-25.222885,-156.95226,0.05196769
5,-155.22371,94.91333,0.025929263
5,0.9401398,62.50392,0.018394882
5,-2.956604,1.0653534,0.021982068
5,-23.927734,162.38486,0.019298196
5,-50.73703,151.85406,0.037454553
5,-150.24815,170.42242,0.03046376
5,-108.10738,64.32303,0.033820007
5,-81.90289,-135.07405,0.032949116
5,-41.33351,25.797638,0.029659607
5,14.264404,168.47192,0.03886885
5,15.189178,-133.56335,0.025881972
5,-126.829445,76.73151,0.036753237
5,-149.16046,28.625885,0.04162109
5,-23.238678,149.81406,0.026757505
5,-79.99779,-143.049,0.018485954
5,36.26187,-167.93356,0.02309766
5,98.95227,-128.68765,0.062611185
5,-153.92441,62.735046,0.037570383
5,157.14813,-48.979248,0.028985228
5,-145.11511,81.17206,0.035425004
5,-132.33455,148.79504,0.027707595
5,-51.475403,84.42996,0.04071524
5,0.2723999,142.69153,0.029362308
5,4.789337,138.46909,0.037763186
5,-144.83554,25.575134,0.021698363
5,145.20447,-148.8773,0.031231413
5,27.502075,5.5474854,0.02972941
5,-175.15524,-148.98235,0.032655895
5,-60.680695,119.661285,0.019296257
5,147.79211,134.84424,0.033537768
5,-178.61095,-148.98067,0.032480925
5,-116.641235,140.78918,0.031233279
5,-167.69006,17.769882,0.0320695
5,-175.75883,115.916534,0.043322437
5,-51.789307,-101.351845,0.03621285
5,50.351196,-161.83324,0.03230971
5,58.56906,-130.34363,0.0261024
5,-174.83041,-154.11046,0.017322391
5,140.5192,-87.15412,0.045726404
5,142.94116,63.77533,0.029871916
5,-141.21515,-131.50607,0.016691266
5,-143.15726,-38.431854,0.027034482
5,-154.09532,108.08432,0.029723324
5,162.62762,-127.49079,0.029280733
5,-85.918495,169.05927,0.03465849
5,-143.9827,80.79285,0.042369455
5,159.97498,-17.093628,0.0426223
5,-7.4331512,82.82388,0.033278175
5,-74.432,-173.19746,0.029725045
5,-149.72061,18.30336,0.025278816
5,-151.33745,-139.4116,0.04113872
5,168.80371,164.99854,0.026639044
5,46.02298,17.784958,0.037838172
5,-10.562332,134.65942,0.03233324
5,-152.32422,81.53125,0.03150931
5,170.13889,-175.15323,0.014777344
5,-90.69694,-83.320244,0.024723193
5,-2.751831,179.10425,0.032115426
5,138.7049,-11.407898,0.016721664
5,-178.08646,-2.7281036,0.025819404
5,130.13562,-140.74368,0.040208638
5,86.93689,-100.19901,0.03000062
5,-97.33664,143.11093,0.04043958
5,158.61682,-55.444946,0.041388154
5,176.68304,175.3559,0.029290907
5,-94.45988,51.36125,0.024859918
5,-167.57329,8.245041,0.036659107
5,-112.026474,122.16797,0.03155406
5,-104.24915,-77.71165,0.036645163
5,117.22681,-69.31192,0.033629544
5,113.141174,-116.92984,0.029655878
5,165.59149,-131.39728,0.028789168
5,-0.14312744,-25.317917,0.03434297
5,140.70395,-59.272827,0.043151665
5,-167.70847,-65.387634,0.013719158
5,-160.04776,135.99884,0.014090351
5,-0.50883484,-52.458054,0.044293735
5,20.967072,120.6402,0.020263435
5,-6.0802307,78.34979,0.02795326
5,-160.07132,59.646393,0.04002963
5,69.42273,-162.0119,0.044288933
5,-5.473984,-32.72722,0.029457983
5,31.25914,-134.45494,0.024796678
5,-174.67326,13.558136,0.041791357
5,31.519073,0.443573,0.03429456
5,-26.86055,151.7591,0.02428403
5,145.87238,-45.273575,0.026140902
5,-160.21523,151.02914,0.01606248
5,118.62448,-114.57889,0.022595996
5,-33.074066,-16.446716,0.029195685
5,42.99875,-94.01947,0.022049224
5,-5.8185883,157.35913,0.023220796
5,126.30188,-135.32541,0.045579985
5,18.421265,-133.80391,0.027726654
5,-12.748779,-175.85892,0.025234917
5,-13.553268,122.29794,0.033827648
5,13.436844,-11.172836,0.03364571
5,43.80258,-119.93311,0.027316872
5,-55.278946,-93.931526,0.02048033
5,-80.96732,123.37277,0.033970073
5,-150.60439,96.93991,0.02058815
5,59.765274,-83.581154,0.038074024
5,-167.59242,111.027954,0.041629706
5,-42.605682,93.23761,0.029328022
5,12.768814,-155.72697,0.034783702
5,-115.12823,-133.40224,0.027897276
5,163.19012,166.40887,0.024377936
5,164.4177,-169.49916,0.021096952
5,-75.15328,112.28909,0.021214137
5,72.736145,107.5838,0.02100568
5,5.276779,-129.33905,0.025531925
5,-174.48268,144.3902,0.03625905
5,-103.02851,-178.48422,0.021347815
5,-132.01797,172.61166,0.05197881
5,-35.531845,35.53929,0.024503428
5,8.070908,-39.39978,0.032474115
5,-162.47676,105.174805,0.06292065
5,36.413513,67.2449,0.026179092
5,-106.55162,176.24152,0.043910578
5,2.7823792,-130.81706,0.022412106
5,-149.24088,-17.610504,0.034736115
5,-13.2209015,155.15118,0.031590033
5,165.9259,38.19072,0.027714059
5,-23.242859,111.37088,0.029706083
5,8.69133,-166.59456,0.027129782
5,140.85333,-32.86435,0.042346943
5,108.05554,-64.162315,0.044315785
5,-100.69808,97.81885,0.0247671
5,130.51123,-67.17895,0.04236208
5,80.96799,156.44211,0.039910775
5,-170.85425,-173.6038,0.04082523
5,173.79456,168.23361,0.022301497
5,35.290726,83.03833,0.0334368
5,-16.468369,-98.64581,0.019963192
5,-136.47276,2.7482605,0.033319924
5,81.773224,-88.716286,0.029358499
5,-22.699081,141.99881,0.031152828
5,-177.02972,-81.57506,0.03149898
5,0.3033142,106.13928,0.01828813
5,-146.90002,-144.0566,0.038664684
5,-175.46397,-174.47253,0.024841504
5,94.84604,-87.72241,0.015178463
5,-105.82252,-139.76212,0.020139353
5,86.13495,-106.079796,0.06393898
5,179.39111,66.703705,0.0283441
5,7.6810303,-1.9651642,0.02604319
5,10.088501,111.589355,0.049425602
5,-15.673645,175.01184,0.035605002
5,7.2159424,-5.8950806,0.029977007
5,16.585632,152.2944,0.028739879
5,-69.84538,111.55487,0.03453141
5,-11.813507,176.12079,0.044494193
5,6.0204315,145.1286,0.020533316
5,-24.059067,164.55862,0.054264326
5,159.12726,-163.59311,0.0169657
5,-164.12248,-84.2236,0.029451596
5,-0.5842285,169.03992,0.034461472
5,3.1345367,-115.17185,0.03710315
5,14.144791,-170.26497,0.031002218
5,-35.77533,169.69891,0.03616889
5,38.68901,-43.87259,0.045006495
5,79.73346,-173.53009,0.02566072
5,-18.326752,17.042847,0.02030754
5,-43.421997,-69.35918,0.045817215
5,-169.44307,0.38998413,0.019628491
5,-145.72487,28.805481,0.06897842
5,89.862305,-88.321724,0.02777261
5,104.41388,-132.86337,0.048749723
5,158.99646,-164.16109,0.035352714
5,146.81519,-158.28065,0.02270613
5,31.367935,-122.200676,0.03400677
5,-134.89507,-131.92477,0.03684958
5,80.872345,-23.382706,0.02875475
5,94.780914,-148.79274,0.016744254
5,-167.53867,-162.35443,0.034842774
5,-178.14072,-0.040893555,0.03226102
5,171.64331,-175.44052,0.01616839
5,-14.27655,160.5694,0.019077031
5,62.30423,48.112457,0.40152794
5,92.36328,-99.42989,0.024951069
5,-24.406052,42.490524,0.02122673
5,-12.458511,-61.255844,0.027660254
5,-37.919037,-122.25583,0.033189714
5,-132.82114,97.84946,0.036531724
5,-79.282845,-172.11824,0.033060297
5,156.90411,154.10043,0.024839299
5,-163.21533,22.970596,0.032194532
5,-81.83887,-136.35648,0.03777779
5,96.17377,144.57596,0.026670149
5,-134.98598,112.79535,0.05043264
5,148.63016,-46.41414,0.027588822
5,-78.201416,157.95871,0.041816328
5,-177.84142,-177.71198,0.02415095
5,-171.85423,48.75293,0.02902667
5,146.17377,-31.286224,0.052897375
5,144.93912,-19.205246,0.030192899
5,-65.59769,11.221725,0.03270826
5,152.44714,-73.69828,0.03261165
5,-179.71373,163.84048,0.034958147
5,-153.10806,100.46408,0.033513907
5,0.27850342,117.02521,0.02464776
5,93.33447,-162.58429,0.034338295
5,-10.083374,-174.49643,0.028943118
5,-145.08269,49.652603,0.042272713
5,-85.037346,10.96756,0.04155483
5,85.99283,-115.79965,0.03499987
5,-98.67462,169.47675,0.025047239
5,-107.41552,174.9805,0.022312185
5,-17.209381,118.56796,0.032405198
5,-168.73079,-144.59068,0.026489004
5,167.74219,-172.36847,0.02322901
5,-14.089218,-163.41757,0.029724684
5,-31.232498,-152.64226,0.031106021
5,-9.004089,-128.74983,0.025849242
5,-35.787903,128.82611,0.035999347
5,-23.249466,161.31042,0.025161654
5,-132.70091,164.06842,0.0314269
5,-169.2676,139.20404,0.024251964
5,116.19763,159.28137,0.03582028
5,-58.89389,143.1282,0.043048557
5,-10.44075,167.5202,0.026732242
5,32.425415,-113.65818,0.02149393
5,-139.47284,146.62152,0.023306198
5,117.40906,-86.43079,0.02570528
5,42.022156,-26.440643,0.031230561
5,12.597168,51.075287,0.029730095
5,-144.09877,141.13641,0.03290371
5,128.98328,-158.1215,0.023388322
5,5.9339447,-65.16518,0.022485394
5,-123.500404,-125.407776,0.03209987
5,-176.22948,-135.51,0.02377076
5,44.37567,159.80719,0.030973112
5,-49.259827,175.01248,0.021337211
5,-34.12204,124.63635,0.023346616
5,15.138321,15.470886,0.020385962
5,35.27861,-12.7708435,0.036338266
5,-164.61127,-136.08601,0.031951364
5,175.30438,68.182236,0.035109106
5,147.29324,-155.74696,0.04078545
5,16.485062,-39.10872,0.026728515
5,-140.03033,-178.0401,0.032953925
5,-11.159271,114.70157,0.019255761
5,-118.70836,101.99011,0.017033521
5,136.04303,-78.6749,0.030827064
5,111.76248,-129.38448,0.030150706
5,23.293015,-23.730438,0.022207119
5,2.2270966,-173.79893,0.03791515
5,29.597061,-132.20111,0.020869931
5,-8.461487,36.859726,0.034772106
5,-8.278442,159.40741,0.021307368
5,132.18701,-11.492813,0.038895078
5,63.691147,-38.695114,0.019474233
5,-138.22961,-9.487762,0.04587125
5,35.501007,-9.469452,0.05523159
5,155.48135,164.768,0.020045085
5,-131.5626,139.44208,0.033594206
5,0.5352783,109.679535,0.036062367
5,-132.5028,123.3111,0.029964034
5,63.991486,-168.68965,0.03178599
5,175.33466,-19.436386,0.024461964
5,83.9953,-139.62347,0.051426344
5,-8.825211,12.544739,0.029607574
5,-139.72873,-1.7172699,0.03719875
5,-16.368973,113.206055,0.02014018
5,131.09406,112.23877,0.02219507
5,165.75522,-144.32082,0.026310377
5,-29.077942,39.648422,0.037082475
5,-89.62603,40.92392,0.021629708
5,-175.10222,169.71033,0.035377305
5,-170.33414,-33.235703,0.036169883
5,118.00635,65.58978,0.025810217
5,-45.068375,147.4917,0.019139409
5,-29.87938,-0.889328,0.034801975
5,-87.36178,129.5899,0.022743812
5,-169.1481,163.93628,0.019235022
5,150.13333,-156.76613,0.03325822
5,9.23204,-161.88914,0.048063952
5,-126.57495,140.62305,0.03691837
5,57.94818,-71.930565,0.021077184
5,67.259,175.9812,0.027945241
5,160.4873,6.2229156,0.019349672
5,154.90442,-150.4952,0.023209037
5,130.69019,175.64908,0.020409048
5,-7.3743896,167.70554,0.037883613
5,-171.5546,2.8012543,0.03633465
5,119.453094,177.22113,0.046372354
5,64.512146,-165.34467,0.02018997
5,146.18378,-112.52027,0.04740909
5,112.48721,-112.43772,0.035882056
5,-137.80418,170.86578,0.025459528
5,159.46301,-154.59741,0.03992431
5,40.94055,9.726761,0.04896858
5,-97.08841,55.41574,0.05376046
5,5.7044373,47.813263,0.025693532
5,13.22403,-178.03441,0.028593177
5,-11.063263,142.77213,0.047460146
5,-178.79091,163.96674,0.03016085
5,-25.359482,86.06549,0.02800781
5,-28.869202,101.09631,0.020509448
5,121.46893,164.04114,0.053024385
5,39.83008,-152.7021,0.03209389
5,-0.5368347,-178.30943,0.025589604
5,107.31125,35.10965,0.028557636
5,51.299835,-105.705826,0.016555155
5,30.389618,143.7815,0.02594295
5,-24.512543,139.82895,0.025995348
5,-10.7968445,171.01447,0.02642784
5,88.67801,-43.10063,0.036920514
5,-154.68767,152.42426,0.03625937
5,-3.0399475,-120.983574,0.027796593
5,171.0929,-127.510666,0.028622352
5,49.193115,-121.68822,0.03356802
5,-75.6439,-14.913971,0.029685186
5,105.67816,-15.54599,0.022978676
5,-30.906738,42.86197,0.0380345
5,-178.57648,135.31598,0.03263451
5,-131.79616,-114.58459,0.018857714
5,-19.447266,108.21472,0.017749263
5,-12.048782,-175.18222,0.016379524
5,-6.8267975,143.9606,0.02114496
5,-98.80509,86.370605,0.026145801
5,117.394806,161.80573,0.02854601
5,174.46967,-19.785568,0.023842249
5,152.85675,-8.974228,0.026339695
5,128.01654,82.57062,0.02745668
5,-37.800568,25.92891,0.026584916
5,104.776306,-153.54456,0.027103284
5,-22.970337,-25.04065,0.022573326
5,160.4226,75.06677,0.033476725
5,-84.84568,-171.98955,0.050114997
5,158.83585,154.32587,0.027753847
5,73.25966,-66.45117,0.030238196
5,9.47261,-16.616959,0.028453514
5,-77.80413,161.46768,0.0250466
5,0.94425964,101.90094,0.030720336
5,36.079132,-102.44428,0.05271548
5,-7.56839,2.4559479,0.024774723
5,134.04779,-146.61145,0.03184244
5,147.10529,-172.32707,0.035165656
9,12.79245,113.37756,0.05546398
9,151.17325,-121.073494,0.040213287
9,175.47699,-168.4954,0.044200134
9,-88.763565,114.078735,0.033600807
9,97.867004,-169.29063,0.025290133
9,120.6156,-97.47665,0.035032388
9,46.46463,-119.122826,0.034926224
9,118.88043,-36.770477,0.04049646
9,-24.32492,78.05652,0.036609787
9,-134.5268,-94.87199,0.0626867
9,116.59897,-52.851685,0.027995907
9,163.92633,-70.07066,0.04664004
9,-104.13889,-96.10354,0.03660577
9,-23.442001,150.62479,0.048437815
9,21.22548,161.56042,0.04118845
9,-120.4539,95.41504,0.03670152
9,-140.16713,131.6289,0.08193227
9,-12.890091,-121.03092,0.027748056
9,-145.35492,35.51779,0.03850386
9,-152.79062,120.20517,0.04134267
9,162.78375,34.584366,0.054966986
9,-28.173218,54.639328,0.03415892
9,-132.77278,-164.51492,0.03253817
9,-20.741669,-131.19548,0.028033985
9,-152.1109,72.06622,0.06480447
9,102.553955,-112.45518,0.043381803
9,-62.447983,22.189545,0.050263613
9,14.148193,-77.51827,0.044366796
9,172.26428,-166.44276,0.025599243
9,-106.4587,17.173706,0.045814343
9,-99.55079,100.04462,0.04789694
9,24.20108,-42.373413,0.018486673
9,68.97748,-108.0893,0.057219114
9,20.790573,-73.193275,0.03230915
9,-46.423706,86.090485,0.036124185
9,-6.683563,-23.211136,0.024474671
9,-171.00763,-140.48187,0.0355791
9,100.75342,158.76178,0.016839474
9,-59.68747,60.176285,0.04332856
9,78.47186,-72.147125,0.031352364
9,133.6221,137.32971,0.028004136
9,-24.67659,96.07086,0.03241529
9,91.48468,165.9003,0.025233785
9,23.812927,-119.97918,0.03804942
9,13.1957855,117.36661,0.02920281
9,63.21808,-4.3160553,0.049752653
9,142.50128,177.59113,0.011899245
9,-0.12928772,-179.21724,0.026304556
9,84.04086,-68.535126,0.04861921
9,-14.818527,172.95874,0.025754914
9,-0.47505188,145.81146,0.033195373
9,-15.40979,149.15863,0.030551301
9,-75.40206,-116.83136,0.037261304
9,91.894714,-158.14027,0.0568472
9,-103.375565,177.14923,0.0359359
9,-122.67309,100.14581,0.03444203
9,-165.11145,21.46959,0.035407662
9,-45.440247,154.41626,0.032248776
9,-177.95052,-103.38905,0.031137682
9,13.171188,-137.68015,0.071196236
9,16.987854,102.09924,0.05229338
9,-140.46286,-121.488014,0.031385418
9,96.75061,-68.36779,0.051371887
9,59.8833,-153.71825,0.035071194
9,-177.37074,146.31766,0.039131153
9,136.62115,-45.55458,0.047509957
9,-106.2879,90.61838,0.030758755
9,-177.02127,179.39084,0.028778156
9,-117.16691,-107.59996,0.021049155
9,141.12134,-53.149445,0.04577947
9,179.93912,7.6311035,0.06244302
9,-30.734116,124.29523,0.041929107
9,-54.17813,-159.27997,0.026033828
9,3.072235,-12.20932,0.036897343
9,-78.041145,-77.94325,0.03621973
9,-144.30121,-178.56224,0.027183766
9,-0.3816681,-37.15381,0.040103223
9,-4.2725525,167.57208,0.028359825
9,-64.4053,29.171661,0.042869896
9,-15.700928,25.112854,0.033328548
9,154.2138,-137.45027,0.026344469
9,-144.10548,29.853989,0.0267159
9,10.860947,-38.938034,0.036575332
9,-23.188446,172.02744,0.024324352
9,-1.0846405,171.72052,0.05608282
9,143.07874,-34.349045,0.037260644
9,-54.47754,134.12476,0.028790835
9,-16.376541,26.106369,0.051783055
9,-154.67621,60.8302,0.033015337
9,-158.43163,-160.85248,0.04163512
9,-0.96492004,-175.806,0.08047598
9,171.93173,-171.41156,0.049431227
9,-161.64845,154.23053,0.025164548
9,32.218887,-141.10323,0.0377878
9,29.372406,-125.55893,0.02365735
9,-160.73973,18.938507,0.035029765
9,-158.49344,149.52533,0.023821915
9,-59.17093,114.310394,0.032627072
9,-3.8845367,138.6253,0.027549628
9,11.180145,-160.02075,0.029691894
9,-8.473328,-164.33316,0.049431328
9,124.24744,-20.3432,0.03673137
9,-90.26249,48.20967,0.032438867
9,-115.2197,88.38556,0.034354623
9,-10.692795,159.5893,0.064675726
9,-125.09002,80.72308,0.043834236
9,-66.372375,21.3777,0.040391378
9,-157.00212,141.0918,0.055469297
9,7.6777344,-124.87382,0.034687262
9,123.81293,128.32736,0.050236207
9,96.73227,-119.29906,0.059549626
9,61.141953,-163.74156,0.054236047
9,109.2832,-144.06055,0.044322897
9,-75.10043,25.967102,0.043571103
9,15.627106,-156.51683,0.03423255
9,-20.345322,96.201294,0.031609386
9,-147.63206,154.29254,0.051339187
9,145.94733,-162.13397,0.037121106
9,-26.98877,-158.93962,0.038756974
9,90.418884,-28.530151,0.083143376
9,-148.0374,20.342957,0.048636798
9,159.0025,-133.79514,0.03567707
9,1.1269836,-124.02966,0.016970156
9,26.13211,-124.62713,0.04589116
9,86.30902,-99.15001,0.036684427
9,-68.22818,162.21606,0.03608253
9,-72.94779,163.37375,0.072483145
9,29.403793,-156.51666,0.025943585
9,-76.5391,-160.4577,0.036073077
9,-146.4828,173.52826,0.019902723
9,159.52725,155.49329,0.03323757
9,170.63239,-159.38129,0.06369318
9,-130.8761,146.2558,0.041805446
9,-140.7212,17.42865,0.06218275
9,141.20618,158.4107,0.04329684
9,-171.7704,-94.706245,0.016737008
9,41.384644,-120.06792,0.027134955
9,130.61496,49.948944,0.04379459
9,12.30632,-125.37913,0.042286336
9,-162.22157,-155.13528,0.02472557
9,-53.515198,62.4496,0.03722127
9,22.338547,-177.38148,0.05613389
9,78.271515,-136.56357,0.038916655
9,153.14294,-136.4923,0.019408792
9,-32.875,69.72157,0.040897302
9,-156.25793,165.46353,0.036372874
9,147.97345,-165.3032,0.031485524
9,156.56824,55.47435,0.04465367
9,148.3352,-114.14466,0.043678474
9,-22.546509,58.643646,0.03591254
9,149.11182,123.18674,0.033015426
9,-29.495148,-100.7635,0.042809382
9,163.85773,-44.074738,0.035291318
9,169.49591,-165.17513,0.048542712
9,55.091156,-70.620155,0.05337016
9,2.7282715,174.647,0.037184782
9,43.568863,-116.252,0.03044637
9,-58.318054,-160.91861,0.058952212
9,-112.59392,-108.99223,0.05714116
9,-60.042755,-111.595436,0.04397018
9,-161.21686,176.87683,0.02544412
9,-12.506653,-4.5149536,0.05211074
9,-42.28134,127.32175,0.031435292
9,-43.292847,146.50787,0.038953245
9,-112.52845,82.11331,0.08654513
9,-158.55817,164.48706,0.0354068
9,151.30115,-140.31761,0.045265093
9,152.41022,57.559357,0.029975682
9,-125.99213,8.115067,0.060497046
9,-7.764023,116.38635,0.03638081
9,-8.098846,114.60022,0.049075253
9,155.18475,92.86798,0.0186264
9,-10.369522,82.73065,0.02875595
9,127.59622,-151.26776,0.068895444
9,-20.80252,162.6864,0.03173953
9,-176.2727,-154.00383,0.048875183
9,-48.536194,68.80846,0.036217175
9,139.44702,-155.174,0.03193388
9,122.65976,-80.17668,0.050037906
9,-80.20841,74.23111,0.024997149
9,-101.8507,114.52411,0.03751953
9,-167.23756,-150.49396,0.0595286
9,149.75604,-103.22744,0.030734131
9,167.91083,8.978134,0.048447363
9,-6.2108917,-99.06374,0.025744127
9,162.75433,33.066147,0.029971337
9,-15.573059,9.793671,0.030892963
9,159.64542,-166.33705,0.042269163
9,-110.42274,133.53943,0.036296964
9,-135.72899,1.430191,0.05338799
9,-179.47772,-132.39207,0.030130634
9,-9.679886,175.03601,0.049353264
9,48.984344,-104.484146,0.03142257
9,-88.36559,21.7585,0.06521191
9,102.81506,89.07596,0.027050078
9,49.08235,-135.36555,0.027403008
9,61.24875,-111.33192,0.025339548
9,-116.16625,164.37476,0.024122588
9,151.60962,-47.37909,0.040464047
9,149.93237,-43.532944,0.029789545
9,-156.2236,-68.733696,0.026802456
9,48.142654,148.31152,0.027630875
9,-138.14053,52.1093,0.047643814
9,106.684265,122.19412,0.048532695
9,-124.56043,-123.37523,0.026322134
9,106.53647,172.98944,0.04440023
9,-15.485794,25.414246,0.034384873
9,-144.42274,99.94467,0.03647256
9,-176.87987,-140.30043,0.0222584
9,-130.9827,157.66446,0.02996448
9,-67.4555,89.64868,0.02945035
9,-26.65358,42.708145,0.032370865
9,-132.87276,145.70752,0.018100932
9,44.35765,-9.627808,0.027236056
9,44.281845,-141.57436,0.03249999
9,10.332031,-117.549736,0.03812843
9,-145.59593,142.41595,0.040211596
9,28.736603,-156.30785,0.039871454
9,9.187302,174.43878,0.027910773
9,11.507156,-82.2797,0.05034503
9,-78.20673,130.39117,0.041473802
9,147.90546,-154.20326,0.02659595
9,-20.21457,118.75821,0.024674956
9,18.087631,130.32108,0.03376602
9,-99.47408,145.67621,0.05355945
9,32.70938,-110.16105,0.029434588
9,-32.92578,-155.34264,0.049273413
9,66.74686,-52.67778,0.043028276
9,-164.98215,-79.40515,0.028131947
9,128.36743,-19.54071,0.04060895
9,39.220016,-57.283073,0.06640632
9,-161.9574,-126.130424,0.055283092
9,105.171844,-139.89433,0.030509302
9,-155.06427,-105.77429,0.06550347
9,108.46796,110.05713,0.120053306
9,-25.317566,125.158264,0.092612244
9,-115.7477,5.505249,0.03780117
9,-83.43667,-25.756027,0.029361747
9,82.88129,163.19116,0.042389214
9,-20.652084,144.06967,0.037803743
9,-157.77126,85.62656,0.051900785
9,104.94794,-104.91303,0.03671129
9,147.90115,-89.55716,0.028267981
9,-10.088791,34.9953,0.039614372
9,124.96411,-118.49835,0.04293335
9,148.30856,-165.003,0.044290498
9,-96.05226,168.4638,0.027767122
9,-96.17712,111.568115,0.039732073
9,30.49681,-16.457108,0.03870092
9,169.82129,-0.008636475,0.041255217
9,131.19012,-61.956924,0.047889486
9,-174.00758,126.24774,0.02106689
9,-55.14064,-142.59494,0.021051195
9,12.560272,173.27274,0.027847324
9,144.89249,159.98523,0.0653594
9,93.96167,-165.10703,0.018520642
9,-146.7098,-141.20212,0.04703595
9,-155.93056,-44.537918,0.03022659
9,-14.949173,168.46313,0.03666929
9,-102.20568,83.50751,0.024667053
9,115.70831,116.16388,0.037542656
9,26.48027,-120.50501,0.06532596
9,16.776047,-51.76271,0.029131077
9,-15.953995,-176.71259,0.040537603
9,28.19281,-167.52055,0.038024414
9,-157.25824,52.813293,0.5262669
9,-55.359344,128.68665,0.019328324
9,170.34161,-96.790184,0.030559465
9,156.13623,114.7041,0.020007374
9,-131.47375,55.62709,0.057639387
9,-140.72803,172.92569,0.06359583
9,173.1936,-16.543823,0.043493785
9,115.05325,-132.69257,0.02679911
9,14.869064,-141.83882,0.052124433
9,-141.31473,49.94139,0.045227263
9,-147.75244,-14.290939,0.052701097
9,109.4668,-105.13312,0.03797371
9,-96.628586,-1.3705292,0.06178283
9,-173.40645,132.38824,0.039528765
9,0.7362671,-33.926086,0.056660287
9,19.123306,-44.32541,0.046988156
9,134.86551,105.26065,0.052209362
9,-143.12921,-6.970169,0.025719637
9,-4.8265686,-179.93152,0.043159466
9,-135.89818,152.69147,0.03604811
9,-117.32085,175.86075,0.030606316
9,-171.57764,178.67224,0.025585148
9,-109.183525,47.196503,0.034681004
9,-136.53598,-24.031403,0.044908915
9,18.031555,-104.32414,0.021418111
9,-43.43091,-112.782394,0.025548248
9,-4.8603973,85.526184,0.01680426
9,-139.36891,160.28732,0.018412096
9,-46.01529,-89.53318,0.05176773
9,4.3595123,-119.35191,0.053533696
9,28.495636,156.72186,0.053698335
9,-37.210342,163.39905,0.04465158
9,-151.26794,135.37094,0.021195125
9,-51.45758,43.46779,0.04028706
9,176.7424,-7.944763,0.036448993
9,-82.134476,2.2045593,0.049295586
9,128.91693,-173.75868,0.018398901
9,77.24576,-20.035355,0.025385562
9,162.77448,138.10434,0.026650978
9,-133.87244,33.70552,0.026827065
9,-162.61838,-172.31847,0.028084654
9,69.7735,-71.38338,0.027642505
9,67.34506,-55.572937,0.036263287
9,46.42267,150.45932,0.03137336
9,141.19598,-62.69673,0.021022808
9,171.85565,-162.6957,0.03546709
9,-17.566086,145.89688,0.03233362
9,-168.75893,21.599487,0.032200217
9,-42.84131,172.60135,0.036570337
9,-79.05087,-23.816696,0.0553172
9,-128.13966,-65.90926,0.059130654
9,-122.25741,-122.7872,0.03039053
9,133.89545,178.07257,0.023241257
9,-52.191605,93.488525,0.08543256
9,-154.76454,-170.84288,0.030646788
9,-2.2619019,73.868164,0.050936993
9,148.98788,-129.3038,0.036103584
9,-30.88913,-8.935211,0.026026227
9,48.48802,-80.59609,0.067678325
9,159.54556,-141.24416,0.029316656
9,-42.784225,154.33527,0.054130938
9,22.14122,-106.40069,0.035363752
9,95.493835,-81.724106,0.02182432
9,-60.310104,81.93375,0.03129242
9,59.629166,148.96762,0.026327848
9,-11.028976,-19.599365,0.048821878
9,-54.440704,89.27774,0.058424823
9,169.67422,-153.9162,0.044029053
9,12.245895,-127.37071,0.042931955
9,-170.61111,-176.4928,0.020650728
9,179.35233,61.255783,0.03541363
9,165.14563,140.31409,0.037072033
9,6.0859375,-100.039154,0.031159202
9,171.44006,-149.7755,0.050759785
9,154.82971,-156.32117,0.046169527
9,-24.796753,70.32977,0.04272779
9,-5.845703,-80.236595,0.07630336
9,-32.4955,160.94354,0.02401742
9,-28.027237,167.88428,0.05285567
9,26.03099,-61.27475,0.020713944
9,-130.00266,141.8086,0.02711252
9,160.0998,-124.34858,0.03305256
9,179.55157,171.72491,0.036515124
9,-179.58298,21.13034,0.03757938
9,-12.5905,39.873245,0.038771622
9,-90.04697,131.54376,0.020534372
9,-15.769714,-105.11116,0.055155173
9,116.06854,-90.014114,0.038546212
9,-98.29617,173.56842,0.03520141
9,104.502106,-175.19254,0.03055138
9,-62.43924,175.65918,0.036040056
9,172.9729,159.14386,0.046467226
9,-25.241486,136.7211,0.023812396
9,52.095734,-122.655876,0.059647586
9,7.2763824,-124.80159,0.03862925
9,163.67456,170.5203,0.060474772
9,-164.55312,-144.5535,0.040920846
9,-148.90576,-176.66742,0.036125083
9,-170.19093,-139.85951,0.031693503
9,-55.456825,-46.4084,0.034351442
9,32.7097,134.35919,0.04262673
9,138.27234,-30.438675,0.024118593
9,-35.95067,68.566986,0.05488412
9,156.80258,-2.767868,0.024393601
9,131.21613,95.18884,0.048548277
9,-2.800827,50.84349,0.042178538
9,73.02869,-127.66923,0.020126555
9,-4.816101,141.10156,0.040484037
9,-158.07191,12.011932,0.061278567
9,149.79245,-143.73741,0.02747964
9,124.45517,-152.72227,0.029337179
9,-125.2554,125.63672,0.052003715
9,-60.282806,26.961533,0.03331206
9,-9.468018,136.72223,0.04642843
9,-28.065155,84.19565,0.06357275
9,-70.038246,54.749634,0.046759095
9,20.680054,89.213196,0.024253942
9,87.39801,-30.763992,0.02913882
9,-82.36745,61.724792,0.06274654
9,46.304108,-139.31204,0.057970002
9,-12.734909,-75.67905,0.042105205
9,110.85544,131.43317,0.052694302
9,-12.087006,153.23181,0.015312758
9,-7.24646,-159.20099,0.020115595
9,53.050903,-141.03302,0.04133414
9,26.369171,143.19223,0.02281789
9,-51.54947,131.34882,0.033860564
9,110.151276,-121.190926,0.023555828
9,-108.36391,122.66412,0.036593165
9,-4.563446,-61.414696,0.014733196
9,-21.876068,177.00055,0.019865515
9,41.556152,-102.10961,0.02321342
9,178.31879,110.478516,0.04438115
9,-47.961105,-44.061157,0.019572577
9,174.73242,-83.362495,0.018581104
9,90.34802,131.94952,0.0399944
9,-133.17694,-127.79717,0.04441936
9,33.374832,172.62408,0.035268273
9,-114.412224,-128.11215,0.039746605
9,-115.99727,31.821838,0.03954755
9,-61.804077,-120.09416,0.04822649
9,164.04517,-120.49415,0.040244017
9,-144.93588,154.42615,0.048984088
9,-170.54897,-67.28672,0.044427566
9,-15.129501,140.28046,0.025532365
9,127.42828,-38.821274,0.04357965
9,45.500748,-135.04463,0.045573767
9,-72.60425,140.91534,0.047529787
9,-150.05833,19.93161,0.02606033
9,98.910645,-57.993607,0.042846754
9,92.79062,114.653076,0.036173712
9,-178.03261,165.91501,0.030036232
9,40.68213,10.962692,0.03187452
9,-148.08391,26.76622,0.042945903
9,32.07094,159.27618,0.037594542
9,132.34671,136.91425,0.06372099
9,-49.04071,125.1716,0.030634344
9,82.65506,-16.552826,0.022080477
9,-0.23980713,167.36597,0.04044172
9,-14.694992,64.58481,0.031331327
9,22.48764,68.255264,0.07837043
9,-94.82332,103.11188,0.03558731
9,114.71823,-110.24709,0.025128152
9,-105.89371,117.19742,0.053138282
9,-141.18422,88.51404,0.04236464
9,26.46698,-0.67341614,0.051210735
9,-24.23825,54.996063,0.04634156
9,-155.66942,-100.60704,0.023290481
9,131.00488,-125.35332,0.04864954
9,176.25513,154.01938,0.05117875
9,154.00354,-137.44664,0.030755797
9,-137.8303,175.75412,0.033989977
9,81.88751,-97.589005,0.045465127
9,-173.32101,-36.09857,0.06626026
9,169.1159,-50.051956,0.025536956
9,-10.774002,-129.71358,0.02312805
9,107.22235,31.690125,0.04310198
9,-106.0114,-8.312912,0.042794075
9,27.41249,61.383057,0.045464206
9,106.51257,-107.90968,0.027967185
9,-137.99141,-167.43376,0.078529604
9,89.69107,-105.327286,0.049587272
9,168.33337,-152.27457,0.027873525
9,34.352432,71.415405,0.018315613
9,-2.5672455,-93.056,0.024763595
9,-2.254425,42.285645,0.030831804
9,42.798264,-144.7243,0.035036385
9,-0.6918335,-162.64134,0.043731745
9,-4.370224,-176.92082,0.042761676
9,161.07782,-15.933395,0.04551707
9,7.523819,-179.19957,0.061526887
9,-19.426025,165.55359,0.039962895
9,-36.34784,-155.80522,0.024921885
9,-94.714554,93.664154,0.029983198
9,144.20233,-85.457245,0.029622985
9,118.36548,-148.25415,0.062705114
9,42.604843,169.88742,0.053209603
9,56.96585,-165.08728,0.0392505
9,136.73569,-80.28628,0.041443113
9,23.809723,-40.039,0.07319792
9,-153.11107,-113.1479,0.04419814
9,-21.806091,-123.12963,0.035920892
9,12.884827,-58.067673,0.04885679
9,-47.208374,118.98523,0.05978796
9,172.48221,21.290161,0.042201824
9,116.61606,-118.06181,0.01944039
9,-9.676651,28.695297,0.03236425
9,14.556427,-141.05986,0.03430066
9,-11.027298,138.17493,0.026212662
9,150.34174,-176.70895,0.032582484
9,-129.45073,152.17438,0.03152425
9,64.27374,-37.18257,0.02978918
9,-151.07405,23.7128,0.022077756
9,133.72556,-159.94048,0.028483544
9,-35.904938,-145.5565,0.031022195
9,143.44183,-67.0313,0.025466938
9,-19.441895,144.96753,0.0364582
9,111.13129,-104.74895,0.04713432
9,-27.555008,144.6453,0.037223514
9,140.00378,-135.497,0.049104393
9,61.647736,-133.59763,0.023625717
9,83.51239,-101.07209,0.0341882
9,6.519226,92.739685,0.061404366
9,-122.98672,-110.23248,0.04596242
9,31.669632,-54.43779,0.052250173
9,-170.83641,-173.88013,0.04754894
9,149.97699,149.79999,0.03807756
9,143.76248,-33.694763,0.03310458
9,-66.54889,109.09555,0.03849961
9,-4.0421143,-132.61246,0.027856601
9,67.52246,66.92349,0.031357635
9,173.69324,-55.25885,0.052668918
9,-4.3186493,-172.65784,0.053239226
9,135.71225,10.380905,0.058916166
9,-138.40044,137.99823,0.01642288
9,-137.43602,49.869247,0.045543827
9,-177.53836,7.1748505,0.035825323
9,-39.193695,-51.171143,0.037898645
9,-1.2522888,6.7523956,0.042633105
9,-26.820618,84.660614,0.04290618
9,105.84003,-165.51366,0.03438761
9,-129.23868,120.21243,0.02552597
9,75.04147,172.06012,0.02684711
9,129.45331,-39.69403,0.037200063
9,-1.4589081,-119.30956,0.044815674
9,-88.99368,-177.96513,0.03557632
9,118.30759,-67.30789,0.056852464
9,-28.94072,157.45279,0.06322678
9,-145.90279,138.90103,0.047410615
9,-1.2858734,168.82343,0.026175521
9,-135.39265,64.9861,0.045235712
9,171.04553,134.67068,0.06226671
9,13.379654,-36.55693,0.041643962
9,66.15033,-112.37331,0.025852768
9,-13.471649,117.31381,0.045287028
9,-165.38005,-87.87309,0.027206562
9,81.25934,-167.09355,0.030664029
9,-22.88472,61.724014,0.028926458
9,12.389252,-179.32361,0.035520874
9,141.27615,-171.91983,0.025669483
9,-75.70632,118.94504,0.036800876
9,-6.7989807,144.64868,0.02942771
9,100.05673,-91.18252,0.039044462
9,27.9169,-71.01771,0.03972902
9,21.076447,-39.72203,0.021644738
9,-127.90132,68.88666,0.042696644
9,-25.29364,60.87314,0.68969107
9,106.836,-168.5929,0.047441013
9,92.24646,137.09656,0.016128087
9,121.655334,-152.30328,0.033090223
9,-96.95599,45.702606,0.061683085
9,-141.22862,131.68408,0.08166856
9,-74.60517,30.712189,0.067115486
9,-43.78337,127.1308,0.02450716
9,165.90222,-167.53946,0.03829115
9,-143.1727,44.54254,0.03381521
9,119.66913,142.20093,0.054538168
9,38.024612,-132.00821,0.035151463
9,110.0166,-93.43283,0.037162974
9,87.33307,-38.163635,0.09575384
9,44.017746,172.34729,0.03570107
9,29.376007,-129.36421,0.047549434
9,-177.66122,-179.69853,0.02441077
9,-65.40731,96.09338,0.053137377
9,-22.877945,-35.732056,0.036139242
9,-139.4361,-75.0711,0.09533881
9,-99.07214,70.87109,0.033964206
9,124.91394,-110.96659,0.04099063
9,-140.84612,175.73853,0.03719019
9,25.636627,32.13733,0.035355486
9,129.63171,134.0473,0.031048285
9,119.04492,173.29202,0.0208585
9,52.052216,-141.72067,0.040636934
9,171.38776,-176.86836,0.023516456
9,-123.28874,-155.63824,0.044727087
9,-176.74426,176.27563,0.048772264
9,-44.572098,149.29492,0.040234897
9,74.37027,-112.097115,0.039808944
9,-56.58235,118.477905,0.03321359
9,-52.828842,-76.072105,0.04425591
9,-14.556335,146.59387,0.0339759
9,13.160721,166.25256,0.05140358
9,-0.81469727,168.81787,0.034093797
9,146.17163,-111.6339,0.031485736
9,-164.91861,15.092041,0.035688233
9,10.605087,98.09863,0.028563611
9,8.256012,112.441345,0.02536557
9,20.658188,-122.3367,0.034327354
9,-43.30063,-89.306725,0.039441798
9,-15.013214,137.89148,0.023386449
9,56.669098,37.452545,0.049197033
9,-93.457146,150.55716,0.03582225
9,-144.29234,107.72833,0.032334547
9,-103.64938,81.96863,0.050425358
9,-159.87578,-167.80905,0.047268342
9,-67.81096,144.64493,0.036570523
9,-15.749786,167.42093,0.028267592
9,110.69153,-153.59718,0.04415564
9,103.6535,-137.91545,0.010951248
9,66.7843,-121.98352,0.039759994
9,12.79805,157.26971,0.045888986
9,-31.95282,-78.09034,0.038994644
9,1.5771942,-25.28833,0.048301123
9,-132.17984,118.02847,0.035685405
9,169.02579,-167.45052,0.05128309
9,74.07727,138.48495,0.03320922
9,-1.1378937,142.64984,0.053720746
9,-10.669113,-85.09217,0.070685074
9,169.26157,-135.08545,0.030850947
9,-39.45549,-29.578888,0.031249763
9,142.41217,149.32617,0.05431774
9,-105.353195,-71.65782,0.03684404
9,-76.088905,-17.014496,0.028299473
9,61.835846,-148.32774,0.038289264
9,-97.03915,-159.77525,0.02741055
9,8.849976,-14.478882,0.044728015
9,140.3659,-51.260834,0.05910521
9,16.310974,152.4126,0.029873304
9,40.712738,173.81696,0.025505414
9,155.37689,-146.47206,0.030877898
9,63.84877,-131.51414,0.03220862
9,172.5589,-176.77739,0.051005434
9,-86.39008,119.05008,0.01990166
9,179.4895,-101.53853,0.04975081
9,-111.89678,-19.54007,0.030181887
9,16.223831,-14.740463,0.026706537
9,-2.1461945,86.649536,0.028021349
9,-134.3664,-32.637512,0.05685275
9,-105.74135,127.97348,0.027310116
9,-178.97491,-168.16841,0.05277215
9,29.203049,-59.868523,0.026427008
9,-114.473755,127.15692,0.03102216
9,150.14847,-166.58296,0.017399145
9,135.78009,-94.18891,0.04195474
9,-71.25787,-106.16027,0.07147288
9,-87.17194,107.631775,0.028792938
9,-132.71922,134.62195,0.035942364
9,86.90561,-101.35801,0.02929836
9,-161.54143,128.599,0.039780162
9,-128.4576,26.172516,0.05751564
9,110.40912,-24.494629,0.033281706
9,-42.24156,61.33481,0.03012854
9,170.59317,161.63483,0.022401702
9,-7.034439,110.776245,0.025743362
9,-134.08705,-144.23634,0.040022563
9,-164.9964,178.8772,0.011758153
9,-0.8605957,-113.63107,0.058615036
9,-35.641632,54.03842,0.034604833
9,77.64703,-53.755516,0.05884682
9,28.543304,-149.47763,0.044811804
9,-169.22414,166.91687,0.030461645
9,160.72614,-62.45291,0.07310247
9,-31.076385,86.10953,0.03086586
9,-95.129814,108.47116,0.08945318
9,-76.20635,-116.17034,0.03693493
9,-139.98503,8.219788,0.02852181
9,29.204819,-74.26074,0.034699056
9,147.16617,142.94568,0.020794475
9,161.33185,-173.0056,0.01695021
9,-175.05338,172.40778,0.036162104
9,0.91264343,-27.084824,0.04137579
9,152.83917,-171.97568,0.041159425
9,-167.28993,-178.38406,0.02962586
9,90.33142,-143.10585,0.037511203
9,55.674576,-105.58489,0.022648517
9,140.51141,-79.9424,0.035732087
9,-72.191696,88.17453,0.10792589
9,167.67804,85.77231,0.036907747
9,-13.039963,26.586761,0.049513903
9,37.84044,-136.2038,0.03805195
9,10.621872,89.6705,0.036185477
9,-36.59102,139.66602,0.03269008
9,-179.1951,-177.66248,0.04274873
9,-40.293884,41.52057,0.0317296
9,168.09607,-168.12265,0.030584268
9,-142.24353,-163.03453,0.039001778
9,133.87909,139.82507,0.016573772
9,28.068268,179.17786,0.020243857
9,4.067688,-148.1507,0.023871755
9,-106.258316,-159.2523,0.065921746
9,76.11157,46.108902,0.03786695
9,-147.4931,57.158936,0.023642056
9,-53.352127,-138.63191,0.042244162
9,21.031082,-139.27501,0.017361896
9,35.293182,-127.785614,0.035378207
9,-101.45968,64.0069,0.07357894
9,169.79425,-90.91659,0.036086574
9,-145.5742,155.98114,0.0325499
9,-46.045807,102.95987,0.018588427
9,120.9299,163.16766,0.062128477
9,5.20224,137.50067,0.01748619
9,178.72668,139.93,0.027618252
9,-13.804932,-137.82974,0.030623123
9,17.591263,-124.652016,0.022850582
9,60.518097,88.98529,0.044956334
9,-62.390427,124.01868,0.043666657
9,-47.79593,145.82663,0.043845527
9,-151.75139,40.351562,0.044064302
9,169.4649,-14.61998,0.034637578
9,-177.50484,153.68536,0.038612403
9,-31.934479,70.739655,0.05581928
9,-21.029312,-178.5931,0.04572193
9,-7.0625916,161.8305,0.038920484
9,107.84708,-128.43939,0.06420083
9,-0.43089294,98.30737,0.031666674
9,-3.5245514,153.70892,0.035229914
9,25.966187,-150.02603,0.032826338
9,55.77243,-70.96178,0.04728023
9,177.54382,-92.643745,0.04237622
9,-121.102104,145.39981,0.024790205
9,-96.60874,-126.66788,0.046721593
9,105.32532,-165.17897,0.023571014
9,-41.23967,45.93367,0.09563607
9,47.7256,156.7713,0.04339872
9,-49.55902,-178.5998,0.029363751
9,-4.135559,-61.10408,0.056676175
9,133.13797,-127.46833,0.0309546
9,-81.09202,133.5268,0.026115771
9,-84.17655,-172.88504,0.025090536
9,54.33989,-41.361115,0.073305
9,179.10434,-2.7287903,0.03635116
9,106.428955,-109.33182,0.039597444
9,-20.538849,-136.19113,0.05923929
9,-113.1626,131.6759,0.040427886
9,29.196854,-102.23591,0.035613175
9,79.27634,-167.83801,0.030080141
9,-129.87845,-175.7618,0.055894118
9,-97.90623,-169.75792,0.03975364
9,125.74579,67.33028,0.053719644
9,-39.409546,163.07599,0.045890864
9,-25.433655,-74.18824,0.053072292
9,11.167831,-176.8984,0.017855179
9,-50.848083,80.75473,0.020059885
9,-74.47942,134.9148,0.03985729
9,-19.844284,177.96915,0.025029723
9,8.688065,50.315063,0.038173985
9,109.342865,-159.52054,0.022234153
9,-133.39764,96.20273,0.03430407
9,-170.7579,139.43396,0.02470417
9,37.056915,-147.89084,0.03195029
9,-169.8852,122.79285,0.03947624
9,74.53934,-48.219803,0.039867926
9,-95.02942,-166.02132,0.03644734
9,61.540237,41.130264,0.025476092
9,-142.70781,141.13779,0.045346547
9,-115.51044,170.80563,0.03838053
9,104.74509,-128.70813,0.023968382
9,-137.47151,174.68066,0.026066223
9,22.699265,111.442505,0.030595262
9,173.1947,-31.178741,0.029552162
9,-154.69601,152.7991,0.05079808
9,-4.339752,-114.55987,0.048680894
9,-54.752045,-146.73021,0.07019584
9,178.51398,162.43896,0.030459344
9,-55.258545,152.17108,0.019569525
9,-17.991135,-77.36232,0.042338703
9,157.73767,-177.81233,0.044622872
9,2.5440369,140.51093,0.054523952
9,149.41437,-90.09193,0.04422186
9,129.29523,-58.802757,0.06772025
9,167.35544,-158.06754,0.025318839
9,-76.760185,107.9436,0.07481294
9,-27.338593,-131.94617,0.058956187
9,-126.704155,-4.696747,0.03845116
9,-41.355133,175.87076,0.045213107
9,32.444366,-123.346954,0.042595282
9,-10.612442,174.15405,0.03648821
9,-2.811386,-160.05486,0.02930366
9,-97.911896,141.71924,0.026880514
9,-109.853004,-39.948578,0.029336866
9,-106.80718,85.83026,0.049008597
9,173.14001,-172.28174,0.02885496
9,-118.11418,87.70151,0.049909446
9,-40.841385,84.45517,0.0418167
9,3.9269867,-139.93916,0.028428122
9,161.88104,-132.2254,0.07075128
9,-58.547005,150.54315,0.031152772
9,81.106995,-77.854866,0.030531488
9,-50.979797,48.96443,0.044634283
9,-128.50763,111.55304,0.06332297
9,-56.63624,-179.32045,0.03970927
9,178.3717,-58.662018,0.021158237
9,-139.30771,23.878113,0.029850187
9,10.635895,-13.081848,0.027080359
9,112.237366,-91.833855,0.050216775
9,81.20761,-129.77658,0.023170551
9,-75.759735,-122.93835,0.026531478
9,94.78909,177.90991,0.04889071
9,-132.89726,-33.142487,0.032825083
9,99.97946,-90.230835,0.059334423
9,121.3587,-168.95773,0.02262915
9,102.85626,-111.65637,0.051032655
9,-178.51659,19.206757,0.027907178
9,1.322937,140.22366,0.04001226
9,-12.071579,94.86011,0.024341015
9,80.1033,30.621643,0.024027279
9,-140.39597,112.73883,0.034929495
9,49.042786,14.433807,0.028930124
9,169.3269,-46.456146,0.028049624
9,109.445984,-111.95678,0.04031516
9,-124.10459,80.56302,0.08551026
9,-97.3344,-64.107574,0.053768143
9,89.97308,-97.602806,0.030417336
9,66.17317,18.496124,0.045563463
9,-176.48958,92.27234,0.054509837
9,165.70471,-154.78276,0.040451713
9,120.17511,-6.633972,0.033820484
9,65.72424,5.1768646,0.03799416
9,145.89496,81.786865,0.031013025
9,179.5351,-172.75974,0.03274225
9,135.58673,-74.52962,0.024892868
9,-28.013336,125.96832,0.033808775
9,140.19202,-141.08015,0.013214853
9,-8.763382,173.24997,0.05368852
9,-1.0041656,-147.34872,0.04001253
9,-129.78009,-150.46701,0.03162004
9,158.79575,-164.80682,0.022392161
9,-99.95486,144.15762,0.021571577
9,114.878174,83.01874,0.042905364
9,-146.57834,152.12299,0.05593624
9,-27.616364,-90.570274,0.035971154
9,96.9924,-126.54167,0.021974241
9,-127.36264,137.50159,0.022260921
9,-169.62721,146.75797,0.06827622
9,-115.742386,34.492065,0.04172831
9,49.998047,-152.73148,0.045034792
9,109.48486,-170.45827,0.04605894
9,8.830307,-149.14249,0.030777968
9,-133.29257,133.35474,0.05358785
9,144.7099,-141.90706,0.0408518
9,92.24234,-115.46384,0.03660251
9,-3.4692383,110.77124,0.043702915
9,-47.966095,8.703842,0.03367457
9,59.162354,-69.92508,0.048995588
9,108.12067,-139.99503,0.045301802
9,6.1620636,-131.33647,0.050660618
9,-66.12311,89.57242,0.039981037
9,42.175537,162.61862,0.04930191
9,-114.77219,-175.06967,0.02783434
9,177.37231,-111.521545,0.06401828
9,-5.3922424,-153.70496,0.03586039
9,-48.126923,153.61871,0.037688233
9,-96.189156,176.76202,0.031579174
9,31.006592,-79.740555,0.053265084
9,168.45947,-166.11668,0.067925945
9,-134.49956,177.62207,0.060953774
9,-152.62817,119.04413,0.039532345
9,1.2359467,70.81406,0.051455405
9,-34.159943,118.32559,0.036292072
9,103.36206,-89.55917,0.034117255
9,140.33344,-19.677399,0.044466265
9,27.671173,-123.14657,0.046469346
9,173.02759,-10.695877,0.03278039
9,125.500916,-162.07063,0.04785468
9,-129.01787,-164.98827,0.06760339
9,-144.51793,135.13055,0.030149668
9,-37.971313,176.82,0.03271044
9,-172.70065,176.94623,0.04235608
9,-174.26009,58.56923,0.049710862
9,5.9930267,-4.881134,0.05068863
9,170.16656,-123.79168,0.035708066
9,33.423447,168.85126,0.032579254
9,24.62033,151.81744,0.031528495
9,-161.23042,-32.113358,0.02361937
9,102.14447,-82.83185,0.024665559
9,-33.645782,86.652954,0.036147255
9,113.14447,-70.26068,0.03285167
9,-55.018753,-166.31998,0.025493864
9,-4.0998535,-151.80182,0.029649181
9,137.70026,-134.24007,0.03787423
9,-62.243805,165.93124,0.0268587
9,-170.59554,-65.90027,0.037424173
9,174.75885,17.9684,0.027755419
9,-157.19264,164.19049,0.01702787
9,-31.797424,151.11914,0.03217433
9,141.86438,57.026886,0.035751797
9,168.97266,-145.24268,0.057951827
9,-7.552063,129.23901,0.02968452
9,125.06824,-116.81063,0.08411172
9,94.60184,-177.66446,0.051558908
9,-13.350082,160.37122,0.037862528
9,100.11984,-37.79149,0.028736604
9,-2.9111938,5.353409,0.028781643
9,-130.33298,37.214417,0.032841094
9,114.565765,-157.67609,0.02557514
9,-176.8319,-9.071701,0.026401855
9,168.5307,-163.06091,0.03539549
9,4.657776,-132.89038,0.021642074
9,167.98657,-17.645111,0.06387402
9,7.46756,157.66504,0.07419083
9,-123.59787,47.189667,0.033533566
9,-63.1158,148.74765,0.048525475
9,63.830017,-82.41265,0.026505074
9,-37.211502,-120.738014,0.03761696
9,-93.04477,63.678833,0.039617263
9,-162.13303,-133.83717,0.03647547
9,-117.94916,102.94083,0.041908253
9,-60.802658,-162.8649,0.048791118
9,-159.21764,-5.608658,0.08254278
9,1.2321014,-40.797165,0.031122318
9,-60.877335,-74.41264,0.045623936
9,-59.095047,39.4317,0.04319198
9,103.57953,4.8639374,0.030013038
9,-135.65372,-167.58722,0.027720826
9,33.04962,28.312378,0.02595267
9,86.59735,175.047,0.030621905
9,127.48285,-136.06137,0.03186378
9,-166.53511,156.72516,0.035908144
9,-119.491104,134.66147,0.05234102
9,75.07678,-159.32281,0.053512868
9,20.814575,-18.108826,0.05928032
9,158.87866,-169.27583,0.02496113
9,175.1965,-114.892876,0.040893268
9,78.4577,-55.82811,0.027352147
9,-118.049675,82.831604,0.05408969
9,12.917969,-77.88737,0.018516881
9,173.9024,-168.07419,0.043956947
9,-115.85837,123.61792,0.04056118
9,-29.59375,124.14874,0.055651277
9,44.596436,-161.06151,0.034812976
9,22.41893,-173.00476,0.025818752
9,-5.4974823,139.88739,0.05336353
9,-1.4892578,-129.88869,0.019521482
9,10.602783,-86.595695,0.045957245
9,175.83041,6.989929,0.043990087
9,-171.9223,165.00342,0.041429296
9,159.363,103.52814,0.042826604
9,118.838806,174.67603,0.04483501
9,16.45932,79.75,0.107996225
9,21.702469,-86.232574,0.034320734
9,-136.27838,124.213196,0.05513776
9,-159.53304,144.98145,0.042956196
9,-96.483604,55.6987,0.07013214
9,18.599594,-129.73778,0.017426018
9,38.903687,-149.03404,0.039161116
9,-26.637817,170.54938,0.03269642
9,-17.133911,160.37372,0.04684391
9,-128.74934,153.83624,0.03906776
9,81.85651,156.55371,0.03482722
9,-1.1270447,42.673126,0.03372863
9,-5.7581635,-171.8477,0.0705015
9,126.93082,-48.80899,0.026382748
9,-90.33649,155.58432,0.04035865
9,172.90408,-7.3094482,0.079974316
9,-51.045227,175.19745,0.055355106
9,-108.15123,-41.060516,0.06841271
9,77.78375,-139.08719,0.046236508
9,15.026169,-14.329926,0.058748316
9,63.12793,43.456833,0.036549866
9,140.61118,-61.914368,0.024790538
9,-4.705429,157.6936,0.048409242
9,-27.341919,59.874588,0.033801455
9,-123.852646,55.215836,0.0680102
9,-136.69553,-88.73863,0.050063245
9,144.05692,-80.08177,0.03388987
9,-174.80782,-124.717155,0.05020917
9,-179.88518,149.78424,0.03353139
9,131.37305,-177.11687,0.06194646
9,-7.434372,176.47458,0.020519396
9,-55.067207,17.248764,0.03515393
9,-129.93243,162.8858,0.045986775
9,107.80994,53.281128,0.043251157
9,-92.343124,-133.9275,0.04166632
9,1.6209106,170.77313,0.041530855
9,162.77069,-177.38728,0.048837703
9,-160.40155,-16.303055,0.72808576
9,-168.00874,10.493027,0.031287346
9,-10.0121765,165.594,0.029856626
9,-52.437798,129.98068,0.029207822
9,-41.98619,107.08615,0.023774695
9,-21.029678,118.10803,0.042793658
9,-62.646957,103.53671,0.026808918
9,-17.032898,112.44318,0.027981404
9,145.11346,-175.37282,0.03493062
9,159.75159,30.452118,0.026587639
9,48.484695,-125.61205,0.04147141
9,-93.20773,125.81622,0.032173563
9,-28.837387,-143.13869,0.04905108
9,-169.28992,-41.371307,0.037418135
9,155.51971,155.5979,0.044361696
9,-41.246002,131.05139,0.028134853
9,-54.47162,123.38876,0.07688302
9,167.59503,174.24155,0.035396405
9,-153.79074,-170.47678,0.041359056
9,147.93951,-108.92343,0.030876426
9,-142.9402,46.08084,0.032445036
9,19.7164,-93.47164,0.03388574
9,-32.872284,-167.52806,0.04181591
9,-16.783752,-168.18715,0.045059703
9,20.521729,-134.31479,0.030874126
9,77.01523,-176.41583,0.052126475
9,107.963806,-45.678513,0.02697046
9,115.92056,-136.2001,0.07277118
9,92.67648,-91.72473,0.05048391
9,-152.3073,147.9519,0.06379741
9,16.115646,-175.05013,0.05564773
9,-33.38588,163.47229,0.020737465
9,-27.268524,130.30823,0.061312623
9,157.29413,178.23633,0.03550629
9,97.83884,-111.024,0.054507207
9,32.516632,119.60315,0.03704797
9,-153.37674,-166.53043,0.029238945
9,101.349396,-93.651665,0.033860635
9,-74.89915,-79.96464,0.04348178
9,-3.6273956,-3.279831,0.030781511
9,178.03156,112.01599,0.035965722
9,31.021057,-36.22026,0.06296163
9,104.085205,-123.966736,0.028753059
9,-111.727295,139.06183,0.028419172
9,124.69443,151.8501,0.033551417
9,-24.761902,-103.475716,0.03737959
9,14.80217,142.50558,0.037595622
9,123.11716,-170.29488,0.03746801
9,-60.07271,-133.80943,0.06312849
9,-39.001053,114.47226,0.056653146
9,-169.18176,176.30023,0.022286093
9,-150.74182,-177.50644,0.03251592
9,-129.22597,96.14188,0.033044044
9,45.338715,3.54422,0.06252623
9,-169.17824,117.90546,0.032915156
9,143.00317,-177.23645,0.0398033
9,-154.61327,143.80621,0.030388767
9,166.99725,-158.06783,0.06882345
9,-39.678757,45.44095,0.04397575
9,170.09265,165.17831,0.024920633
9,-176.00592,173.63562,0.049768496
9,127.95505,-102.6092,0.03863762
9,-160.16257,126.469055,0.031569984
9,-36.95729,126.76669,0.03484618
9,-141.56067,63.959076,0.026697015
9,-137.69334,140.71979,0.04858895
9,-78.55711,-116.853455,0.067216985
9,23.795761,177.46777,0.044575308
9,-6.4075623,175.25888,0.04560587
9,-114.92121,166.18988,0.05467814
9,-8.516357,32.816437,0.02932578
9,-27.91365,137.39917,0.04044656
9,-92.83358,-148.36838,0.04601372
9,124.08453,-125.38267,0.026372224
9,-12.511124,-155.03183,0.041805156
9,11.886078,-151.73602,0.030273108
9,160.77728,-123.115555,0.06085488
9,158.75122,153.57733,0.035797115
9,-46.532166,113.560486,0.036289655
9,-0.035705566,176.37695,0.025415156
9,-55.613205,146.88486,0.018597819
9,157.25055,10.453217,0.046381965
9,-66.90908,-131.13458,0.048239324
9,-165.3196,123.873474,0.046944287
9,-38.446335,146.539,0.034672257
9,0.46795654,-167.70975,0.023376444
9,-109.104256,-118.636246,0.03499609
9,67.635925,-149.69394,0.03232993
9,-33.831116,175.50888,0.025054695
9,49.574112,-113.58996,0.028648056
9,-2.0023499,178.34369,0.050800804
9,-116.45441,147.3659,0.031626124
9,-57.253906,110.68402,0.017421495
9,-16.99147,-88.85599,0.029950535
9,-14.616913,165.89703,0.025912749
9,-72.33259,138.39209,0.05180487
9,-138.41034,-166.80446,0.02901663
9,-133.04684,-163.12111,0.041882694
9,-178.68958,9.016022,0.057872124
9,-11.873795,-167.1885,0.061030015
9,-2.396286,18.679138,0.041314237
9,-170.90761,16.755661,0.02605107
9,172.45557,-158.46451,0.03920664
9,-21.20102,-150.65628,0.033243075
9,10.960617,174.81586,0.039866872
9,129.47159,-98.973946,0.049255967
9,159.47324,-150.92993,0.03671606
9,-117.10983,79.59253,0.02014379
9,27.986877,-178.22122,0.030508017
9,56.763824,-120.961754,0.047452535
9,-145.51427,-7.859497,0.04499661
9,55.994522,175.737,0.035406202
9,-83.36135,49.078293,0.026420025
9,139.01242,-160.85094,0.054004952
9,51.775604,-20.87268,0.04570164
9,141.55933,-5.0343018,0.024272293
9,-148.51228,-96.46548,0.046595935
9,26.99974,-44.012512,0.024815746
9,-125.961365,-119.05788,0.022211265
9,53.4039,-41.946625,0.02331884
9,-50.496964,-152.00069,0.042909127
9,-101.908516,-87.602036,0.021136232
9,-123.47217,133.25797,0.029345004
9,-142.99132,-47.949295,0.061282877
9,15.266708,31.114777,0.036334272
9,-72.86404,-81.32996,0.027824132
9,-19.71164,149.0657,0.037087865
9,-28.57051,-143.70297,0.05844713
9,-55.05909,75.63794,0.038027454
9,-30.880753,72.335144,0.021856965
9,23.615128,79.06714,0.03653699
9,112.3725,-100.63384,0.016778825
9,-111.81735,-151.5847,0.024906898
9,-2.1528473,140.84055,0.020173995
9,-72.13081,144.67203,0.033478722
9,34.70392,75.698975,0.019647894
9,146.2428,174.65237,0.05093635
9,-19.658722,50.18094,0.05689315
9,46.346207,-41.51361,0.42434576
9,26.176178,-84.03099,0.020434313
9,-56.343033,121.911896,0.029090574
9,-175.72124,110.31787,0.034453973
9,-124.96967,133.87103,0.03532949
9,-31.090958,-52.925575,0.051685914
9,16.100082,-175.72322,0.023694852
9,-114.94891,107.63815,0.06891836
9,-153.12904,-176.12036,0.032875333
9,132.33612,148.33447,0.042920496
9,156.73303,116.101166,0.05561599
9,-48.048523,154.6062,0.032566376
9,-6.6195526,178.1994,0.034932915
9,-123.61738,103.92508,0.033993643
9,111.02731,-175.84323,0.042814586
9,-40.994003,90.37598,0.05618204
9,121.07944,-90.64036,0.061141882
9,-60.658974,82.62018,0.025744203
9,149.89597,138.90894,0.023539016
9,-176.90956,169.19165,0.016217802
9,22.566238,173.22858,0.03649779
9,-50.176376,68.27829,0.02638829
9,-82.715706,28.44252,0.057432957
9,-3.3549652,-4.5162354,0.072487116
9,133.91013,-156.10306,0.020461032
9,-84.86555,146.74896,0.031050747
9,-176.87788,-23.601746,0.028081844
9,-166.36737,22.813034,0.061844658
9,-10.17186,-173.05617,0.03017254
9,65.92203,-127.88514,0.033878315
9,-153.19153,64.857605,0.037026215
9,-5.423462,166.49622,0.0259577
9,-175.55603,121.84015,0.0330709
9,3.0716705,-27.957962,0.033912767
9,8.084869,176.1438,0.02636896
9,-2.6372833,-178.54361,0.026726715
9,-24.88684,160.22021,0.02888896
9,-48.17009,83.79443,0.040074732
9,5.7890167,-143.5227,0.039849482
9,-32.31485,140.71637,0.0463099
9,-81.486694,-145.37788,0.06525718
9,-92.65782,-146.55476,0.03626754
9,-88.00115,176.06714,0.026051924
9,38.362167,169.93762,0.04606045
9,55.10829,176.39117,0.033831332
9,12.348129,-105.11713,0.03512225
9,-28.957962,11.432404,0.028451787
9,-18.639267,-176.40471,0.018824747
9,-145.68164,168.6347,0.037960045
9,152.92859,-153.32101,0.05414582
9,-149.6018,165.22333,0.0335091
9,161.14996,139.013,0.036092814
9,-37.278824,59.176834,0.01703386
9,21.036682,-25.598175,0.036728095
9,-109.48643,-164.2865,0.03043225
9,-136.14317,141.56396,0.043336257
9,179.3634,54.861816,0.04630106
9,166.50897,-131.88551,0.02060063
9,120.6853,147.33575,0.049911883
9,-134.23395,83.305176,0.028611064
9,163.82697,-177.09245,0.07720226
9,-41.074997,107.55118,0.04099807
9,-20.729218,66.46156,0.055109832
9,5.2456207,104.2251,0.057574753
9,-129.83348,177.49939,0.04712381
9,162.24335,-88.47453,0.038029645
9,-134.92831,164.32605,0.026123738
9,-121.50543,125.0643,0.036535725
9,100.35925,-102.13118,0.029229952
9,126.57141,-125.40453,0.026807107
9,17.366653,-40.845108,0.030979125
9,167.20255,-143.91068,0.06011382
9,-26.894638,100.95825,0.033232
9,-135.16174,28.191788,0.06654596
9,-5.4357605,168.6315,0.0533173
9,-115.756775,58.452057,0.04394491
9,-40.16211,96.543,0.033293314
9,7.4472504,-22.720184,0.027768316
9,-25.110321,-133.01772,0.033359773
9,116.433136,-102.3171,0.029905466
9,-16.479553,-157.25575,0.029538075
9,-133.48828,82.598236,0.06909149
9,-173.51578,-78.895874,0.055685274
9,-60.671516,158.0141,0.040523555
9,66.88098,-84.92689,0.0377532
9,69.90369,-92.36517,0.032109395
9,-138.06215,61.989594,0.064576656
9,88.19202,-27.393463,0.042889632
9,56.78163,-106.97088,0.035660643
9,31.947357,-103.990944,0.034115233
9,41.203644,-171.42114,0.044172425
9,14.08754,-173.2461,0.027040686
9,34.215515,167.185,0.04221325
9,-56.492508,126.91693,0.07508177
9,-40.360916,51.713272,0.04693132
9,-168.62291,-149.13797,0.042778872
9,-156.38705,77.19507,0.039480798
9,-68.19086,-173.2202,0.042766564
9,-90.48916,55.331223,0.042160884
9,14.390289,-105.20843,0.03817504
9,-127.55702,122.12909,0.029124059
9,-143.28618,149.13,0.023939643
9,-6.7638245,-177.28362,0.018344989
9,-5.468918,132.39282,0.040061068
9,-80.118515,-29.127777,0.061045107
9,-150.89796,-175.93796,0.046372373
9,-136.61493,120.680786,0.035376564
9,44.332977,-112.04664,0.04374031
9,71.910126,-52.683716,0.044116393
9,-131.66429,-170.0393,0.031143676
9,150.29944,139.30487,0.025226615
9,121.00299,-53.718338,0.045363408
9,73.62251,-171.9988,0.033879876
9,54.801575,119.80832,0.029441528
9,-144.36183,-5.294998,0.041257933
9,24.950226,48.898987,0.019461235
9,18.805527,-85.2753,0.023337193
9,33.26834,-43.982727,0.026524134
9,-50.123093,149.04706,0.03472631
9,-121.24989,120.51395,0.03402672
9,-98.794914,-109.09683,0.033730973
9,-93.81259,-91.39803,0.05815076
9,118.37842,-126.47325,0.03450328
9,147.08102,-46.96344,0.42538425
9,66.09859,-118.01414,0.021267299
9,33.527267,-92.17684,0.029315285
9,-98.581116,78.93869,0.029056765
9,-118.198395,-179.85757,0.044896472
9,-165.01009,-9.702713,0.035899017
9,-54.530716,100.66336,0.024897361
9,-8.123215,176.31049,0.048956327
9,-148.86412,59.595825,0.07095842
9,-169.44522,8.114426,0.038000453
9,-152.98877,100.26022,0.05307803
9,170.49438,163.19336,0.03465172
9,-120.21865,95.48328,0.050422125
9,96.79437,139.50961,0.05494662
9,-18.103607,-72.040245,0.07150047
9,137.57275,140.06006,0.059823353
9,52.349396,-116.11136,0.023834247
9,-65.09988,46.08809,0.04770436
9,-103.9094,71.395996,0.059912942
9,50.461853,-147.0615,0.024263343
9,38.5607,-28.616592,0.030504365
9,-36.441788,128.84497,0.056299064
9,-129.92317,116.17267,0.017455412
9,89.152405,-54.764458,0.036337283
9,-36.154037,43.009644,0.02250073
9,-61.09703,10.007156,0.040213667
9,152.22491,-30.854706,0.04393224
9,118.32587,47.801407,0.036052268
9,-11.502747,80.6423,0.05479803
9,-55.898994,-170.68916,0.034505066
9,-177.19135,-177.36687,0.07172104
9,-24.225052,149.05118,0.054744117
9,-92.99706,-174.94273,0.04809834
9,165.54486,-123.08732,0.04741071
9,14.157898,-148.67287,0.019557841
9,166.96942,-157.66875,0.09723181
9,-28.514557,91.493774,0.044110164
9,123.06564,-78.77154,0.023060028
9,95.60141,-110.27059,0.02978296
9,-12.535492,117.52414,0.033821523
9,-178.87198,-161.3286,0.02870623
9,148.48587,-143.6744,0.032669563
9,-105.02207,-51.216675,0.025445385
9,-114.3191,175.90912,0.029446306
9,-110.4851,-87.051155,0.03217055
9,-147.58908,160.44171,0.0369351
9,-31.603714,122.70581,0.033100363
9,138.07007,179.51367,0.030214678
9,117.58856,-108.026695,0.028742244
9,39.391663,-131.68748,0.04918124
9,178.31873,18.495483,0.038042203
9,38.97209,-134.58794,0.044093583
9,-62.335747,82.151886,0.029604588
9,-1.9895935,159.41043,0.023005256
9,-165.65627,-12.098587,0.03833379
9,23.422577,119.29431,0.018417498
9,103.612946,-87.895935,0.05763156
9,157.99023,-110.25003,0.04151092
9,98.815155,-107.38915,0.03514276
9,70.352905,-76.82541,0.028409587
9,152.07834,-19.102478,0.019621737
9,-142.53581,138.53387,0.025260236
9,-95.807884,80.54559,0.03422288
9,14.382004,-142.00406,0.048588462
9,3.055832,160.62402,0.018888796
9,97.99249,-13.882172,0.052298546
9,138.9992,170.77493,0.03943359
9,110.32666,-111.35203,0.044989467
9,114.86026,-102.82375,0.041518744
9,-177.30426,-88.44263,0.044328835
9,-39.902496,-12.342621,0.028355097
9,-9.944809,5.7714386,0.078865685
9,-103.70415,165.98584,0.063156046
9,11.050217,-64.18827,0.033337444
9,118.20465,174.81567,0.026213434
9,-156.63734,-47.325806,0.03215279
9,-125.9878,-161.83386,0.024024991
9,24.374771,-89.00819,0.029916456
9,-149.5363,74.5282,0.03080501
9,28.828918,174.3523,0.025297426
9,30.479248,-53.326958,0.026589839
9,0.6600647,6.4262085,0.022342505
9,-80.34478,94.44293,0.059452917
9,-16.006882,-118.23378,0.041420516
9,-163.41832,-104.77871,0.0537065
9,0.21443176,23.31723,0.046075583
9,2.2280426,171.354,0.027692286
9,101.98749,-39.09262,0.047788743
9,-172.46184,59.5455,0.058824718
9,-169.09889,-159.21306,0.049313225
9,-153.7326,-41.570984,0.041858286
9,-51.996033,149.49866,0.020855468
9,-102.44854,117.24695,0.020260159
9,-47.552216,68.97452,0.033412736
9,-68.39071,-122.475494,0.02506602
9,-32.58081,-70.61112,0.051173024
9,51.126373,-105.47109,0.03364153
9,-78.9406,-77.22561,0.046386667
9,22.925049,-142.33525,0.036052965
9,-72.51673,102.78555,0.03075255
9,-150.10864,129.24753,0.03131972
9,30.163193,-172.44379,0.0588728
9,25.361176,-177.4947,0.05531128
9,159.74182,-135.3203,0.06201947
9,14.229034,3.098877,0.03007295
9,-8.82254,165.52313,0.073761426
9,-50.588898,124.532745,0.042452358
9,11.594666,110.26813,0.046141464
9,-29.70317,157.1612,0.024912028
9,19.92192,165.35217,0.029623756
9,121.987885,173.49188,0.033240102
9,-47.422363,151.74194,0.029335728
9,8.194321,-131.4799,0.036274433
9,135.17908,-6.4709167,0.040717762
9,-105.3159,119.97391,0.025595821
9,-78.300095,-115.54463,0.038917676
9,82.05191,-147.99907,0.014206489
9,-16.635468,-56.646942,0.033418145
9,-70.05054,-66.56051,0.06883127
9,2.2213593,173.22037,0.09970792
9,-26.81694,178.29669,0.050841875
9,58.296875,-132.86778,0.022881255
9,-28.427338,114.61331,0.049348935
9,-74.36536,169.63153,0.07397359
9,171.47638,-148.70186,0.05816903
9,159.93585,107.25879,0.02105188
9,7.2938995,128.39816,0.06326667
9,-141.41719,141.50867,0.064616896
9,-104.66586,-178.59686,0.038153958
9,77.95007,149.04468,0.021933317
9,-12.472443,153.32117,0.024757782
9,-100.70111,52.287186,0.048312195
9,-76.2266,-74.93891,0.037414547
9,-56.982567,108.34311,0.047484215
9,157.54651,49.237,0.042688332
9,-112.15091,149.23126,0.05004681
9,-171.93398,-77.11219,0.029916488
9,-50.247345,178.98523,0.028041415
9,55.96962,-141.34673,0.039932318
9,151.25977,-153.74669,0.054487146
9,-54.721634,74.39316,0.057355832
9,-13.260056,24.34256,0.02628345
9,135.11551,162.68661,0.037828565
9,175.53577,-154.92702,0.03511872
9,-9.831848,166.47318,0.02834947
9,8.079315,1.7503967,0.05889626
9,-77.037994,166.02051,0.028874759
9,-11.335358,-85.1836,0.05013468
9,35.054596,-143.69727,0.053333208
9,144.00638,-17.874268,0.040651817
9,51.015457,-102.6306,0.03381604
9,-55.513412,28.446747,0.04029061
9,118.88858,-127.604774,0.033633716
9,-153.80276,-72.53092,0.028309073
9,-44.30876,110.644104,0.061331067
9,168.17157,-133.81125,0.04107602
9,-61.338913,-149.45644,0.04804714
9,52.190933,-121.29504,0.039338604
9,-178.25235,-179.09729,0.03398749
9,118.37967,48.824738,0.08946207
9,49.376358,-76.69636,0.03630643
9,-154.826,171.07007,0.036214557
9,26.332458,154.65543,0.03536015
9,-140.14969,105.13641,0.025858508
9,-5.8560333,100.42529,0.026836693
9,-64.47441,133.51813,0.046580482
9,-14.40506,-112.03832,0.024582278
9,-50.56604,116.85022,0.02451811
9,12.058289,-46.81575,0.022938238
9,-48.205444,109.65878,0.025497124
9,-9.302399,167.02774,0.043209296
9,94.39856,-124.744995,0.03408158
9,14.755814,-174.44026,0.03877051
9,119.984436,-4.7183228,0.02372694
9,146.21848,64.83006,0.046373997
9,-13.70166,163.21252,0.041402586
9,7.0475464,-81.96327,0.03025433
9,118.716644,-119.361145,0.03323581
9,9.84407,159.9336,0.029519945
9,174.9809,125.972595,0.03944237
9,118.99432,-70.7827,0.03469027
9,-36.926437,70.087204,0.038978495
9,54.361053,-138.64418,0.048475813
9,-24.401062,121.300354,0.033629477
9,141.52039,161.82971,0.032587323
9,-6.170822,-166.95187,0.029516306
9,102.0318,146.5831,0.05032724
9,5.466919,168.16156,0.017680801
9,-62.831314,121.961395,0.028524434
9,24.457489,131.64697,0.025446102
9,-44.508575,156.32004,0.065329775
9,31.730682,-170.15262,0.035819847
9,153.3982,168.8722,0.04095837
9,-152.82059,139.25934,0.04260885
9,169.14502,37.164978,0.025133995
9,-88.73859,-69.67937,0.03165081
9,-40.32791,61.700256,0.0396864
9,159.6195,-15.09317,0.064492546
9,-31.766571,-154.52435,0.028378744
9,-137.97833,144.54828,0.032947753
9,50.12294,-119.979774,0.0493182
9,-156.19984,-179.0583,0.054089315
9,-130.68063,153.35779,0.049948063
9,40.02974,136.69202,0.044164356
9,-11.28833,131.64935,0.07047421
9,-158.90565,21.535767,0.06490936
9,67.62546,-162.7295,0.039178126
9,95.67081,-15.020538,0.06999023
9,34.120728,-79.72146,0.02180345
9,-141.00465,99.291626,0.039297704
9,120.79941,146.56128,0.03242096
9,156.7724,-52.891296,0.023486817
9,-137.8864,109.10852,0.085489154
9,7.0728455,174.57416,0.02734273
9,150.99902,-166.65007,0.033534575
9,-176.35622,175.92096,0.031509966
9,66.05682,-80.38039,0.04349904
9,-42.510895,-88.44883,0.026871175
9,-172.48395,152.67682,0.015775325
9,8.546936,-179.7451,0.03448173
9,80.899506,66.81659,0.036721848
9,-3.6542969,156.68237,0.03135468
9,-125.88524,-16.422821,0.042780578
9,-158.41293,-45.886963,0.042724118
9,20.676788,3.961914,0.04556227
9,34.131622,15.453369,0.04187786
9,-33.1958,109.68579,0.040404577
9,-112.141205,177.80078,0.034515645
9,-128.69481,-111.18981,0.027887367
9,-14.757477,157.56128,0.030577
9,-3.6513824,150.40204,0.032937285
9,24.023773,116.25894,0.024600605
9,99.00073,-110.312614,0.026613373
9,-70.51553,-172.5366,0.02117806
9,-8.742462,63.921524,0.040228695
9,21.917236,-164.67012,0.045763407
9,-10.036209,145.76538,0.05446344
9,-80.33602,68.05487,0.048930455
9,9.619995,-59.88025,0.027653322
9,81.25357,-25.746048,0.09334953
9,28.60083,5.0986786,0.034904502
9,-175.12425,-170.14551,0.054188337
9,144.96771,-0.21104431,0.019545624
9,-26.67073,128.0015,0.021466041
9,174.4404,69.63809,0.03222353
9,-10.075333,60.57495,0.033601906
9,3.898529,-175.56435,0.028143473
9,-56.08722,112.20627,0.02776536
9,67.52013,-46.538452,0.060355242
9,157.83978,-124.82415,0.0376624
9,166.95538,49.84378,0.021612396
9,-160.44862,152.982,0.061352056
9,125.42764,115.73569,0.04781414
9,131.56372,-170.1393,0.07208117
9,47.230316,-134.8074,0.038670473
9,-28.331116,-73.46138,0.028107895
9,125.26468,156.19202,0.025755124
9,4.169388,62.15387,0.054893475
9,116.83093,-133.8203,0.03236899
9,159.06131,122.86301,0.023200132
9,-138.77612,43.04579,0.03340672
9,115.388885,98.02252,0.028579067
9,-13.2066345,-176.31487,0.035271812
9,-2.0177917,163.83502,0.042070888
9,-70.263596,131.43726,0.038568072
9,91.76141,175.12247,0.04553315
9,24.559937,-139.34279,0.046208896
9,115.91382,-159.12132,0.06864525
9,114.72562,-87.47261,0.033078514
9,-79.79107,90.242065,0.028821371
9,21.495941,-114.360695,0.04524484
9,-8.7738495,142.71796,0.039164633
9,170.14484,94.89252,0.022357421
9,-157.4313,-93.97099,0.036569327
9,-163.89818,166.52203,0.027594216
9,-64.547516,176.26712,0.029222218
9,-103.61354,158.6535,0.036303353
9,126.33435,-140.98183,0.0678318
9,140.61377,91.46115,0.02986641
9,82.170654,-106.84481,0.050272558
9,-85.25538,114.772675,0.028875932
9,-125.369225,99.54266,0.04136215
9,-103.70602,-143.95607,0.044348195
9,-92.344604,-104.64846,0.04209728
9,3.3585663,-102.98889,0.03355988
9,-139.44543,15.83847,0.025054764
9,-17.72371,-5.8038483,0.060525257
9,93.03879,-139.6322,0.07019438
9,67.505585,-120.36533,0.026855469
9,19.205322,-138.45021,0.022981305
9,-179.66463,-174.53537,0.044635057
9,125.07657,-78.49693,0.0327992
9,-163.98714,151.66235,0.020238169
9,-126.290726,-121.63679,0.03982205
9,-168.76709,-127.844666,0.026019838
9,-34.1998,118.217255,0.06285948
9,7.845581,46.65883,0.04820669
9,35.33481,-121.850914,0.014087873
9,-174.55763,-98.307,0.06411545
9,-164.82315,-139.3642,0.045929976
9,-0.4038849,170.18494,0.048024714
9,-26.225098,51.20613,0.026087081
9,7.9299774,-29.017181,0.050529797
9,-45.244003,-124.62166,0.023551824
9,-178.52887,139.22894,0.042562164
9,25.458832,52.003525,0.05458606
9,178.68524,156.08679,0.039998904
9,44.691635,-32.89702,0.037056677
9,155.07208,39.684265,0.029309012
9,-71.87622,85.64404,0.03893464
9,52.352432,-118.87758,0.04302861
9,159.2374,-171.92114,0.033695344
9,135.02466,127.94827,0.08927758
9,-166.7212,-35.788666,0.026193555
9,40.28389,-140.16373,0.014158128
9,-146.32065,-139.53493,0.0574259
9,-167.51697,6.349869,0.045139994
9,-97.85045,-0.6918793,0.028721599
9,-160.31688,-89.08451,0.043351706
9,-174.37782,146.32,0.04904185
9,-33.010727,-102.921265,0.044494748
9,-177.37473,96.13995,0.022932129
9,-56.087677,-107.092224,0.04546738
9,31.526184,67.718704,0.034088373
9,-127.59206,126.26782,0.02850257
9,-37.11624,123.85327,0.04198807
9,168.25818,98.420166,0.04422941
9,146.04767,-128.96971,0.03285669
9,56.80435,-134.7674,0.038501058
9,125.67575,-135.39519,0.049656305
9,-64.149284,164.30756,0.04240566
9,-4.902054,30.511429,0.024079103
9,64.572876,-151.45389,0.07269979
9,-152.88834,-142.26907,0.055004735
9,-82.532814,-57.404182,0.02434916
9,5.080536,-167.63467,0.047348123
9,115.90762,-136.50853,0.05144269
9,-135.72424,54.085846,0.03689248
9,-58.93019,103.92236,0.04564304
9,9.4263,21.027603,0.04907651
9,-142.73714,-120.52941,0.05509127
9,-68.39,140.55219,0.03412266
9,160.53943,-162.18283,0.024274604
9,154.97406,142.98386,0.036027927
9,153.62872,-43.419617,0.02877503
9,-0.6011658,-153.04341,0.033074465
9,-24.817703,138.11752,0.01746391
9,-71.073814,177.98932,0.018945761
9,121.213196,-15.953049,0.05200537
9,80.33026,161.81824,0.015582494
9,101.02487,137.88736,0.029298693
9,11.548691,101.802795,0.04559035
9,-101.6376,79.25897,0.028125336
9,145.05743,-163.73595,0.02711194
9,-26.219711,22.45871,0.030485682
9,-72.616135,24.40895,0.029263075
9,-55.8022,124.59314,0.041311506
9,-163.50012,-174.71196,0.043706663
9,100.42932,-146.24458,0.035106678
9,-4.7072906,-140.5656,0.031710826
9,-128.33286,-59.504723,0.034205522
9,-75.33728,178.78357,0.041637205
9,-67.35933,90.4722,0.042410463
9,-7.747635,-177.15071,0.024634242
9,-90.040985,103.38803,0.038182452
9,82.37961,-29.4841,0.079109445
9,97.059265,-76.821785,0.040582553
9,-8.166855,-170.42403,0.015845204
9,-20.088135,139.0364,0.044788755
9,148.19485,-30.562927,0.03484883
9,-142.9696,169.63712,0.047980256
9,142.8818,-174.84535,0.024542816
9,-29.435593,146.90878,0.036647514
9,-54.873108,-90.90432,0.054628305
9,-140.10556,168.95282,0.053939838
9,36.70131,-166.77461,0.04613052
9,164.64923,-159.72679,0.025380436
9,28.134384,-81.531044,0.05423716
9,-54.857773,-141.90717,0.04971256
9,-151.67216,-150.77634,0.042573303
9,-54.211365,123.7428,0.0476616
9,172.58563,115.07071,0.021976849
9,-50.37619,25.11673,0.032280494
9,99.94403,-127.20368,0.030367238
9,-126.849815,142.43451,0.022012714
9,-154.44368,-158.31277,0.039542675
9,-158.68248,-32.513428,0.036895804
9,55.999084,-162.20227,0.0397488
9,4.8767853,-69.08768,0.022949286
9,155.01886,-154.49158,0.023024822
9,-10.460571,-59.61917,0.02465897
9,-51.805542,-157.85204,0.031668857
9,11.333115,-73.912964,0.033304255
9,-25.463821,141.14978,0.029884636
9,-149.25194,37.313538,0.01991644
9,-120.04535,117.60315,0.042994294
9,-56.31938,35.66284,0.06225564
9,-126.64592,59.71068,0.04472759
9,32.400665,45.57486,0.029309591
9,-162.24323,-170.29672,0.048413627
9,-4.656555,-55.878845,0.08407107
9,46.763733,72.73309,0.04552685
9,-67.76582,37.427124,0.031312067
9,-112.92108,172.41406,0.021112086
9,-25.237,8.287491,0.021020211
9,-3.28302,171.13483,0.01711202
9,-157.27602,-155.04225,0.021664228
9,20.955856,-101.6765,0.04400803
9,172.02512,-168.50337,0.024531176
9,67.16678,-73.83921,0.052001145
9,120.951355,-142.76895,0.037342854
9,-150.30252,64.66165,0.042024814
9,55.59337,-130.63599,0.027535705
9,-107.37033,-163.72672,0.045056365
9,147.07693,-137.51033,0.02193832
9,36.09619,-174.61249,0.062515594
9,60.873413,91.03491,0.050040897
9,59.42015,-164.16791,0.048061714
9,-139.8376,135.0918,0.04217416
9,-68.129944,114.25177,0.032857563
9,95.90427,-171.32361,0.0858494
9,-93.04383,-161.35416,0.044295326
9,174.94232,-159.37743,0.043196745
9,119.522675,64.711395,0.03260162
9,-147.32402,-132.58807,0.048816122
9,69.70616,-175.37068,0.061499584
9,127.447815,178.26672,0.021522801
9,100.48779,57.23883,0.05452346
9,-37.48282,129.2291,0.03150691
9,81.898254,-80.48044,0.047659755
9,3.848404,-145.61996,0.033400174
9,-12.8641205,139.86713,0.068886414
9,-68.918434,119.9151,0.026582833
9,152.7316,-47.174515,0.023794822
9,-13.435303,-167.50195,0.03792063
9,-124.19142,-34.181564,0.033646088
9,-108.98251,42.380325,0.05052669
9,-169.37758,-27.841995,0.044431996
9,76.18622,-106.49781,0.027374422
9,115.471466,-122.81032,0.04063121
9,67.60068,-89.54889,0.03834353
9,-166.63942,2.1725616,0.028705481
9,-53.598785,-87.93412,0.032263324
9,-23.878021,121.93381,0.03931278
9,-128.61621,156.87018,0.044333927
9,-169.47101,-157.83447,0.051519807
9,22.065033,-176.2017,0.03897942
9,162.09274,5.9367523,0.02005793
9,-25.288315,-149.26044,0.034928747
9,-42.065903,170.19623,0.037814964
9,47.471146,-44.130585,0.055422306
9,113.75351,-133.09981,0.037543226
9,144.46896,-155.66536,0.019970648
9,169.12814,170.74695,0.017981917
9,-66.02338,-62.536438,0.0555849
9,-105.21095,-8.657776,0.028522704
9,-164.29268,3.6860504,0.027650855
9,-41.938797,123.70581,0.046174396
9,128.12671,-90.17937,0.034897383
9,-120.48554,-171.3598,0.08028452
9,-168.50484,-15.27948,0.042061474
9,121.911194,-54.418976,0.039606776
9,2.7621613,-177.06602,0.030991094
9,-48.9368,151.2067,0.046721343
9,79.98901,-97.267426,0.02594781
9,-153.45988,128.34393,0.041656602
9,-7.5848083,-154.03024,0.04656296
9,-122.2197,52.841568,0.03589879
9,-111.087425,159.05127,0.028777784
9,-170.20459,26.247726,0.021297945
9,-113.83508,-91.57243,0.023342144
9,-156.31624,-151.9527,0.038954377
9,111.734375,-88.659355,0.036905825
9,-169.07532,121.78665,0.03749616
9,-10.353867,168.46976,0.023916997
9,150.88806,-13.9049835,0.038217023
9,-68.451065,108.5979,0.0321668
9,-157.64594,-122.72254,0.04590812
9,-99.97554,167.26965,0.02765562
9,156.56836,-148.18665,0.052482117
9,-158.35715,14.722397,0.022014167
9,28.797607,-71.20999,0.07287195
9,98.279175,-82.02142,0.022103865
9,133.3825,63.645554,0.040662423
9,-82.16259,-160.65552,0.07874465
9,11.110489,-151.65262,0.020353412
9,75.68262,-134.89081,0.04265222
9,70.58031,-94.79447,0.03716008
9,-2.8846436,0.35118103,0.030200986
9,173.09943,-117.346634,0.040026084
9,-76.25424,101.31302,0.039620016
9,-170.41383,139.76355,0.057555985
9,-11.754517,-176.79086,0.040838324
9,102.31528,-97.07264,0.03161929
9,-30.294098,143.21606,0.04078675
9,165.327,137.27078,0.03996853
9,-37.06421,-123.00362,0.039552316
9,85.82608,-179.5879,0.048394922
9,-141.20216,-47.26892,0.047361396
9,31.69954,-143.00504,0.02013103
9,-151.56696,-106.19683,0.050857123
9,-52.40651,10.263016,0.029391987
9,-161.58154,164.10916,0.04074279
9,179.89313,-173.94818,0.033818863
9,163.13379,-145.59981,0.028392358
9,124.372375,25.533691,0.047655962
9,103.21292,27.357147,0.07115319
9,-58.56481,135.51373,0.048659034
9,-117.22225,136.39105,0.06684797
9,-119.409325,148.6643,0.026632318
9,-114.76216,102.492676,0.033819318
9,-3.094345,115.44891,0.02646669
9,19.082596,-174.17339,0.052201513
9,159.5393,139.99463,0.042849388
9,-102.80449,-115.78184,0.03403114
9,91.89569,-173.2336,0.017507194
9,-165.61673,178.99481,0.040504362
9,131.966,164.0003,0.037819665
9,-49.530594,88.68298,0.050825458
9,51.58737,-139.98544,0.03355899
9,24.746918,-174.70255,0.04694627
9,18.260483,59.56172,0.038368113
9,-52.57956,59.489,0.05458226
9,131.6333,-158.70451,0.018578036
9,86.265076,-122.16676,0.021618802
9,-29.50116,29.31752,0.03829279
9,115.8497,-119.97271,0.03988429
9,126.95886,170.34018,0.04549493
9,-10.178772,5.6552277,0.043217357
9,152.00256,-15.91655,0.055082995
9,-139.77646,12.284241,0.07541504
9,104.61105,-142.49521,0.03412364
9,-72.04092,87.979065,0.033557996
9,82.91055,-59.235977,0.03522469
9,-23.674545,130.1112,0.039937086
9,45.15576,136.38171,0.0306051
9,-18.32193,171.74377,0.036574136
9,40.395752,133.88232,0.029969607
9,-33.347214,50.378906,0.03559659
9,87.294556,-155.03603,0.063629456
9,37.85965,-125.920876,0.05061468
9,-10.52832,114.27527,0.05046728
9,-64.03281,-30.553864,0.06593624
9,3.9008636,179.35156,0.046280168
9,2.188385,-165.53917,0.03735578
9,-130.24297,124.409454,0.046752315
9,-2.0450897,57.683807,0.039045047
9,-62.09736,116.38599,0.036100533
9,134.84027,-131.80089,0.03497039
9,-147.34953,-152.54315,0.03754972
9,135.19067,121.76465,0.048910644
9,25.166412,3.6025543,0.036414098
9,13.425476,68.371124,0.035016928
9,108.2218,-164.2292,0.034934167
9,133.77295,-153.8775,0.031230325
9,-133.27818,135.53162,0.03302985
9,-37.839127,162.07318,0.0486993
9,-10.130768,75.02037,0.03252581
9,41.593124,-4.76268,0.020809252
9,3.7792816,-135.31912,0.0294805
9,163.35333,-167.94691,0.022100577
9,173.71521,60.73979,0.02200568
9,-0.49913025,-176.51613,0.03178238
9,-167.49315,175.57526,0.048292533
9,28.471024,28.401215,0.031047026
9,-149.7542,-113.33426,0.05566333
9,-76.606606,-171.21103,0.050122764
9,1.669754,167.8667,0.047065105
9,-161.33672,83.82544,0.029960578
9,-130.76361,111.358154,0.03186615
9,-18.102127,149.85114,0.045487788
9,92.75467,-90.19875,0.033640135
9,11.381592,-60.128456,0.038541764
9,100.0253,167.401,0.048125576
9,-142.59511,89.03699,0.045006122
9,36.199646,109.80328,0.02766158
9,11.961197,-166.71162,0.023452746
9,24.903137,179.27768,0.033521935
9,13.036316,174.80353,0.042948477
9,-126.4575,-144.43092,0.04449531
9,-104.863815,72.48329,0.041976918
9,-35.507767,-172.45111,0.034521144
9,-2.9938507,124.321686,0.023125805
9,-114.73329,164.50964,0.02535217
9,-9.810196,1.9190369,0.035039272
9,113.83084,-130.59467,0.022738278
9,-38.783813,106.488464,0.043875545
9,-19.95404,156.77658,0.032432187
9,-110.04169,78.75598,0.03625638
9,-22.992645,-76.49601,0.028169751
9,19.35794,-68.21621,0.04198938
9,-171.59346,85.45792,0.041768897
9,123.35336,-96.34728,0.032561693
9,110.21274,100.723755,0.027253857
9,140.27039,-159.95564,0.02815195
9,54.036148,-163.44302,0.041153632
9,-74.5768,-134.67259,0.038864795
9,-166.29543,68.38193,0.03604607
9,-76.198524,112.42908,0.037851766
9,13.546539,-45.23178,0.017264675
9,167.54254,51.898117,0.04867837
9,33.720276,-42.104294,0.049751643
9,-31.46988,33.88063,0.05134157
9,12.959259,-106.18798,0.037643805
9,1.4916382,168.44934,0.04139999
9,-76.45931,120.16333,0.021522889
9,-121.88438,114.289276,0.05842051
9,66.66901,-41.742096,0.029151384
9,118.60065,-29.142212,0.403456
9,-125.50042,-24.12024,0.0456028
9,55.034912,151.4194,0.028343057
9,-93.79926,-101.003395,0.020802518
9,-70.58944,-163.58173,0.033314016
9,109.10028,173.06503,0.028354049
9,-145.87485,156.27875,0.026210405
9,118.13092,-42.670013,0.07409761
9,-17.701874,149.29034,0.06821615
9,-32.372726,-172.53838,0.031215778
9,98.59863,-86.71889,0.030785164
9,2.7805328,-26.616867,0.025970016
9,-5.3583374,151.14426,0.02702623
9,169.76523,6.559128,0.076458044
9,-164.12599,178.19818,0.04564494
9,-165.08514,18.739655,0.028834237
9,-107.74456,131.0025,0.050916288
9,36.812943,-84.56066,0.027125537
9,53.324493,143.4075,0.07684487
9,21.528137,-68.88372,0.023275651
9,72.505585,-133.78555,0.030940654
9,-68.4674,100.709595,0.041225612
9,-98.49361,175.14233,0.039684407
9,12.55336,-89.21569,0.028194878
9,32.46643,-6.5587463,0.03491136
9,11.099274,-178.42043,0.029875759
9,140.84192,-146.04555,0.028983016
9,106.37576,-82.578354,0.030641112
9,170.87286,-17.667969,0.024312103
9,-165.37865,74.902664,0.027267389
9,17.147583,166.45514,0.034798317
9,-21.147064,140.90207,0.048646796
9,-124.070335,146.59912,0.04085834
9,-7.276718,21.682602,0.037649296
9,122.626495,158.70026,0.041010235
9,37.783554,156.86465,0.025231866
9,132.81638,-55.15529,0.023268644
9,100.32538,-149.25934,0.020962479
9,-172.90964,175.77884,0.034425613
9,162.40881,-39.885056,0.03888192
9,-82.99979,106.79932,0.025332939
9,63.60489,45.86708,0.030080644
9,110.20108,142.07831,0.035724603
9,-161.81992,-169.67188,0.034211326
9,-83.670525,110.28824,0.033582713
9,151.45908,-157.16728,0.038308907
9,-72.0625,110.8656,0.034241747
9,-173.1206,-107.016716,0.040300503
9,29.70282,-143.31296,0.04304016
9,18.754227,-133.23076,0.034691356
9,-101.55316,-117.571556,0.027779192
9,-120.98543,-117.19386,0.03342234
9,161.94269,-23.36499,0.056188043
9,-3.633728,162.00647,0.02342397
9,55.409668,152.66391,0.0340732
9,-16.386276,122.073364,0.04999326
9,161.92566,-146.85564,0.025562942
9,-108.65886,96.6243,0.023868077
9,85.3923,-82.083984,0.044141844
9,6.1444855,108.466125,0.020340191
9,92.574524,-118.474396,0.036465853
9,54.46277,-132.2725,0.046389073
9,121.21649,96.505066,0.029251484
9,-14.339066,156.91586,0.031901833
9,-160.87029,-96.62755,0.05051824
9,-148.5354,-31.781143,0.029405665
9,8.533905,175.50189,0.03922229
9,-140.4657,80.51849,0.034758195
9,69.9919,-75.19727,0.03455986
9,-144.18677,74.28526,0.04670859
9,85.973145,-120.2129,0.033836376
9,-9.238419,98.87677,0.41224447
9,-14.452408,42.03058,0.045581196
9,27.681091,-141.61186,0.021654746
9,-148.27136,162.70605,0.034048554
9,129.75977,-147.82785,0.030252283
9,11.044342,171.37506,0.03385589
9,-114.45385,33.84662,0.03167889
9,52.636505,58.74652,0.04503176
9,173.30164,-25.337494,0.07176862
9,-14.004395,135.40573,0.05352727
9,-69.43023,129.06213,0.03964976
9,10.438843,-75.86839,0.045147784
9,-8.659073,167.26721,0.033424523
9,162.77277,126.86218,0.06860769
9,140.37292,-145.67128,0.021401126
9,-23.331512,177.35553,0.028238889
9,78.49573,-78.00209,0.0727322
9,-167.07117,160.27618,0.042739615
9,100.33069,-104.29667,0.023314234
9,-127.0169,125.47421,0.035907384
9,-11.985687,50.551865,0.054839768
9,147.03265,-141.04689,0.051985253
9,24.639572,-26.685806,0.028024685
9,-62.88038,63.688675,0.041408412
9,-72.841286,156.46643,0.038416136
9,-135.10222,-161.86989,0.03309828
9,-130.13896,-86.14154,0.060273826
9,-13.137192,-142.41257,0.0146701215
9,19.675735,154.15027,0.05454794
9,140.09332,-160.79651,0.035469413
9,-34.436188,88.274414,0.043146763
9,85.97284,-60.433205,0.057427987
9,-115.46663,-20.039932,0.02747294
9,157.05527,-62.456627,0.05089672
9,63.255905,-123.60727,0.025123728
9,77.11951,-135.18623,0.043517206
9,3.3742065,-18.210281,0.021641066
9,37.299286,-147.9994,0.05051921
9,32.434235,121.40613,0.0412005
9,15.925812,63.200745,0.047034916
9,-51.999756,127.44757,0.04725738
9,-13.276535,137.93433,0.04597948
9,67.44325,-94.822334,0.07059398
9,-66.84777,136.40988,0.04681272
9,-79.30614,-172.06471,0.07128515
9,100.839355,-124.484795,0.04671526
9,147.2063,-53.995018,0.06471138
9,-146.40012,-87.362236,0.019957276
9,28.68251,-165.96437,0.05363814
9,-10.122452,111.945526,0.038797576
9,-70.355835,75.29961,0.04669777
9,57.939453,-138.53084,0.023488171
9,71.76788,131.0888,0.037308276
9,65.79924,-172.95828,0.04836669
9,-174.60109,-174.14804,0.025006443
9,175.3233,91.74121,0.072128706
9,-64.723694,140.25586,0.07653818
9,-47.343033,57.055862,0.038193014
9,-58.7334,71.130905,0.037558
9,176.20746,-177.58893,0.029289447
9,-117.76661,129.62518,0.056079514
9,33.474106,-115.72198,0.02732369
9,-9.821304,-105.47889,0.034650818
9,65.87883,28.773682,0.045234803
9,-149.84901,-22.835953,0.042189255
9,171.92279,-148.48808,0.038717628
9,-157.74823,-151.94354,0.039519567
9,-143.73404,161.9696,0.04025235
9,-21.664581,161.36957,0.050452735
9,-75.40784,-149.51663,0.059935834
9,-158.26082,116.08371,0.04738406
9,-47.79811,-79.16668,0.047359433
9,-19.569138,51.746643,0.054973233
9,-63.07673,23.544785,0.031352784
9,0.14492798,159.18713,0.024643118
9,51.716522,16.650238,0.027736558
9,-18.333725,168.53448,0.049230415
9,161.17987,-158.08754,0.02472624
9,132.96558,-151.25372,0.025626833
9,-157.94162,82.0954,0.037313383
9,-3.600006,-170.18517,0.026941441
9,-120.89558,-21.266937,0.02938299
9,9.152527,-142.3693,0.04276853
9,172.60364,-173.4838,0.03173144
9,-11.275818,161.61029,0.043551657
9,-5.905121,119.091095,0.047697026
9,78.579895,-92.635864,0.03687087
9,133.40094,-157.86028,0.041439217
9,-68.98714,22.53212,0.04424159
9,72.18854,-115.01685,0.05663918
9,-136.85538,-174.39824,0.031630166
9,-96.5289,134.09766,0.0345745
9,157.92291,57.531906,0.05328634
9,-3.572525,60.08989,0.027736837
9,1.0348511,-172.90833,0.022194669
9,-126.728386,135.48578,0.048918407
9,124.758575,-51.285507,0.059557643
9,-80.9745,-85.23007,0.03116017
9,173.0246,174.75238,0.035887334
9,127.4762,110.52185,0.09242985
9,82.81152,-80.845314,0.033571865
9,-141.94775,159.54126,0.06430805
9,32.373642,-164.91759,0.028585842
9,10.945862,-92.01917,0.038693905
9,17.74202,120.46332,0.049192477
9,-164.5378,3.4967346,0.018606756
9,5.761795,-109.054306,0.022057101
9,106.37714,-164.97406,0.03732933
9,1.9458313,-149.17702,0.025931897
9,-100.388626,-25.407288,0.052212022
9,-177.73402,78.5961,0.08847148
9,70.56912,-106.5582,0.01776852
9,76.76471,-76.60903,0.033594012
9,-152.75607,-175.66951,0.040919885
9,154.6156,138.17728,0.07270558
9,-98.903076,44.72647,0.04100524
9,-8.741608,-84.3192,0.038308255
9,-145.31404,67.98436,0.036265098
9,-94.143196,85.618866,0.061330583
9,90.313965,171.18744,0.018816845
9,38.339386,52.037506,0.07282475
9,78.327576,-162.62186,0.04662613
9,-128.91405,74.263,0.025850005
9,-9.807266,64.18352,0.018513272
9,116.18521,-141.42278,0.033804156
9,-100.63261,-96.53012,0.029899752
9,-136.74805,-176.60727,0.056017227
9,-58.36303,118.030304,0.048730068
9,70.02951,-80.96617,0.04245747
9,134.86682,119.82968,0.028493287
9,97.17609,-98.19851,0.032442566
9,-64.41795,-31.644348,0.035322484
9,-179.62827,-108.62449,0.037272137
9,170.3291,-166.92184,0.023995776
9,81.37863,-124.89495,0.021750867
9,-172.71225,177.13248,0.01943491
9,-165.34181,26.783112,0.051286854
9,-43.438156,-174.76007,0.04803594
9,-42.57794,164.22107,0.027927402
9,-174.79199,-160.3835,0.058215078
9,3.8305206,-11.351517,0.022292746
9,63.251297,-79.44392,0.023966176
9,-83.7273,112.68939,0.043442503
9,-52.397057,136.43918,0.05073693
9,-103.28176,88.38159,0.039255165
9,30.001007,-173.12057,0.017125543
9,-113.228035,-122.20108,0.055995252
9,-144.32135,-168.18549,0.07008937
9,-105.66079,152.67651,0.07821641
9,-179.48074,42.45163,0.055174988
9,-1.3356781,17.722336,0.034348186
9,-159.79524,14.416412,0.029991213
9,-154.15356,-31.926056,0.060611766
9,-164.07901,35.187653,0.056818504
9,45.5515,-156.01154,0.052446574
9,123.897675,-50.396515,0.062302317
9,-162.48442,38.72937,0.051475637
9,-16.687042,145.19302,0.046516728
9,11.986588,-56.405075,0.06507313
9,31.728394,-89.79106,0.04112256
9,139.20596,3.510498,0.02908653
9,32.25702,-85.82274,0.048814505
9,-7.078308,133.33966,0.028146507
9,-136.22469,-109.9226,0.059254024
9,-120.55988,179.86072,0.03331923
9,144.90796,-163.52426,0.037432548
9,-66.34102,156.96222,0.025779324
9,108.430695,-125.628746,0.03790554
9,-24.627838,124.374725,0.050552797
9,-18.412018,108.57367,0.064424746
9,-102.579315,-122.74473,0.046221636
9,18.41121,-145.76355,0.019827534
9,44.825455,-43.769455,0.0830473
9,79.318115,-156.37433,0.05623976
9,82.366455,-39.39119,0.032034643
9,35.744965,-41.10933,0.03310332
9,-133.61148,74.9626,0.024938392
9,66.917694,-99.73315,0.05114067
9,7.5200043,-173.22005,0.029624445
9,-154.76976,137.97198,0.031041794
9,46.407715,-111.55342,0.016402874
9,-120.90898,88.916504,0.018912377
9,-5.653717,-161.80077,0.030046906
9,99.92294,72.41525,0.033609007
9,175.61658,36.921173,0.05242862
9,47.894928,46.667175,0.035927977
9,-62.33696,-176.47054,0.037331432
9,-173.0693,104.63989,0.042220853
9,18.6212,135.45477,0.03750973
9,139.06152,164.8468,0.04031171
9,-28.070267,137.13013,0.045498155
9,-10.025681,66.891815,0.020503197
9,141.1419,-95.59985,0.022020418
9,-156.10892,153.78412,0.03361555
9,-28.396362,-146.77724,0.026932983
9,92.791016,149.92133,0.043282714
9,-0.5597534,171.23206,0.03329562
9,-23.818604,157.36047,0.03417668
9,-44.0683,66.28743,0.038522232
9,-148.53387,153.07559,0.029188404
9,124.76068,-163.35721,0.051331434
9,-116.08459,78.38727,0.043876346
9,145.8833,-72.62311,0.02919835
9,15.615646,178.00372,0.03673859
9,-132.53677,-20.063324,0.02425376
9,172.06274,154.30347,0.04028414
9,-142.10095,24.89624,0.03236298
9,-41.051254,141.68256,0.019844662
9,-153.93413,164.25525,0.06601427
9,-23.174347,-79.937874,0.03870878
9,-4.784424,-77.60347,0.028695779
9,-50.408844,-0.57850647,0.049700513
9,129.42047,-119.33071,0.05025184
9,-161.70586,86.76456,0.038170658
9,147.27972,-159.15125,0.026003288
9,37.03813,95.80762,0.040300496
9,-161.31207,-155.63127,0.021281373
9,43.559113,-112.62677,0.036180563
9,-137.47606,84.73517,0.07605193
9,60.134033,122.16449,0.02843182
9,-107.32703,-16.682892,0.047038645
9,137.53894,-118.9774,0.05745358
9,-71.49729,68.736206,0.052885845
9,5.715866,22.510391,0.020240089
9,37.209885,-142.65474,0.032695062
9,71.449356,124.25488,0.04201327
9,-4.1018524,-158.67441,0.021151474
9,-5.53656,-34.573257,0.031088348
9,-10.890366,-178.8404,0.040942997
9,-22.664413,-166.17577,0.022414757
9,-86.34135,127.046906,0.026934082
9,-127.808975,-100.223724,0.02769756
9,-124.458145,153.05023,0.048500247
9,-59.004196,-103.01911,0.03082876
9,-121.51192,108.337036,0.042310942
9,129.01807,-114.73043,0.05361673
9,-124.73792,-11.755157,0.04406807
9,139.008,-131.63628,0.041487593
9,109.55319,-176.66121,0.02915231
9,99.86786,-133.4306,0.032028634
9,126.44061,-47.73561,0.046268154
9,-120.950005,61.4747,0.051086612
9,6.7948914,-147.66696,0.054402698
9,40.78882,-3.452591,0.03325838
9,-15.152557,90.65451,0.02332273
9,-78.4662,112.94989,0.022027707
9,13.046722,64.98389,0.021306876
9,-174.8316,143.31909,0.035766598
9,141.91162,-152.54387,0.03686083
9,97.19006,-98.21152,0.029530972
9,30.86081,-5.024475,0.04650387
9,-67.897255,128.61325,0.047907088
9,-73.01123,12.677216,0.04065572
9,-2.4732666,73.57315,0.03610477
9,124.61676,8.707703,0.026565544
9,80.374664,-171.10144,0.015175935
9,59.88057,165.03595,0.060017783
9,-152.82811,123.431915,0.076176584
9,132.87897,-153.32852,0.025368981
9,153.93533,-172.63647,0.0341761
9,21.82698,166.67938,0.038723
9,-179.78027,-20.629166,0.06395482
9,-94.21796,90.49866,0.08363977
9,-4.0137177,114.53766,0.039570782
9,58.378647,175.20233,0.041887693
9,103.94046,-122.77772,0.0546475
9,-30.56984,175.11908,0.043506384
9,-1.0068207,-63.59018,0.051248178
9,144.91861,-168.53745,0.040797163
9,-40.10103,100.153625,0.03660188
9,-121.836205,92.713165,0.031838678
9,133.76953,-112.626396,0.030937897
9,-158.90903,18.593323,0.06951588
9,-23.869995,152.14209,0.024820903
9,45.81073,-126.34803,0.023826236
9,-16.038391,38.29361,0.031142978
9,-174.01817,158.33582,0.04231557
9,45.618256,-151.82953,0.0232152
9,-9.813309,157.18188,0.023252424
9,-81.450645,13.338181,0.04151087
9,148.77002,151.87701,0.026965983
9,171.88654,46.121506,0.03662388
9,36.64691,-38.734818,0.034927145
9,-3.8427124,-138.31256,0.046189602
9,40.97316,-157.37999,0.04844824
9,-171.27516,118.845856,0.0514249
9,-158.92375,-5.072052,0.049605567
9,-172.09047,-2.1046143,0.03385932
9,-88.94185,119.02353,0.024360763
9,130.38129,-130.45972,0.031651326
9,-51.577362,179.29947,0.04080889
9,11.993134,-9.571838,0.026336249
9,56.563324,-139.27078,0.031135755
9,-0.585495,93.41156,0.044660423
9,32.257263,118.85309,0.05434391
9,-9.618286,60.887177,0.038426254
9,105.44202,-106.64021,0.033099625
9,33.191254,163.65405,0.058907423
9,-104.6073,12.350281,0.03269841
9,88.33722,-116.33535,0.023188079
9,-75.72624,-113.08726,0.030753039
9,-144.58308,101.22992,0.05981676
9,-11.817337,165.12381,0.04085662
9,-23.409943,27.52983,0.037450507
9,139.64514,-43.463745,0.085098214
9,54.669525,-124.70729,0.040587857
9,-37.61464,1.269455,0.06928871
9,-25.780685,88.35028,0.029745933
9,-100.77673,103.23697,0.035844356
9,32.299606,109.976776,0.028079368
9,-0.3572998,-74.46959,0.019632012
9,21.522308,-158.32855,0.041755088
9,-132.58012,153.81934,0.04343644
9,7.347336,-177.60463,0.027392281
9,-150.40697,-114.59777,0.025504963
9,148.51965,-122.594864,0.028418332
9,115.81903,-179.36282,0.035532814
9,76.75104,-91.84561,0.046983175
9,-124.91741,140.18689,0.03163433
9,153.5658,179.06586,0.02626944
9,-26.880478,128.76004,0.036100958
9,30.621826,-177.2004,0.051398586
9,-126.95991,89.47214,0.02184931
9,-155.78654,-146.24408,0.05360278
9,-59.283005,-153.1449,0.02198315
9,-104.877754,124.690674,0.048512343
9,60.714325,-86.58571,0.036430944
9,-131.99222,129.729,0.044618152
9,-49.186035,35.06694,0.052512646
9,-149.26111,-122.761444,0.03879776
9,131.1261,-175.62056,0.027427308
9,-44.220413,-121.36,0.017739853
9,-107.86805,84.4353,0.029644787
9,107.36154,-152.15033,0.03042988
9,-81.99454,132.36224,0.043837164
9,-157.07028,-153.33679,0.07256883
9,-1.5892944,-75.05663,0.03622564
9,-51.462036,54.627274,0.035129983
9,-162.63135,-146.86809,0.04836464
9,-175.87888,16.999573,0.03246608
9,7.054352,-128.16225,0.027507238
9,105.091644,113.360504,0.037219513
9,-54.171356,172.5874,0.04611741
9,-153.5286,74.61989,0.031423576
9,1.8838654,-179.73634,0.064045265
9,-177.01013,-128.72263,0.03730845
9,-45.09868,87.21765,0.07549046
9,11.746399,-147.76834,0.029112505
9,19.993591,-108.88356,0.016172428
9,52.519394,-70.26833,0.037176378
9,-158.97215,141.84048,0.038255025
9,39.973373,-173.50784,0.062271886
9,53.17578,-142.07225,0.041548602
9,-28.722626,67.82762,0.028646503
9,-10.662903,-161.84836,0.02966336
9,128.95303,10.337875,0.036855128
9,171.80249,42.903305,0.061549485
9,-107.764534,-173.18892,0.025990227
9,106.44556,-166.41081,0.028979545
9,167.2439,-134.7896,0.045284357
9,170.14127,-68.81503,0.036808364
9,-24.783508,-121.416405,0.033575367
9,-165.46106,153.69965,0.039192233
9,19.41098,-160.75368,0.04715312
9,-164.22464,175.7403,0.03369071
9,-95.00947,84.543915,0.029356167
9,-145.52657,3.5249176,0.040998578
9,96.00888,-167.7473,0.025393447
9,-129.37349,33.86763,0.034472123
9,-44.960022,-154.21143,0.02928876
9,-7.94458,130.51068,0.023870343
9,1.6218262,112.86426,0.035131454
9,144.8902,-36.924545,0.036436956
9,-173.98619,135.05627,0.05262357
9,-89.84795,179.11768,0.0209343
9,153.84854,-25.426437,0.032841086
9,132.99512,123.87439,0.039977115
9,163.4769,-165.97847,0.035930667
9,-19.22023,49.390533,0.28892744
9,160.41461,-174.1085,0.031246701
9,132.97925,-3.2186584,0.04507013
9,130.19928,-131.90057,0.024697172
9,41.55446,-140.27318,0.022234248
9,-123.13842,156.64069,0.043399386
9,-16.967194,114.62067,0.047991138
9,-85.581024,-98.17415,0.039035615
9,26.42694,-168.95131,0.037648655
9,-84.59938,138.97449,0.04654512
9,-150.50694,146.62115,0.05172067
9,-11.272034,163.88412,0.04260712
9,13.631714,-158.63422,0.047136955
9,-6.630829,-94.67971,0.04702732
9,104.37814,-129.87749,0.03777522
9,-11.006638,150.95111,0.06747307
9,53.83795,-165.97426,0.044681504
9,8.038513,176.67096,0.035707932
9,-174.43625,-22.542343,0.035361495
9,-141.64142,73.59248,0.030439379
9,-105.65068,83.28372,0.061711848
9,-107.44131,150.06174,0.03214433
9,165.79785,-98.04556,0.021358866
9,144.02014,-106.16121,0.05969976
9,36.654694,-119.23396,0.029050853
9,28.727386,-33.431335,0.07884899
9,-92.84418,143.97412,0.056775987
9,-36.99742,-42.027817,0.03188095
9,19.62706,-154.41597,0.044026572
9,-120.23486,132.99866,0.053368732
9,151.36182,-129.50742,0.024723822
9,167.43463,-45.475143,0.030826995
9,153.18707,-134.53291,0.046245225
9,20.793564,-7.5296173,0.047602534
9,-59.289658,-154.65784,0.03690838
9,71.10289,-119.3752,0.046191216
9,-149.9695,115.94034,0.034680817
9,-44.573242,-116.10942,0.028533882
9,-99.0628,159.2717,0.033185463
9,11.181656,-85.404236,0.02878593
9,-41.44365,100.19974,0.042656157
9,3.524353,-161.442,0.025037995
9,-89.17997,79.64337,0.05027614
9,15.637665,-61.086014,0.025600396
9,-21.091064,-143.94427,0.02430223
9,41.770935,-171.67142,0.04060517
9,131.13031,-140.67451,0.04002037
9,21.783325,-50.889664,0.02908169
9,-86.449196,136.28448,0.028014401
9,-126.435036,158.30722,0.09725372
9,-160.4227,136.81415,0.04360506
9,167.824,-3.217163,0.028566822
9,-25.406982,-140.80609,0.060964033
9,21.694946,-81.30949,0.054917898
9,53.280975,167.46082,0.041848715
9,44.925507,35.291092,0.023792056
9,176.88669,-46.3844,0.02060652
9,-111.81516,69.30957,0.04363299
9,1.4942932,-17.389435,0.03656996
9,-18.600922,128.02625,0.046748646
9,-154.1015,-179.06755,0.05124386
9,-174.68906,-20.559921,0.02510382
9,34.86786,-161.57378,0.041544583
9,161.42004,-170.04588,0.035678636
9,-174.63542,-130.3659,0.03654063
9,145.27142,-32.92209,0.032660864
9,4.497757,52.000214,0.019014236
9,-97.540276,148.51532,0.044994645
9,-163.03781,-130.00198,0.024954475
9,152.67926,119.521545,0.058349364
9,-125.64764,73.46036,0.068995796
9,20.056656,-96.84548,0.043035153
9,-160.37964,157.40332,0.0631799
9,-36.853027,144.24506,0.04367726
9,179.23138,-158.6273,0.028781252
9,-2.6818542,-161.39563,0.02957292
9,-6.788666,156.21387,0.027546171
9,159.85641,-157.15295,0.037275333
9,-116.0495,-44.75461,0.050267857
9,-96.06653,108.045715,0.017136447
9,41.81836,174.06,0.04319059
9,34.14322,-171.90652,0.0408868
9,166.93265,-94.84286,0.04247918
9,-120.04158,152.68097,0.028936183
9,-3.9767456,176.56247,0.059768565
9,-81.78969,109.35388,0.043005593
9,165.53607,79.42999,0.03237051
9,-16.611969,97.11044,0.044257324
9,-28.528229,130.80444,0.04899339
9,-9.226883,91.690674,0.031240005
9,83.22388,14.15361,0.0526894
9,-71.96219,35.96202,0.052504558
9,-16.576965,172.36682,0.04882764
9,8.585922,-169.04378,0.031956203
9,173.6998,-174.58391,0.03664328
9,123.354614,-102.83924,0.054718807
9,131.09274,5.0594177,0.050502256
9,70.59024,-178.99376,0.0361912
9,-17.982452,-147.34451,0.028571328
9,107.13422,-74.99936,0.031274896
9,-108.89309,-32.922577,0.024465369
9,11.194214,-151.1612,0.02182687
9,138.98334,139.18445,0.023342585
9,39.30847,-171.36653,0.052255783
9,-147.83942,-159.11417,0.031722214
9,-165.47694,-153.19563,0.020284398
9,-56.729042,73.60956,0.018259035
9,125.328186,-119.96585,0.020771155
9,66.23851,-157.63222,0.024472715
9,71.83482,-98.19761,0.03887519
9,-127.57115,-98.79164,0.032464918
9,177.72058,132.73016,0.027185017
9,52.810333,-115.27012,0.03484259
9,-80.417915,113.41803,0.046235256
9,-37.90497,170.60919,0.030515708
9,30.924744,1.3109283,0.0348881
9,-14.074753,-74.452705,0.04201154
9,-13.638428,35.240875,0.036745634
9,6.6080627,-106.73345,0.025459714
9,126.3024,-12.999863,0.0650342
9,-109.88545,122.79065,0.03274266
9,-167.08134,136.30145,0.057965998
9,-175.68202,-51.927643,0.035685018
9,-55.571976,92.417114,0.08821284
9,176.0498,2.590683,0.038175575
9,-47.37137,141.92389,0.034767922
9,-151.55904,20.101944,0.03129815
9,-169.64838,-139.4061,0.03490748
9,-164.86734,72.49222,0.028081238
9,-118.77644,-179.32336,0.036531627
9,130.7485,131.08557,0.058786888
9,-149.60799,-92.162094,0.05888762
9,-22.605484,42.461334,0.034758586
9,43.963867,-95.88471,0.05028149
9,92.664734,-13.194733,0.047447804
9,100.51996,12.988342,0.056310967
9,42.358353,-111.69575,0.042999793
9,-172.1401,177.19434,0.05694245
9,121.69559,-128.62024,0.024356743
9,97.152985,-102.063965,0.032235984
9,18.19159,-174.80782,0.032696962
9,3.583023,-120.34138,0.03743283
9,53.60492,48.62259,0.025639683
9,178.00867,-93.90027,0.017480977
9,94.539276,170.07654,0.04061812
9,-86.56779,170.30838,0.038540754
9,91.105286,-103.17467,0.04610281
9,8.794479,-86.61937,0.02774675
9,-103.73401,-130.24724,0.034255993
9,126.83014,-120.102425,0.061690915
9,12.396942,-146.08273,0.01725082
9,167.2171,-72.37953,0.02487843
9,-169.50177,104.40396,0.03190134
9,-116.52912,136.33789,0.028436266
9,40.63481,-98.01996,0.026850456
9,-123.50568,63.640152,0.02871597
9,5.8493347,147.82394,0.061952583
9,159.62021,-124.60282,0.03774135
9,34.812683,-50.439972,0.026334127
9,-124.29945,38.013824,0.045953743
9,-44.608246,153.09155,0.035058465
9,-26.80603,-161.02954,0.039015293
9,79.86664,-170.18822,0.017331872
9,44.640945,-45.665512,0.032296717
9,-123.11368,-47.754883,0.04572552
9,168.48517,118.1084,0.03838559
9,-178.98993,-131.72775,0.070078485
9,-153.93987,162.14929,0.030026335
9,-53.8609,151.95428,0.019396063
9,40.32126,-60.6205,0.041331433
9,111.33624,19.993408,0.03734888
9,-86.45024,72.374664,0.04312859
9,-11.710114,135.44907,0.04112905
9,-165.68787,-105.545586,0.03593902
9,24.193954,112.32831,0.039988764
9,107.50644,-149.05428,0.03223893
9,-92.58008,89.28107,0.028502848
9,-38.79271,-14.104538,0.04069877
9,-108.10849,91.54489,0.046612844
9,79.95004,95.03827,0.026088888
9,7.862015,-162.37927,0.043197345
9,-89.06202,97.71896,0.034268696
9,25.161331,31.932861,0.027258541
9,-53.460236,53.60315,0.027435342
9,-120.78602,55.979645,0.038601782
9,-80.06364,37.062973,0.04856348
9,93.67276,101.38504,0.03742548
9,73.1393,-73.31736,0.058933057
9,-13.862991,148.49854,0.05741025
9,-59.157288,73.132324,0.070770465
9,-130.776,-55.39406,0.023084367
9,160.60028,107.40607,0.07457536
9,-43.778397,117.16638,0.028939309
9,-170.70421,171.13559,0.066833735
9,-6.1079865,150.42084,0.044398878
9,31.13504,-122.00095,0.03243493
9,-34.00244,-133.40796,0.042523246
9,-159.38358,22.64151,0.024095487
9,154.80865,-28.56012,0.050057054
9,-15.679321,-34.342133,0.015533304
9,-102.96839,-158.3965,0.037521236
9,150.41736,72.67795,0.028237745
9,64.414764,36.683243,0.039357994
9,1.0249023,-64.800964,0.04992966
9,-137.70622,34.062958,0.036782153
9,-15.285492,-27.115906,0.024156896
9,108.14722,-91.7897,0.038765974
9,61.54236,-91.85226,0.044138826
9,-3.6856232,174.77444,0.03482141
9,122.79172,98.34573,0.05671285
9,-46.014282,118.19943,0.040077224
9,28.723846,-150.32373,0.035303533
9,-18.276596,-100.57341,0.028819436
9,13.616211,-24.818878,0.026407158
9,-48.3416,37.928925,0.04090143
9,-16.317322,60.90863,0.022831833
9,-3.8198547,171.31216,0.019571228
9,-2.9181824,-47.21846,0.040255714
9,-13.690994,1.7176514,0.02111044
9,-130.3178,-170.8621,0.041783866
9,162.26294,-36.597534,0.020088527
9,-165.2946,-120.59549,0.0532419
9,94.990906,90.47577,0.4045195
9,-95.3639,19.35289,0.027227286
9,43.01956,121.1734,0.039338425
9,-92.34943,59.6996,0.029395035
9,-39.586884,133.81805,0.029942855
9,-154.31213,168.50851,0.017984869
9,138.15192,83.115906,0.029841257
9,90.79364,-17.914658,0.063312456
9,43.934967,-174.5942,0.03585123
9,127.7616,-44.594482,0.04869314
9,163.87122,-177.90198,0.025300557
9,31.641083,-3.3291779,0.03802096
9,-61.15802,-161.90576,0.038473137
9,13.761169,-177.96468,0.03398281
9,-121.666565,67.87219,0.028444469
9,-113.14134,147.79181,0.04185728
9,81.365204,-139.20778,0.016508268
9,126.7377,-171.38268,0.03627777
9,-135.84189,138.47183,0.02917065
9,178.27051,-142.60391,0.0768361
9,16.129105,-150.44177,0.018285802
9,-177.20866,51.548035,0.042776976
9,-34.83168,164.44113,0.04244509
9,-66.89385,110.67737,0.037124902
9,-159.90942,138.06238,0.05651861
9,-113.45674,116.36047,0.045069933
9,-169.3057,-49.905457,0.03188563
9,1.6616669,156.08224,0.02393975
9,24.53682,-14.2191925,0.0415303
9,-157.56268,-44.498856,0.02926073
9,-160.6917,91.191925,0.035271805
9,-134.1438,146.94733,0.03787514
9,-130.07767,130.48456,0.046469398
9,3.921814,113.3526,0.041899912
9,-174.2554,-58.968643,0.04155826
9,156.82031,-157.35063,0.035405062
9,44.365356,-163.43605,0.028116133
9,-22.699432,-121.609276,0.046291053
9,-38.602066,-166.02837,0.034183484
9,-120.752396,-114.18395,0.034461495
9,-89.41247,162.95465,0.04073012
9,72.84805,75.596466,0.039977632
9,-20.191208,-122.53032,0.04283794
9,-33.223114,138.06824,0.04502487
9,-106.97671,76.75061,0.036799945
9,-65.54655,-94.33254,0.028879736
9,-117.400566,147.4505,0.03760771
9,-13.16069,164.39648,0.032799263
9,175.04584,-9.708649,0.05640369
9,-44.88524,-76.47099,0.06269969
9,-168.74898,174.56036,0.03889874
9,-170.97299,177.24463,0.034892507
9,-151.88506,156.297,0.03257735
9,142.98975,-147.2793,0.02920943
9,75.170395,145.20486,0.049035925
9,-121.504265,172.83606,0.047262315
9,-103.22714,125.45245,0.039732922
9,-7.6863403,-157.3932,0.025499953
9,-73.87736,-101.312645,0.041357823
9,29.75766,-99.384964,0.034582604
9,-151.19385,122.76724,0.029022435
9,11.526291,115.561554,0.066261075
9,34.405243,175.32321,0.05334368
9,58.191757,101.97598,0.026357949
9,-127.14672,116.87659,0.03881232
9,-104.263145,62.758545,0.030117158
9,-144.9686,-128.4031,0.03780381
9,2.0855865,-156.64894,0.030402746
9,164.03885,-174.63916,0.025126385
9,4.0656433,-159.98567,0.031097423
9,-45.76799,0.3348236,0.54426724
9,133.89404,40.358948,0.051357046
9,137.38855,-179.35837,0.028784404
9,122.54642,-109.21321,0.040253673
9,-171.19795,171.74176,0.025315192
9,170.36688,71.674225,0.0231273
9,167.19562,-132.01903,0.05798664
9,-135.50278,132.78171,0.023042675
9,139.89484,165.62741,0.0489465
9,15.999893,53.72319,0.036489103
9,22.084198,160.01672,0.046952114
9,-159.37402,170.71902,0.028284287
9,112.25397,-121.95094,0.05230163
9,-57.37726,135.34372,0.036355495
9,-161.31967,151.00256,0.041311823
9,44.561325,-59.014084,0.034976054
9,-38.637848,75.082886,0.031992603
9,-93.10505,140.53113,0.024360923
9,117.6015,-164.51376,0.026193261
9,11.893448,174.04498,0.046055935
9,-30.675293,33.060852,0.057913978
9,-124.93551,50.666183,0.02629419
9,-15.858475,94.32367,0.04060426
9,18.681976,-125.938576,0.05216192
9,158.87146,-76.28166,0.06006057
9,-36.338135,112.04935,0.03720759
9,42.15274,-132.9386,0.023545647
9,63.990097,-151.09555,0.03586305
9,15.164963,-166.93498,0.043270268
9,64.56213,-92.87433,0.026114585
9,145.72296,159.7591,0.03456405
9,120.10477,-83.76908,0.043555036
9,-172.42953,166.72006,0.09479926
9,-110.76872,57.403854,0.018795293
9,-157.75392,127.747986,0.022468958
9,-171.5203,-87.92658,0.043561067
9,-86.51649,-96.39953,0.03437232
9,-15.029221,168.05695,0.056158338
9,-62.132217,-52.442062,0.047482252
9,-117.92723,65.51752,0.055534553
9,115.85278,-53.743286,0.042707395
9,-96.80201,-125.15183,0.06415953
9,40.201157,-108.888306,0.031517453
9,-43.41913,126.79846,0.03189531
9,-89.06004,109.49393,0.038095642
9,8.3116,93.403015,0.037503343
9,1.5089111,-133.24704,0.034122076
9,-13.030411,-85.347855,0.03698951
9,166.24054,-54.00985,0.03127916
9,45.551605,-124.33472,0.046241343
9,-18.059875,108.36401,0.038707748
9,0.6207733,165.6648,0.023015842
9,-51.506638,128.01141,0.031524174
9,-34.301376,-114.13943,0.016650435
9,35.080414,-153.4347,0.026387423
9,179.20807,47.280243,0.049918078
9,-20.002853,174.61334,0.036194567
9,74.016846,-171.46477,0.050877888
9,-98.13699,-136.79416,0.053406935
9,-37.11052,-157.19777,0.032503642
9,26.04512,97.063324,0.028573124
9,-8.323776,15.968918,0.020070981
9,113.18109,-127.58669,0.03724029
9,130.8533,-25.334122,0.028755406
9,-30.361496,-160.69495,0.027034916
9,56.01686,-157.06613,0.03704287
9,2.2047882,169.41962,0.0391503
9,151.18317,34.209717,0.05016293
9,102.71448,-30.303513,0.025253521
9,128.60883,-118.36639,0.03809773
9,-53.127457,-148.00429,0.037042394
9,-171.5328,160.76233,0.039185174
9,-1.1583099,66.56271,0.037880868
9,-94.486786,163.32574,0.07023923
9,-134.85983,112.25531,0.024667151
9,28.263626,-160.81158,0.025716076
9,-59.81395,169.7912,0.031385567
9,125.13678,-155.16858,0.03995101
9,29.216782,69.071014,0.035278156
9,-162.23839,158.78094,0.04087027
9,-15.523666,145.3877,0.055205267
9,-24.828094,134.70276,0.04516899
9,-132.94394,134.01065,0.019818518
9,-115.225204,-154.86975,0.021659484
9,54.880356,-178.62987,0.024204306
9,120.10574,-78.28836,0.020385286
9,-50.848053,61.938477,0.050789144
9,-77.132484,155.26468,0.036437474
9,-150.45897,146.03577,0.022562701
9,173.18073,140.49008,0.03958303
9,164.59589,92.99426,0.05229344
9,80.48645,-138.94836,0.054912638
9,-20.60431,-73.56034,0.035073586
9,43.703384,-117.04423,0.04619187
9,112.868744,-96.39207,0.0365929
9,-146.08656,-93.10837,0.05196723
9,4.3162384,-93.3431,0.028738637
9,-77.174324,-170.85126,0.052792713
9,-66.362335,70.28264,0.032622796
9,-46.77687,-159.26865,0.028229615
9,26.471771,-163.74098,0.030216841
9,-156.00569,-156.02344,0.037590284
9,-160.91379,175.23077,0.032173395
9,-23.543182,158.13043,0.041690886
9,-81.94248,-168.50253,0.051641267
9,-139.19598,131.90125,0.061320074
9,-11.467697,178.43146,0.029217938
9,81.92108,-144.50418,0.03325256
9,171.52356,-130.06303,0.036476858
9,131.75024,-158.34572,0.044463437
9,-0.21582031,-167.62656,0.03537636
9,-30.01123,146.22253,0.023590788
9,-85.84711,152.33725,0.036521364
9,-24.398575,168.38501,0.04880134
9,-115.25728,155.01697,0.02828696
9,162.84662,-63.30253,0.046329606
9,-42.478912,40.063705,0.033769038
9,-140.45541,-58.864777,0.051036496
9,113.78088,-122.43266,0.04686253
9,0.34970093,-162.34491,0.018495632
9,148.94958,-170.47781,0.037540555
9,54.372528,-114.59301,0.021580772
9,152.52686,-163.50804,0.03426691
9,-97.945854,96.70578,0.042698517
9,174.17285,129.35303,0.025849946
9,-0.5496063,-11.158737,0.026703963
9,54.7269,-31.613434,0.06474625
9,-6.2980804,-8.708893,0.04260545
9,-26.57071,-0.35112,0.044460706
9,-27.463593,175.37885,0.03973173
9,-0.60188293,71.05469,0.02408083
9,9.4021,151.41089,0.056086745
9,166.77496,145.33691,0.069570735
9,107.46991,-99.219765,0.021800462
9,81.39041,-91.479645,0.046996307
9,-35.803314,-92.75708,0.025113264
9,67.25809,-137.05247,0.025361648
9,-22.635818,144.0589,0.036217786
9,9.543594,108.27704,0.038446434
9,-18.366318,-142.52396,0.05793448
9,136.18091,-122.05695,0.057305012
9,-24.78415,-151.87082,0.025125599
9,-47.540207,110.38913,0.036323834
9,-11.153107,25.277985,0.034121346
9,-175.0017,-98.85805,0.077911675
9,-129.69405,173.28049,0.038318187
9,8.008591,167.11935,0.037672102
9,1.3197479,-31.511032,0.051975414
9,-51.636703,108.868835,0.04044937
9,-147.15732,145.39648,0.05850366
9,-89.34628,151.73868,0.021624038
9,-171.03549,-174.00533,0.03286995
9,-101.92454,47.75261,0.057623584
9,132.00159,37.704193,0.026410334
9,-112.886284,138.11319,0.019105203
9,-151.61356,149.42908,0.03393014
9,-158.00287,152.24567,0.02628798
9,135.71753,155.97766,0.067988135
9,30.465729,-165.11809,0.03320385
9,-160.9899,22.38916,0.041144617
9,-166.8036,27.320953,0.017506104
9,-14.548767,-97.18207,0.03429364
9,-10.226898,151.37714,0.023404513
9,-118.200516,-16.75853,0.06583572
9,-166.05328,-134.8578,0.02273951
9,-140.49744,-69.332954,0.02712194
9,-124.485634,-113.814384,0.05229642
9,-107.47831,157.47092,0.0454435
9,-43.79785,96.20944,0.030157957
9,129.32831,-159.33653,0.044221867
9,-0.40711975,179.02155,0.058203742
9,113.896454,-82.304436,0.042044245
9,-16.88031,55.466583,0.03682708
9,-65.17134,78.47766,0.025798442
9,85.72467,-149.87523,0.043109655
9,-114.52751,51.29825,0.028031966
9,-167.37186,-164.57635,0.047074307
9,113.74719,-141.95958,0.03362789
9,-126.376945,138.59631,0.031679686
9,119.99808,-134.38612,0.040875535
9,-24.709702,46.68477,0.055342644
9,-98.796455,51.138107,0.0476805
9,-80.2096,-85.16356,0.059623964
9,-165.11131,178.07654,0.06295263
9,3.75029,-177.83664,0.039928395
9,-60.33554,-40.9935,0.051729787
9,-60.227203,121.12204,0.06741633
9,-67.09016,51.623688,0.050270084
9,-94.760994,137.7662,0.027693547
9,-156.99596,170.29358,0.036140997
9,-69.56494,99.45209,0.0328563
9,-178.55873,-4.621933,0.034073394
9,177.37585,63.36856,0.04770625
9,146.93964,-137.25282,0.04265533
9,-158.94994,-15.296722,0.048650697
9,-122.18492,-67.667206,0.03615221
9,-25.46524,136.5252,0.0273234
9,101.94055,-35.01059,0.037865065
9,29.87851,177.26147,0.054308604
9,-139.59108,-175.5321,0.05633363
9,94.16458,-84.9623,0.05010447
9,-143.4191,-175.12752,0.07410674
9,49.73932,31.199478,0.41630676
9,-104.298996,111.712585,0.019912522
9,-28.597275,177.65344,0.025032267
9,168.38177,-164.04657,0.074669845
9,-21.960938,36.631943,0.047011998
9,77.07721,-82.02299,0.032425474
9,147.61395,101.04846,0.029062599
9,140.33008,-22.68866,0.044269517
9,-173.82112,-167.9052,0.042163916
9,-131.13667,9.527603,0.05529403
9,167.15121,-26.835617,0.055637717
9,146.84277,145.10516,0.04341536
9,-80.70825,78.1608,0.028268646
9,41.4628,141.27982,0.044330373
9,-44.563446,-29.652313,0.32726613
9,19.638672,-102.253975,0.034096118
9,120.540924,-139.52339,0.03302772
9,-69.66262,104.956665,0.040551312
9,-93.56112,41.07489,0.029070722
9,-27.543854,113.09555,0.047682393
9,-155.00345,-18.049042,0.035193715
9,39.712097,102.8432,0.058055375
9,-75.00729,-141.46428,0.04570301
9,-101.42743,154.14001,0.047713827
9,-3.5636902,156.28955,0.056280095
9,175.72284,86.262024,0.04100964
9,-110.92913,-172.95592,0.026773619
9,163.73581,-22.862732,0.10166478
9,-53.865753,98.99188,0.020117795
9,135.9943,-127.214424,0.055896435
9,-35.379364,-172.89932,0.032535493
9,-45.262665,160.59177,0.024156982
9,2.7516937,1.7713776,0.053797226
9,97.17865,59.238953,0.05332705
9,-147.59299,33.11183,0.053162713
9,-150.19351,152.6565,0.02509546
9,165.28223,178.31708,0.048277415
9,43.77896,-51.63864,0.030235015
9,5.6484375,-164.2301,0.030667016
9,-91.58905,72.9801,0.05358134
9,-94.60061,34.335266,0.06551951
9,23.629974,19.343277,0.026961917
9,-77.542564,-43.617065,0.0549658
9,-179.76619,98.26242,0.027788976
9,128.69043,-82.51604,0.0405061
9,-110.83507,-133.50082,0.02412396
9,89.55423,-119.906075,0.025302043
9,-167.43501,97.52731,0.04318556
9,137.38678,179.47632,0.02977054
9,-154.24586,-131.1498,0.022739163
9,18.562332,-118.676445,0.043810263
9,151.88535,-151.87119,0.058905464
9,153.94812,171.13477,0.026264392
9,133.46979,-59.728897,0.041954447
9,-41.27823,106.17197,0.021789726
9,-27.274826,135.44208,0.056450054
9,-11.748276,-58.715652,0.055794805
9,43.100098,-132.78435,0.027079811
9,163.11768,164.46124,0.04099112
9,152.34229,-111.81792,0.03705943
9,74.099335,-99.51501,0.027666919
9,90.24402,-136.3232,0.04552399
9,32.07785,-106.551056,0.0228924
9,37.10965,15.085144,0.045256197
9,0.4308014,147.37714,0.05170468
9,83.68619,-120.26355,0.034007564
9,-106.146835,-21.732712,0.048950896
9,144.48364,-141.00137,0.04717282
9,-140.70795,172.10367,0.033554886
9,-111.38473,-0.8866577,0.04732324
9,-162.3676,150.21921,0.022211293
9,-14.839294,29.703339,0.022447905
9,6.7543945,-164.14848,0.041863687
9,35.611618,164.50037,0.05116131
9,52.503937,129.48166,0.031123523
9,-149.85196,40.453934,0.05910036
9,-163.3902,87.70969,0.035255626
9,7.7850647,-64.53761,0.02414735
9,92.52002,-122.46219,0.032806296
9,-163.11835,45.436707,0.0456306
9,-54.3656,-105.67416,0.049542774
9,-102.8562,133.57495,0.025892414
9,161.5347,-17.74646,0.053602535
9,-158.5163,165.88342,0.03245322
9,99.55789,-122.75347,0.020698873
9,10.118027,-173.31113,0.046601932
9,87.46271,122.75006,0.046011113
9,-11.696808,151.3274,0.01462772
9,48.033936,-148.18759,0.038572688
9,-21.140793,36.71753,0.0399222
9,-145.8299,38.177475,0.022760343
9,0.58461,167.31049,0.028042475
9,-26.066406,111.41388,0.024581322
9,-115.45537,35.693436,0.04651162
9,155.83429,-146.33595,0.03964102
9,-68.521095,-161.57733,0.048748482
9,-42.890305,-148.28601,0.062262096
9,-10.697296,73.145645,0.06299535
9,153.62885,-154.51958,0.0388036
9,9.049728,-123.34896,0.069607645
9,-137.79672,41.743362,0.041467257
9,156.90942,-29.122498,0.03798323
9,31.930603,-174.65308,0.0291711
9,-22.23558,146.70706,0.023193756
9,-10.721573,152.25574,0.026306573
9,9.049088,-160.64034,0.037172224
9,162.20203,-6.1118774,0.03419117
9,-165.57692,-148.51985,0.042153433
9,135.23856,173.8255,0.014505163
9,-9.638351,79.514496,0.035836734
9,129.42578,-135.5163,0.05455796
9,-101.74566,-133.47563,0.020553378
9,92.10834,100.884,0.021024594
9,36.469147,175.61438,0.053870246
9,14.711044,20.090118,0.03373942
9,-136.76347,-78.25236,0.029735055
9,-76.80308,131.19159,0.057219658
9,175.3403,-128.00296,0.023916857
9,-32.42421,-179.0249,0.030139739
9,-154.33653,-3.726883,0.028419128
9,-131.88998,-112.82233,0.0250787
9,-14.63797,113.260864,0.03519559
9,-136.54587,14.607956,0.036039412
9,-102.420685,152.94165,0.051179193
9,7.8959503,-107.3746,0.068920314
9,158.48444,112.10986,0.014264197
9,155.83563,14.016739,0.054384105
9,-86.926926,44.85417,0.045810394
9,175.80487,-141.6312,0.046889074
9,-55.313347,153.26227,0.018392835
9,-45.163605,35.40767,0.025603332
9,30.593262,170.59781,0.03980899
9,-56.086258,164.60437,0.055245705
9,-47.501663,161.03128,0.03909205
9,158.82758,-36.380035,0.043007705
9,-96.10106,77.26059,0.04912262
9,135.2757,-22.848251,0.045397013
9,80.451965,-127.110954,0.026560947
9,23.16594,-18.144012,0.038152643
9,78.58008,-109.060585,0.046037182
9,100.41589,-102.825,0.038864918
9,-59.72503,-172.49268,0.017606335
9,13.525085,-134.83708,0.03090002
9,-83.56858,147.34491,0.028077625
9,-35.13037,129.00021,0.014711993
9,-152.46016,173.64536,0.032609668
9,-85.82979,97.953735,0.027385503
9,-13.66684,95.494385,0.02794399
9,-69.91422,69.158356,0.039687533
9,64.87906,73.60037,0.047419548
9,-110.19594,132.45264,0.030812591
9,25.526749,152.60828,0.039151166
9,107.25046,-103.233795,0.04888336
9,-17.577103,65.98976,0.029676272
9,-127.10705,116.95209,0.030300928
9,139.32379,-118.829956,0.042433422
9,-115.33388,82.096985,0.06080194
9,-172.33475,176.78293,0.03237936
9,20.021957,-170.2878,0.040686935
9,128.39175,-82.276306,0.039334502
9,-45.562195,158.2226,0.032959413
9,140.55609,156.84802,0.037057932
9,100.620026,-139.72673,0.043382335
9,-26.837784,-160.28752,0.027917428
9,160.6376,-97.3081,0.04394187
9,-85.403244,115.13962,0.034274977
9,-72.95473,-51.856888,0.06513947
9,-24.771103,15.852509,0.065231144
9,143.79626,-149.24545,0.029195186
9,-115.53005,-54.690628,0.032821488
9,-56.845627,-113.940994,0.051195048
9,16.186981,54.01233,0.025786944
9,125.62033,-115.82763,0.02523955
9,111.11099,32.49353,0.037611675
9,-117.26675,-137.90445,0.033015538
9,-164.10239,73.86267,0.041943576
9,-107.61724,-164.18126,0.07459608
9,-110.58542,44.07982,0.034148175
9,97.5838,-25.652023,0.06660827
9,55.14644,-108.84899,0.033218596
9,-163.13072,-48.86682,0.04410708
9,68.48889,-133.51456,0.02744513
9,66.798935,-129.08665,0.06716848
9,-97.89802,98.22815,0.035196796
9,-72.20222,146.73254,0.028992815
9,-150.75739,101.124054,0.029159881
9,-114.11065,135.04785,0.05978355
9,7.3217163,48.913956,0.02558344
9,-61.66194,49.802765,0.03248997
9,28.698395,168.47601,0.025177177
9,158.6424,-91.1173,0.045072746
9,-30.711258,139.66827,0.030515492
9,-116.17613,-44.453156,0.044387516
9,29.413269,130.61194,0.03834505
9,159.4047,-10.385574,0.056593537
9,-179.27213,69.28061,0.051535983
9,91.87149,-65.802925,0.08705607
9,43.17325,177.87408,0.033946127
9,104.549805,-128.85884,0.030428378
9,-173.66681,-13.995026,0.4460368
9,-113.461945,74.813385,0.027294826
9,82.71002,-168.17027,0.055779688
9,-12.1879425,158.35724,0.027043344
9,-66.39107,-53.864502,0.043342352
9,-165.67838,137.96295,0.059265707
9,-176.30527,-106.79825,0.031908035
9,-137.41452,166.09698,0.074065074
9,-8.030975,157.18979,0.021958804
9,-152.94655,-105.981285,0.054655228
9,130.41354,-170.36984,0.024090596
9,13.134766,-129.26013,0.020897321
9,-107.25037,132.37723,0.033055622
9,-169.24846,144.45508,0.03257849
9,-175.20367,171.7691,0.041320477
9,156.70801,3.1654358,0.036922615
9,-73.28092,136.9407,0.03280825
9,-138.79869,92.88925,0.040805493
9,73.67114,-93.24667,0.02109765
9,-138.32236,-149.04402,0.03986161
9,75.77954,-107.856155,0.035076715
9,55.315704,-105.108925,0.034568667
9,-95.15481,106.75345,0.028373865
9,-110.96602,22.00763,0.029310474
9,84.77536,-105.12537,0.052241635
9,-132.93117,70.81419,0.05309681
9,-34.79274,126.29016,0.011689983
9,-163.67673,143.45801,0.067677036
9,-73.182045,113.2572,0.040085133
9,171.43692,-112.085655,0.0234808
9,-25.157822,50.79825,0.023372114
9,146.69983,-137.36482,0.028778162
9,-115.98218,70.37323,0.03653494
9,-67.32832,149.77225,0.054300126
9,144.69,158.90909,0.03548707
9,87.379944,-172.7687,0.038094886
9,-147.98285,157.25311,0.031078385
9,-92.55696,-168.6029,0.029310875
9,42.223236,172.28754,0.03547155
9,-120.27973,124.45294,0.073168755
9,-140.26532,-44.870026,0.019518612
9,99.93567,-25.17781,0.057544287
9,-37.18425,118.42175,0.028702233
9,-41.49193,150.03796,0.05895751
9,-13.324554,109.97308,0.01990727
9,-161.17969,167.88898,0.0346995
9,-118.10268,88.81647,0.046057858
9,-27.112534,149.97632,0.035775986
9,-142.79593,103.656555,0.04048245
9,22.282059,172.71136,0.026506996
9,-67.87754,-7.5522766,0.07482421
9,175.62827,105.8667,0.024313843
9,32.875137,-45.511612,0.05474047
9,-41.00624,16.7173,0.06754005
9,-98.57348,23.184097,0.038610168
9,-104.57155,-178.4925,0.027148088
9,-179.80055,20.449982,0.02909496
9,-38.801147,-137.44913,0.019598726
9,-128.51439,9.545792,0.062038276
9,146.34528,73.874054,0.076859094
9,-21.500717,97.91232,0.0098504
9,-113.18573,48.066437,0.042416252
9,149.64471,-170.14189,0.06721161
9,-31.514465,69.34805,0.040162414
9,140.70514,-15.583405,0.028690621
9,5.252426,-116.07236,0.030604359
9,-85.396095,115.328064,0.035411395
9,-171.98302,-66.187836,0.053439774
9,2.282425,-2.9583435,0.041799583
9,-126.43938,148.22925,0.028179832
9,-153.52104,24.15686,0.029284647
9,8.982254,149.71118,0.033551402
9,65.45825,154.82529,0.04926473
9,120.297424,-77.80218,0.056144804
9,8.11113,-6.6604156,0.046662085
9,39.127594,-68.966255,0.03821435
9,63.423187,-167.90932,0.045311537
9,-135.39128,173.724,0.05738861
9,-12.048355,-47.85205,0.016375173
9,91.39407,-151.01831,0.039935835
9,7.3023224,-49.63655,0.023141207
9,-108.91357,147.24176,0.060785417
9,-171.22862,149.99316,0.032122403
9,-56.39839,120.86435,0.034925632
9,17.857697,59.512604,0.0275669
9,-1.5344086,165.9671,0.044340763
9,-135.6211,61.254944,0.028526606
9,143.80487,-77.20506,0.055345926
9,-61.362747,136.66974,0.033017334
9,145.86765,-148.37804,0.039581545
9,26.101547,-21.560959,0.03332016
9,177.5354,-164.82175,0.04308556
9,-157.792,176.8377,0.027406618
9,166.35736,135.9289,0.044466887
9,-52.664825,-65.49954,0.046144586
9,176.81027,16.702698,0.030961541
9,-14.213776,-49.859543,0.022765998
9,-74.445244,34.91568,0.029247139
9,16.439148,149.8158,0.05038975
9,119.00183,156.11987,0.038303636
9,-146.18948,-113.529724,0.048198026
9,75.24335,-73.2205,0.045242686
9,154.84937,-172.59886,0.041756168
9,-38.6969,94.41513,0.03522064
9,-167.58446,176.96887,0.03572726
9,-171.25952,-20.90181,0.032659426
9,20.720505,-131.59445,0.023068408
9,37.034912,-140.90105,0.019031454
9,-23.388474,125.47351,0.04727304
9,23.952988,-61.489433,0.034476377
9,16.02829,172.97101,0.04791074
9,-146.76077,150.08105,0.042790364
9,143.74014,153.16492,0.038981088
9,-178.51852,-155.40207,0.03607372
9,-36.447098,158.19382,0.053816244
9,121.19418,-174.69592,0.039231002
9,110.26373,-171.16753,0.0588465
9,-87.366425,57.126205,0.04254408
9,164.4328,-44.803757,0.069447644
9,61.415665,120.41791,0.01778745
9,169.02728,-170.7304,0.04305283
9,-177.96243,143.11725,0.023680862
9,-88.115395,129.63867,0.032833565
9,-133.72592,85.80817,0.0836659
9,-35.542908,-1.9287262,0.029620368
9,109.4787,-122.558754,0.05145667
9,-96.45703,141.71771,0.025425024
9,-0.020767212,-176.4131,0.038493976
9,-158.81946,157.00385,0.024640987
9,57.21843,-94.27334,0.06313536
9,-17.08699,73.0789,0.052497428
9,164.22083,99.71838,0.040154528
9,-73.76098,120.13245,0.036126714
9,137.00937,111.33978,0.030734226
9,96.55292,-47.376633,0.04822184
9,64.546326,-150.26453,0.047148533
9,24.033112,-145.56458,0.044449575
9,-160.38658,-132.77626,0.04831325
9,-19.021317,163.98376,0.04186582
9,7.732498,170.17807,0.017463876
9,-165.49825,-46.676773,0.03144696
9,-113.11343,121.78659,0.026082776
9,131.54291,48.191055,0.060058758
9,63.815735,-69.40542,0.060541913
9,-9.463303,38.818085,0.023699151
9,-129.3172,131.68872,0.01918776
9,92.55505,124.19238,0.027461333
9,-15.126236,106.15521,0.06270422
9,105.65793,117.81732,0.029965922
9,-47.298645,124.27698,0.03377043
9,-129.53215,85.94241,0.024312098
9,-176.81844,15.918869,0.033613853
9,-83.789955,41.77536,0.037922505
9,156.79602,-120.35434,0.029546892
9,88.484924,36.77893,0.030137816
9,151.98499,-52.346344,0.053911224
9,89.21811,-163.0948,0.054287814
9,-123.59412,157.9187,0.024655763
9,-40.92314,156.0415,0.041735753
9,106.72867,-147.18245,0.030739872
9,-0.64256287,-172.4157,0.03800048
9,-43.5401,100.73343,0.03007133
9,-27.364609,114.69711,0.027230782
9,42.22142,-140.57306,0.06137412
9,-11.962967,-155.61172,0.023548607
9,18.283783,-156.59471,0.025706222
9,-136.49269,178.67847,0.030170595
9,129.68817,-152.11868,0.039378714
9,-164.10869,135.75568,0.017985363
9,62.25824,173.69946,0.04011713
9,-122.90108,-115.26783,0.03225862
9,84.684784,-32.753418,0.038722575
9,35.659607,-130.59537,0.030719308
9,-94.25807,117.11777,0.038553707
9,55.848846,-97.06137,0.021992436
9,17.275925,-83.09249,0.0446872
9,156.20981,-10.138184,0.03431513
9,1.7230072,52.28073,0.046710614
9,-84.147095,126.53381,0.022743935
9,-73.81596,77.98807,0.04625608
9,-157.76544,-154.17563,0.03878755
9,-172.64534,-96.56351,0.030735461
9,149.02911,82.00635,0.02042477
9,-168.04077,83.0235,0.030956928
9,160.80182,-151.84462,0.03903081
9,-135.24532,-107.42035,0.059178285
9,-140.90714,135.37778,0.044506192
9,109.0838,-130.1261,0.05102639
9,-65.64846,-56.03134,0.029060718
9,105.85379,-134.57535,0.030760352
9,1.8916473,0.098602295,0.016061457
9,-96.218765,121.20154,0.020526147
9,-1.0909882,-157.49411,0.039669156
9,134.36035,17.105759,0.03135701
9,-142.10654,32.701508,0.024959117
9,-21.329147,163.42957,0.043714967
9,30.852814,-150.56497,0.016257128
9,-43.84662,123.54816,0.05473298
9,123.52411,-64.66948,0.06340221
9,-175.13559,-150.16078,0.047882657
9,33.29088,-6.162735,0.04103359
9,152.71194,-146.86072,0.033049785
9,174.80988,-147.71477,0.027220653
9,-32.732986,116.75156,0.03272915
9,-160.61746,107.82761,0.04367563
9,-89.270355,173.15881,0.030284747
9,-176.46005,-177.58038,0.01955215
9,-17.66307,158.21777,0.033429395
9,-25.474976,90.773254,0.030535964
9,-174.05841,163.07233,0.017507909
9,3.9385834,-148.95486,0.03133317
9,-5.789917,-119.34608,0.022742752
9,-41.2666,112.06729,0.040568355
9,-148.05936,155.04358,0.02512112
9,-1.5254211,30.484161,0.046815224
9,163.8612,12.083633,0.04372175
9,176.6333,179.03024,0.026096908
9,14.965149,-54.643814,0.036262594
9,20.178162,-31.556046,0.026825456
9,-88.48143,124.94928,0.04311448
9,-15.444641,-170.00864,0.034015942
9,92.51495,112.10834,0.02947388
9,81.823395,-74.40965,0.03131326
9,157.41528,-178.56104,0.05494752
9,-16.331131,127.65088,0.03233741
9,21.300629,-153.87343,0.032437794
9,-169.93607,4.931198,0.021159673
9,-32.096344,111.36847,0.024773456
9,14.782608,-30.222824,0.03228013
9,137.035,155.29877,0.028299155
9,-30.36264,-170.22928,0.030399289
9,-50.248444,126.00421,0.026736422
9,-79.72383,-50.22049,0.029963242
9,157.20905,-9.369476,0.044104442
9,149.06232,-143.85886,0.056551423
9,-25.713257,103.36862,0.051199548
9,8.447174,118.45804,0.033970367
9,23.556564,-16.511688,0.037358165
9,96.86865,-111.998764,0.035218924
9,-168.53084,174.99829,0.02053144
9,-141.17413,19.581009,0.040834334
9,102.66803,-79.5495,0.037100375
9,12.225739,-27.16449,0.045104507
9,165.00525,-15.014465,0.07505738
9,173.08325,-78.95579,0.043232705
9,18.788239,173.70648,0.05438516
9,134.17538,133.46613,0.034920197
9,-130.47742,-179.76022,0.036940806
9,116.790405,-58.632294,0.041925948
9,-124.41496,75.40881,0.01867859
9,53.33699,-68.34819,0.049413312
9,-20.810852,-171.17805,0.042356957
9,142.8255,-84.08191,0.026641097
9,-5.168686,18.563995,0.048036475
9,44.576202,-141.94612,0.03398351
9,-169.75359,-142.46037,0.043445066
9,-140.20862,172.30435,0.027898917
9,-111.59931,60.886612,0.041536678
9,-68.08465,-146.17543,0.03934168
9,-9.680054,46.091034,0.03439724
9,-159.49165,-102.338715,0.04211779
9,-12.841736,-142.91042,0.06368935
9,179.00763,6.8136597,0.05705989
9,-49.279175,132.04053,0.06286324
9,-9.569733,135.60297,0.03818789
9,-2.9116669,177.81003,0.03136242
9,-121.84075,158.58386,0.02654773
9,-108.39799,160.01636,0.043891843
9,1.9708405,168.14651,0.028754788
9,-3.7835999,23.870148,0.023899183
9,2.3326569,126.3736,0.04397191
9,-69.56632,154.19446,0.05042269
9,-54.214867,-168.41893,0.510045
9,23.044281,-115.06567,0.034222905
9,-112.30215,-104.295265,0.046922684
9,-143.38524,152.96893,0.042508192
9,139.76672,125.83328,0.03587943
9,-73.60349,-128.86581,0.030941498
9,-37.843887,-114.64904,0.027396599
9,178.8551,149.51895,0.04849112
9,66.56305,-115.67252,0.030040124
9,107.43106,145.55276,0.042446803
9,92.915405,-85.96193,0.035371035
9,-43.459396,58.172882,0.03325261
9,-129.472,50.203583,0.02470079
9,-127.13563,-13.818619,0.015798392
9,64.179596,-143.55693,0.049793117
9,29.239075,-156.89467,0.036889616
9,-103.149796,-19.17804,0.046439085
9,7.499832,72.96431,0.019561375
9,-147.66081,19.575638,0.03926249
9,173.9967,173.13858,0.02481798
9,13.477631,27.361282,0.030543277
9,-123.99416,26.70369,0.052205175
9,-34.677124,138.22046,0.028799996
9,-47.31015,143.85095,0.032267626
9,-22.171844,150.13629,0.0299972
9,-138.23132,58.083954,0.018879667
9,-33.871613,-159.03502,0.027132133
9,104.670654,135.57654,0.03422563
9,-33.374374,120.45212,0.046417978
9,-142.26077,78.25729,0.032395966
9,40.818665,157.00934,0.039492942
9,-8.181671,-122.969765,0.037091076
9,-13.02652,9.752335,0.8414686
9,-134.90242,113.842865,0.043583263
9,-133.75055,-120.97961,0.04494811
9,-179.20175,177.24133,0.020527296
9,61.42044,-26.981674,0.053865995
9,-98.53789,-166.15309,0.036341447
9,-172.0468,165.43054,0.025399175
9,-84.52587,-126.70882,0.022728838
9,46.66536,-21.336456,0.045484524
9,-29.787308,-129.6759,0.04915717
9,-170.50345,118.06671,0.0454991
9,-120.86397,-136.32414,0.03576322
9,-111.701935,100.7012,0.03831982
9,128.87195,-67.56236,0.011770574
9,174.52893,-20.345688,0.061889395
9,-98.56721,57.912888,0.04940441
9,-108.159546,102.67709,0.021390922
9,170.39499,-131.35025,0.06310047
9,-24.432037,-99.05127,0.020933162
9,157.24951,-43.158386,0.036424134
9,-5.3842163,89.80945,0.03970601
9,65.77435,26.911453,0.052380808
9,-50.922867,87.85162,0.051120047
9,73.74051,135.84863,0.056624353
9,23.228394,135.53473,0.029213969
9,152.47626,-160.45895,0.031154294
9,128.85297,-86.12698,0.03324593
9,-72.95409,-149.30377,0.02677915
9,55.259903,160.16663,0.025442472
9,27.774017,172.39328,0.038355574
9,-23.584274,58.321426,0.032143086
9,121.065216,165.54852,0.03766408
9,-6.5307465,-114.14641,0.038578406
9,118.82605,-111.936035,0.04869514
9,12.1727295,80.240265,0.052051157
9,2.8490753,-152.96318,0.02182584
9,-52.91188,-171.71753,0.035130177
9,-82.14929,135.76239,0.047944568
9,26.985992,-171.36655,0.032397266
9,-83.79356,72.85742,0.049547028
9,139.88126,-101.96117,0.046189554
9,1.584671,-156.03503,0.042935982
9,131.66443,92.87158,0.03995775
9,101.05798,-96.192665,0.026345883
9,-115.8776,86.07388,0.033748936
9,-101.376595,-116.420876,0.07090594
9,-24.467422,-68.38308,0.024616268
9,-64.88414,90.22998,0.065163076
9,-33.796356,150.27124,0.021497099
9,-157.16232,-94.98949,0.043583702
9,-131.52937,154.20062,0.021811122
9,-32.621765,-76.371704,0.031251412
9,171.38483,176.98328,0.039183438
9,16.981445,-66.82476,0.032893594
9,-12.85817,73.25702,0.06373981
9,-27.893982,161.42209,0.02956056
9,-7.7462463,-170.9696,0.024451133
9,12.087372,9.936508,0.047479086
9,-73.39335,146.362,0.022718754
9,-155.1584,10.807587,0.03569596
9,118.42755,-58.04116,0.03454798
9,178.15195,-179.14767,0.017301032
9,169.89014,-84.67621,0.050926417
9,-124.28281,121.99057,0.044341948
9,51.879745,-77.285614,0.05560184
9,5.592041,-164.83958,0.05744241
9,3.2386627,76.145355,0.027927563
9,-83.53893,57.314148,0.013941674
9,-91.72472,72.58894,0.06789889
9,74.263,102.7175,0.057375688
9,177.02826,-127.775055,0.04112321
9,26.648636,-164.31247,0.022573616
9,64.33713,-69.56969,0.034257572
9,169.21985,-138.93918,0.030477405
9,27.061096,-29.227661,0.062043946
9,146.41846,129.33423,0.037948173
9,-165.66852,4.6778107,0.046639442
9,-25.42041,77.92856,0.02105608
9,95.32291,-131.49397,0.06652148
9,-131.88383,62.835587,0.03321725
9,149.8653,-157.48177,0.038310315
9,-18.001663,-65.92735,0.027457425
9,142.12354,-15.08316,0.055952482
9,171.73926,-95.71726,0.041671205
9,0.07899475,-177.79248,0.05713797
9,-5.7319183,-13.614502,0.04388902
9,36.00473,-179.17444,0.043736566
9,9.336639,-33.526917,0.03623122
9,-47.17212,-160.09334,0.031731825
9,-112.525734,147.63116,0.05260746
9,-39.638107,120.596436,0.027603304
9,-45.441833,-117.13738,0.04000284
9,-74.49317,101.76477,0.028749304
9,28.294937,-154.37794,0.044299226
9,-63.131836,99.531555,0.051298067
9,-9.765106,172.18729,0.024903784
9,176.29163,-170.97845,0.027606318
9,-118.97354,-148.5816,0.05392013
9,-112.32437,73.99434,0.027491257
9,-170.05885,-0.94285583,0.04011679
9,-16.912064,142.10748,0.03297237
9,173.10406,-145.1459,0.0352884
9,112.772766,-24.651505,0.27736896
9,116.76886,-114.17526,0.0300534
9,-84.14564,124.9122,0.023853542
9,-14.675644,114.857574,0.03630459
9,156.4444,125.41788,0.055331834
9,176.08807,160.62274,0.025852801
9,-106.2899,124.34897,0.04126701
9,-4.277237,139.67426,0.03502148
9,-60.274414,55.77426,0.04104689
9,-152.42206,23.539429,0.06589352
9,165.67523,-171.97272,0.030305378
9,175.52576,30.790512,0.030495856
9,154.87488,-108.67382,0.028252723
9,-15.0533905,-32.24678,0.05887204
9,130.94989,-60.005943,0.0642286
9,-151.96614,77.29617,0.03192159
9,0.7619934,60.15918,0.04760054
9,-138.82802,172.7995,0.030115888
9,5.173279,179.65918,0.028831206
9,148.46332,144.3244,0.02889319
9,-41.814926,165.13947,0.017333703
9,-113.32441,-160.79837,0.054359667
9,-56.521515,132.12488,0.042643487
9,-65.13334,53.585205,0.050878126
9,-175.39088,-86.20158,0.04384921
9,41.977432,124.49255,0.025612615
9,-76.586586,78.43762,0.030123584
9,-167.8014,-160.9543,0.032250263
9,-136.25424,-132.3935,0.059161186
9,-174.69661,-170.5124,0.041682616
9,14.324341,-173.28801,0.032647934
9,176.13983,-58.799377,0.042759355
9,79.08945,147.20233,0.037384238
9,-50.000824,172.74365,0.037646007
9,23.603622,-158.78127,0.042030223
9,-96.52223,-152.3019,0.048253436
9,-67.52542,102.6463,0.02356043
9,-80.47289,87.47754,0.030072521
9,-168.69003,-31.733093,0.0389212
9,95.46677,-87.73624,0.027816707
9,-17.084686,124.56305,0.046950888
9,-164.67128,132.9729,0.037465815
9,65.737335,-97.46163,0.026722362
9,18.606857,-59.511215,0.030308882
9,118.816864,-120.94812,0.030080233
9,-164.71384,-154.12529,0.025204744
9,96.862976,-170.41077,0.07092172
9,154.52509,-45.710434,0.035728093
9,-129.58685,128.76569,0.049300827
9,-4.4904633,-155.63712,0.041112985
9,167.49524,-178.17848,0.032145508
9,143.21912,-177.01216,0.026883077
9,-64.51216,20.558075,0.037667006
9,-48.55963,-151.60814,0.037942056
9,-116.68105,-139.8825,0.034069307
9,35.4769,-141.87244,0.028215421
9,107.37723,-165.32898,0.031319004
9,134.35614,-68.89837,0.03176535
9,-128.69495,67.20508,0.065618105
9,32.343445,-174.0708,0.035952974
9,137.34131,-140.80365,0.027144607
9,-44.509277,10.381073,0.035421453
9,118.52966,-125.44379,0.04988674
9,7.8326874,-44.276672,0.05439801
9,-112.088486,147.52097,0.042073727
9,-146.40869,2.5701752,0.045630865
9,-35.68007,119.40582,0.0669368
9,-48.29872,132.62427,0.042577468
9,-64.67705,-27.372513,0.063077405
9,-20.796799,19.66658,0.021218643
9,-14.536667,131.2504,0.043189924
9,27.39952,46.37465,0.054520316
9,46.88289,119.513275,0.05478359
9,-99.60721,-176.08464,0.029769352
9,146.13782,107.67886,0.057906475
9,-83.680695,114.3703,0.032075465
9,-20.94104,44.38205,0.083854795
9,165.87805,-172.18604,0.03663742
9,-18.527435,149.71121,0.031297144
9,-37.909454,97.53088,0.03629576
9,-119.12331,129.1748,0.047143076
9,-136.32735,14.997177,0.045687575
9,-80.75753,105.81537,0.043395814
9,3.7534637,-159.6809,0.038721435
9,-60.622635,114.829926,0.044762142
9,-3.1678314,-165.91646,0.017706692
9,28.914688,19.424316,0.056902375
9,-132.28316,-6.7115936,0.036843922
9,165.71655,-46.62903,0.041836284
9,143.76724,-161.07368,0.052993044
9,-87.385155,152.67322,0.044067442
9,123.838135,128.49869,0.030724768
9,150.06418,-131.92552,0.01946051
9,138.30139,72.53824,0.045116615
9,-70.36264,75.642136,0.03147492
9,-139.51529,-145.68134,0.033613835
9,-122.078,-163.98581,0.0634106
9,-176.25969,-175.56068,0.023276117
9,20.160461,173.37491,0.03136152
9,-152.55591,-142.26161,0.030851088
9,35.165955,-120.0118,0.050652254
9,-62.2808,17.311218,0.0405774
9,-113.233734,-94.370735,0.036785442
9,-69.53044,-136.99928,0.05171542
9,-81.35472,-172.52249,0.03460295
9,-21.48558,97.70773,0.035606097
9,-3.670395,-166.23523,0.07365945
9,-88.334854,126.96771,0.0547231
9,-9.9947815,77.184265,0.041110214
9,175.2103,-82.84312,0.045183048
9,114.34897,-169.63039,0.037584797
9,-1.5763702,-124.099846,0.055901516
9,-12.51062,65.781876,0.034557886
9,-115.003784,-143.79094,0.03672466
9,-80.36505,52.74185,0.016218357
9,-8.937302,152.02618,0.034056645
9,-32.641174,-42.17192,0.048621714
9,168.64069,-175.54079,0.030627502
9,-15.867996,-12.909531,0.025951905
9,114.342285,-65.67469,0.030727617
9,-6.756302,177.7185,0.04884899
9,45.665543,-74.900154,0.06295951
9,-46.84845,162.46265,0.02533414
9,-147.58453,-4.255554,0.023600454
9,170.1724,178.06256,0.036670327
9,2.1574097,-147.42331,0.053989105
9,7.811432,-33.687378,0.032485902
9,99.32245,-106.71011,0.06031164
9,67.49017,178.52539,0.040791616
9,58.87564,146.20514,0.038441494
9,-38.25421,169.41656,0.05263419
9,-107.95156,-138.36134,0.060799684
9,-134.69438,159.26727,0.026605189
9,-39.738647,86.91492,0.02365066
9,70.27161,-26.746292,0.02529061
9,-21.37436,116.951324,0.031106314
9,-0.8183899,-138.35442,0.044145312
9,-60.22503,12.610764,0.02220517
9,7.365799,-34.912216,0.028985564
9,-2.2283478,-78.39781,0.046287898
9,160.14566,-122.18579,0.02609861
9,-76.24673,116.45404,0.019232674
9,-1.1754608,87.32861,0.044424128
9,-148.39674,-2.6139832,0.023845427
9,152.31622,164.41962,0.0284943
9,5.4918213,-160.16544,0.035343092
9,-144.82463,-140.71814,0.03199875
9,-145.06499,-73.39518,0.046825845
9,147.65201,148.82126,0.040893726
9,-56.195755,-157.6736,0.037084375
9,35.87462,-122.476,0.05527171
9,148.18869,-34.164825,0.02175794
9,118.45584,-70.985954,0.029956538
9,100.86856,-24.08525,0.074634105
9,-0.3818817,97.507935,0.026769819
9,-147.45488,43.409653,0.027545726
9,-74.12835,-69.91205,0.029705985
9,-17.823349,159.931,0.027214197
9,-166.20848,-141.43372,0.041882295
9,-5.6254272,-86.79305,0.032543097
9,119.141785,-116.64591,0.032392576
9,94.127716,178.00775,0.017976632
9,176.93445,-16.852737,0.02879035
9,-54.777023,149.96283,0.056773808
9,-18.166275,157.71924,0.024870457
9,19.346985,-90.68116,0.014900346
9,-69.66837,-163.31613,0.023194611
9,0.6304474,106.47064,0.05549879
9,-31.094818,99.78009,0.03909073
9,19.060211,-174.80423,0.03921106
9,103.334656,-92.32179,0.032362673
9,16.554794,64.526886,0.04505355
9,-128.07321,-91.84277,0.03914905
9,104.648315,-158.32103,0.031766176
9,43.526398,-67.46565,0.05572315
9,-42.85637,-78.1657,0.057086825
9,-16.175049,95.38437,0.061904356
9,20.91333,128.84021,0.033496305
9,-165.88368,177.93527,0.03668759
9,107.43024,-157.09209,0.06703205
9,-43.444275,138.85223,0.031015621
9,-21.98941,179.34787,0.035807133
9,-25.71405,-50.977234,0.033005454
9,76.23157,-112.22225,0.04612199
9,-141.94902,165.0904,0.025386121
9,-29.295654,57.07802,0.026352802
9,-26.967087,106.09766,0.034158733
9,125.709076,-159.07428,0.02454971
9,31.09282,-177.48651,0.027955674
9,137.55331,-47.355606,0.021993365
9,-91.32193,171.36423,0.06383519
9,-166.69533,59.98558,0.031081175
9,-157.88123,-81.31885,0.035219777
9,-126.79818,176.94449,0.050449934
9,26.448166,-110.27837,0.034181926
9,9.917877,-19.810394,0.046450753
9,104.4003,-116.71677,0.035618756
9,-29.79425,72.92787,0.024345633
9,-121.51745,171.01093,0.046846565
9,-30.073532,0.28034973,0.034017764
9,-146.597,130.86026,0.083403096
9,134.29156,-28.978378,0.029958617
9,108.35733,-162.48825,0.041454095
9,-12.43277,158.98926,0.04885286
9,122.74988,115.56293,0.0567637
9,43.84041,105.235016,0.03564241
9,152.08539,-164.85359,0.039770417
9,7.274048,128.6948,0.050716683
9,-17.16713,139.60248,0.03447634
9,8.366028,-77.764015,0.061902504
9,-0.5756073,17.444824,0.086897425
9,9.448853,-93.73709,0.043476
9,134.63779,0.6661835,0.06693438
9,141.91846,177.0828,0.031366814
9,-5.6245728,33.808807,0.025347397
9,131.18475,-71.89669,0.0475315
9,-28.65976,153.20355,0.03785714
9,18.864746,25.349731,0.034951955
9,-173.70863,152.69098,0.035521004
9,-174.68346,11.454025,0.021141673
9,-93.16613,125.1626,0.023146136
9,160.20569,66.58519,0.048199557
9,-157.42892,41.9572,0.028476005
9,-133.37408,-148.11293,0.030393865
9,-73.61254,-176.6539,0.0345798
9,-146.79935,122.35895,0.030833237
9,-170.68591,158.5185,0.03554457
9,123.48358,-147.3179,0.02978287
9,39.671204,-142.87599,0.055543818
9,-12.108704,153.13702,0.043523606
9,-173.3128,175.53503,0.057162
9,-90.661964,115.093445,0.03369613
9,11.41127,156.90427,0.03785181
9,-37.6472,100.64133,0.063158266
9,-104.63926,-149.43993,0.016078435
9,-144.41122,148.2073,0.05429289
9,-167.28932,19.020508,0.06268484
9,49.85652,139.96753,0.032910302
9,-15.600693,-68.73625,0.027466685
9,2.0826569,-42.399612,0.040927213
9,-92.445145,131.46667,0.037633974
9,103.42035,-106.913445,0.059695967
9,-8.565002,-3.7703247,0.04931075
9,-105.794495,162.92584,0.051267803
9,-107.97165,150.93848,0.065897085
9,166.69897,104.414,0.031889606
9,-129.3531,-162.43097,0.038069844
9,-35.88028,159.97717,0.03710141
9,143.97372,-61.19725,0.024537103
9,-178.2992,-15.4579315,0.022599919
9,-99.19577,-59.41073,0.043174885
9,-103.955055,-9.236542,0.036359444
9,84.19531,-145.2953,0.03186592
9,143.34863,-53.372444,0.02899347
9,100.34778,127.60785,0.023905665
9,-10.231308,-83.53606,0.025235068
9,145.49442,104.653076,0.027228968
9,-153.16467,-73.148895,0.03341329
9,53.94391,-67.53753,0.052138224
9,-161.90471,170.21863,0.035655823
9,-142.37764,-37.565002,0.042805552
9,-91.83366,-6.0464783,0.034104496
9,161.29657,-94.467316,0.042425096
9,-123.5289,121.3392,0.02817417
9,178.2797,121.75592,0.03925189
9,-148.7652,-2.1681213,0.03412682
9,-10.965729,64.24989,0.030567864
9,129.32275,-125.83297,0.04928192
9,-115.53878,111.16577,0.032935344
9,-108.52253,102.89517,0.044120558
9,-176.32005,176.31216,0.04748384
9,-42.83011,95.95459,0.028679246
9,-178.74864,57.046646,0.10312738
9,126.63028,-116.83101,0.05764078
9,-115.82184,-175.57547,0.038472746
9,-113.37398,135.24255,0.036759563
9,-20.995178,143.14053,0.03541952
9,0.43644714,171.0542,0.041995447
9,177.46002,163.77579,0.020820376
9,169.70477,-160.94675,0.030458983
9,103.64902,-63.79731,0.039756507
9,32.6373,-158.87036,0.053061537
9,-0.085113525,147.26569,0.0680609
9,-57.656883,-159.71205,0.054296397
9,32.480194,-88.194214,0.060632385
9,101.17642,60.479095,0.06425295
9,-133.6788,-173.81728,0.055221662
9,163.07727,-143.0673,0.03672265
9,-34.179733,-177.923,0.045904174
9,17.21408,-26.481949,0.037394907
9,179.95844,-166.74382,0.031854548
9,167.3414,-157.60802,0.017061114
9,-92.511604,108.52179,0.04030679
9,5.3456726,134.11813,0.02948442
9,38.03015,-99.23424,0.023180611
9,-36.733994,-3.1556091,0.04398637
9,-131.44885,-134.41248,0.03342316
9,-175.0164,179.68494,0.035130925
9,-34.58293,156.58661,0.032196358
9,56.763184,-112.52359,0.043707363
9,128.60034,-46.97818,0.056299016
9,10.761932,-115.834694,0.023869278
9,159.2796,56.47586,0.021516033
9,-5.7523804,-84.099045,0.054140724
9,20.915253,-107.94786,0.0577122
9,72.16081,81.58667,0.031250484
9,-31.06569,-86.80251,0.023805203
9,107.014435,-103.32828,0.022519866
9,-0.46040344,157.80707,0.031850815
9,-62.095123,-87.72228,0.041070305
9,11.287048,-150.81415,0.027517345
9,18.421799,145.84998,0.03295102
9,-38.530106,-37.30754,0.035297155
9,4.8732147,-130.07536,0.030496763
9,151.0329,-148.30122,0.025423089
9,-150.36696,174.67178,0.035232067
9,22.55014,42.279922,0.029454546
9,-82.47594,-151.02705,0.032288823
9,12.058594,168.1081,0.029676253
9,-151.88313,154.30988,0.04234433
9,-91.037254,72.12842,0.052846417
9,0.9968872,144.74362,0.02983497
9,-2.524887,-121.35568,0.028206656
9,162.552,164.84033,0.041620534
9,-9.544434,123.59454,0.07065569
9,74.19879,-148.05904,0.030947585
9,-50.276566,-118.45032,0.036508135
9,139.49127,-76.02707,0.028895423
9,-31.273712,84.92563,0.03885697
9,-2.399704,-123.68764,0.058943715
9,144.46924,-35.471832,0.031471267
9,136.12738,-60.2128,0.03618578
9,147.90692,-48.78711,0.028766744
9,59.54869,105.33444,0.048067387
9,91.717896,-134.98753,0.046359498
9,-150.97917,156.5805,0.023559036
9,-50.180496,-82.45344,0.041245136
9,-83.926476,156.54901,0.033301122
9,-47.607254,-128.85046,0.02536405
9,-172.59201,-66.04925,0.039131645
9,-110.74542,63.50276,0.051224645
9,107.697845,62.926117,0.051008932
9,9.325546,-12.254761,0.02929174
9,-120.664536,63.310196,0.05421626
9,155.29486,-150.3304,0.03252592
9,-106.24156,-172.53413,0.03410304
9,73.29062,173.56104,0.0344412
9,-134.78813,-179.87822,0.028251575
9,129.45831,-161.35661,0.051634725
9,138.45947,0.18737793,0.04326369
9,-79.50355,57.362137,0.2838258
9,177.97339,-12.104324,0.040565528
9,5.7998047,-159.91245,0.03621146
9,178.4602,-67.81236,0.06669426
9,-85.32997,129.96405,0.039300263
9,172.8905,176.97018,0.033794574
9,2.0171814,-4.034012,0.03966808
9,-148.9425,23.812576,0.04242294
9,94.1257,-100.964516,0.04356807
9,-77.42274,91.97662,0.060881924
9,-148.01787,52.79489,0.039215155
9,111.148865,-97.07156,0.030698318
9,67.18536,-78.95553,0.0301835
9,-154.8934,-141.00539,0.03490625
9,-132.51714,-129.32433,0.030773269
9,159.63306,146.46112,0.03459942
9,-19.733963,175.1188,0.02154893
9,-138.00632,-126.353935,0.04651331
9,-90.028656,125.61145,0.037251852
9,3.8703766,-127.494484,0.06149803
9,-83.22757,-1.2682648,0.06678293
9,-107.812065,49.955383,0.038844705
9,-13.552032,110.27875,0.051969822
9,-88.33361,49.354065,0.054655638
9,115.22174,123.85202,0.030852372
9,-158.7916,31.48407,0.034645896
9,157.09772,-10.43573,0.08594921
9,-40.3183,-160.57117,0.03271893
9,-1.232727,-19.766129,0.042719163
9,42.974823,-136.118,0.03753315
9,-3.9322662,56.336716,0.016666455
9,-134.53311,-177.04802,0.03225253
9,-144.20592,157.04422,0.057157006
9,-156.05907,156.39886,0.041439764
9,-173.65576,-177.6281,0.037228677
9,16.651596,-91.4543,0.07149119
9,20.813782,87.03833,0.018785235
9,38.528214,68.153625,0.04656585
9,152.58615,-161.83517,0.027927965
9,-80.614845,-168.8777,0.02988571
9,64.0484,-169.53123,0.022634335
9,159.42523,-7.7506104,0.0703474
9,150.46127,-169.98546,0.026132464
9,-141.68161,85.2977,0.032480523
9,134.26279,100.235504,0.011590447
9,-23.661743,-148.01567,0.027897729
9,64.86624,-156.32234,0.024190234
9,-36.24469,114.497955,0.053033188
9,-16.360107,-39.511597,0.052353926
9,8.147888,171.69812,0.05387009
9,-35.01407,141.8753,0.055474963
9,-0.31167603,-62.346184,0.041027334
9,129.85388,68.31273,0.0404422
9,175.2514,-148.39714,0.023327593
9,159.01782,-128.1035,0.030829541
9,-147.31467,158.0459,0.06956155
9,132.09863,97.85614,0.045288187
9,69.28769,-171.42195,0.03968508
9,99.36862,142.51044,0.05396764
9,179.67429,-9.970764,0.02544731
9,18.648712,168.95605,0.04694971
9,162.64459,-152.22339,0.035441607
9,-151.03441,30.816315,0.034145195
9,14.093903,168.89362,0.036275987
9,135.0411,136.88074,0.039057937
9,150.45966,-160.906,0.02506471
9,41.919067,103.5968,0.025088219
9,1.2758942,113.75357,0.04490463
9,74.72574,-47.569626,0.033872984
9,126.060394,168.30536,0.019458994
9,118.31207,171.3844,0.030822387
9,-62.01442,-117.414825,0.018386748
9,160.21219,-146.90799,0.03763397
9,-173.05487,152.21643,0.031775896
9,-81.20714,20.56868,0.028086722
9,174.98553,-8.933319,0.027354717
9,27.684784,-153.18025,0.022960134
9,-127.635284,34.702484,0.028709352
9,-36.954895,-130.80238,0.0595696
9,-169.93604,-137.84846,0.050540254
9,78.839905,-158.60555,0.044015203
9,-158.0054,59.961838,0.03515955
9,33.34851,-111.921005,0.042441215
9,-162.77847,178.53137,0.022781331
9,20.650589,150.85681,0.034616645
9,-176.78894,158.41199,0.039985154
9,-9.691605,-166.6332,0.036634512
9,73.11517,-105.76139,0.019513432
9,175.17847,-123.256226,0.03293095
9,38.508057,-16.541641,0.05208515
9,112.423035,172.49197,0.06512301
9,-92.16854,99.33569,0.033185612
9,168.1712,135.63824,0.027622197
9,-45.129715,156.86414,0.033574976
9,-179.89066,172.7088,0.04628291
9,123.46869,102.72797,0.038622595
9,-72.95057,96.26929,0.051643115
9,-131.01482,96.017975,0.035614874
9,146.68231,-141.81909,0.038210116
9,-33.045532,-158.3082,0.017901126
9,-168.94673,-169.06711,0.029407794
9,106.423615,-141.0536,0.066806205
9,152.17224,-101.19666,0.07828158
9,71.802475,-64.78982,0.0521248
9,37.693817,-79.998436,0.038574018
9,-12.380356,141.59991,0.027985586
9,-46.12143,138.45331,0.057078507
9,101.11896,-9.892639,0.03186815
9,27.83693,109.59473,0.043957457
9,60.3602,-112.76934,0.019607939
9,-4.7454376,164.92471,0.039051063
9,-155.07642,-106.02095,0.02321229
9,-68.39103,88.74585,0.02691549
9,155.54309,-39.11789,0.02871099
9,56.126923,-58.320755,0.035976436
9,106.606445,75.41388,0.068218425
9,-12.315781,-155.44437,0.031450268
9,45.60257,-0.18405151,0.05197811
9,-44.24292,38.913727,0.04954787
9,-75.82624,103.59772,0.032294583
9,-112.740265,145.34952,0.039943397
9,115.02179,-152.11961,0.03806757
9,164.45624,7.2958374,0.050912168
9,-20.285522,131.94733,0.03907731
9,-8.876434,146.86261,0.06308019
9,-34.720383,-111.092896,0.042259082
9,-15.423691,164.34363,0.023779554
9,119.790436,-95.094986,0.040803693
9,-129.90997,111.18414,0.021626761
9,-40.65341,71.750885,0.032438505
9,-56.270172,146.50763,0.04695614
9,141.18427,-92.76038,0.041512232
9,104.42978,146.35486,0.027294468
9,-149.49387,141.95294,0.02931622
9,-75.688545,-176.80565,0.042985253
9,111.02075,-92.04211,0.049295373
9,158.05975,167.57022,0.03926675
9,-133.29475,-152.43015,0.024091559
9,178.5697,56.456055,0.07291538
9,130.31366,-122.24738,0.028773364
9,-39.547424,-168.2795,0.026997287
9,16.735443,-162.65569,0.033479366
9,-167.14917,152.55826,0.033629764
9,76.202484,-127.77307,0.068526454
9,-134.72762,131.73029,0.044052854
9,-43.037384,106.92407,0.03272696
9,-30.70317,114.38492,0.07938931
9,107.29492,-129.14098,0.058619067
9,-13.715851,-116.895,0.029737273
9,-95.12823,-164.56985,0.040965725
9,-63.661224,-152.32578,0.03524723
9,135.8559,-52.354782,0.04789681
9,49.47522,-0.26107788,0.05003381
9,130.13226,-141.61913,0.05830718
9,134.4845,-108.611786,0.04270765
9,-126.31605,69.62372,0.02975922
9,-149.50258,-124.845,0.054148555
9,-4.3501587,172.14987,0.035140723
9,-95.08203,176.64539,0.052700248
9,-165.13112,-171.81131,0.028367123
9,-146.54234,145.84985,0.024518166
9,-132.7508,-129.50032,0.035576224
9,165.82706,-172.54193,0.027130742
9,-152.14491,153.90936,0.0924648
9,130.11887,-34.913345,0.0351861
9,56.14006,150.36115,0.02717108
9,-82.61214,176.84723,0.026344633
9,-138.91896,65.03372,0.04343295
9,63.75403,-161.24576,0.05108847
9,-71.044235,-19.61728,0.05163748
9,-176.70226,141.40778,0.060074482
9,46.38565,-162.5287,0.026521422
9,-64.5051,56.94229,0.045589555
9,-119.633194,81.64691,0.032157168
9,-112.73076,114.23523,0.054894857
9,111.69479,156.46198,0.0386378
9,141.67987,-150.868,0.05163513
9,-158.85417,-2.272812,0.03050777
9,170.6908,-176.59518,0.033176746
9,-40.33748,62.753967,0.042763956
9,-42.264465,77.035614,0.05973377
9,-149.41339,48.61708,0.020039577
9,59.147125,-56.492714,0.037778046
9,117.7663,-121.19145,0.019103914
9,11.000992,-103.52922,0.039955318
9,34.676666,-120.16515,0.021531837
9,61.645004,-118.39544,0.04143576
9,70.671814,-54.658607,0.051665127
9,-52.432755,-49.947113,0.03729334
9,53.53769,-129.47533,0.044213437
9,-141.28009,-130.36723,0.027672438
9,128.89075,88.660095,0.021515068
9,-0.9846039,-179.68869,0.03134401
9,-156.67207,155.13525,0.033314705
9,167.56421,-127.75407,0.068785
9,150.30429,-133.22482,0.04916139
9,15.322327,-136.28316,0.059099913
9,-107.35967,153.79742,0.026118256
9,15.141434,72.510635,0.042748824
9,117.44031,-126.2773,0.024181224
9,102.09778,-6.520767,0.05402718
9,-139.70543,161.14243,0.05353535
9,-60.854584,87.32129,0.043437917
9,-69.95272,114.23282,0.04243774
9,109.36383,-106.407326,0.02892985
9,-69.05825,148.0614,0.022902183
9,167.92236,58.589508,0.036508035
9,-141.62724,-101.18302,0.03008195
9,-119.947205,132.376,0.03908284
9,-166.72826,12.7229,0.03453475
9,-12.915817,41.32016,0.029622605
9,163.36356,-174.65729,0.02942139
9,22.464325,-90.49982,0.018911922
9,172.51794,175.77051,0.03383183
9,32.985214,-47.83206,0.03458281
9,35.640305,-172.77489,0.02117136
9,9.49173,-82.33253,0.043385748
9,-132.09358,-25.633072,0.041780256
9,129.86499,173.71783,0.026151584
9,-88.76714,109.185455,0.04168575
9,146.54602,153.05756,0.01845368
9,149.56226,-88.278984,0.02215455
9,-27.746552,-47.740265,0.057292942
9,-60.67653,118.73123,0.04378217
9,18.31836,-149.74115,0.028689625
9,52.28279,-162.98206,0.068240024
9,97.41223,-52.097885,0.058740124
9,-39.39543,95.7655,0.048183713
9,-149.42311,175.35068,0.03527097
9,-13.296768,114.630585,0.04464015
9,92.38733,-160.4935,0.016597854
9,165.50162,-165.1649,0.017505087
9,23.68689,160.85205,0.02973169
9,16.381134,-138.84705,0.04074683
9,173.6661,-19.46016,0.059510354
9,-129.11864,29.297195,0.027881207
9,-156.26933,-137.04166,0.037485056
9,0.91293335,-176.70091,0.02846168
9,53.303513,29.826462,0.029212741
9,160.39099,178.12201,0.025700398
9,-135.09941,162.14188,0.029147584
9,-4.302002,11.114044,0.044840027
9,-157.81918,-177.90831,0.026531633
9,-137.1272,157.97089,0.041132253
9,62.476593,87.91077,0.052357137
9,-2.595337,157.83566,0.021590952
9,-42.528915,-153.50043,0.06487158
9,26.554749,-77.7752,0.03611868
9,53.989426,-22.020096,0.026433188
9,69.32037,-129.1276,0.04007765
9,-48.999268,155.53802,0.027159244
9,30.53003,-108.241196,0.016900897
9,-38.593323,-109.91832,0.044698495
9,-150.20982,130.08392,0.041889027
9,-98.12321,21.78125,0.022690538
9,160.45331,-170.5469,0.036860645
9,50.316742,78.75128,0.02643655
9,-55.799965,40.794647,0.032702114
9,147.03351,-135.92969,0.045066904
9,-127.54122,-151.87459,0.02882679
9,176.90381,-105.24543,0.038937677
9,-113.76145,-177.8576,0.023851791
9,12.731476,-77.72472,0.0517314
9,-90.928894,106.62573,0.035469953
9,145.39719,-143.14781,0.03860661
9,51.632843,-135.66522,0.028415231
9,-1.9709015,-147.8947,0.036304217
9,-3.8114166,178.44183,0.025978057
9,62.434753,-174.7692,0.059398696
9,-63.55757,-90.11624,0.035981115
9,-175.01093,-136.24277,0.044773534
9,170.0653,145.7894,0.03169311
9,39.179718,19.749008,0.047080543
9,-85.28292,-172.87585,0.026457015
9,-24.24466,-113.13344,0.03839899
9,-145.05714,111.27823,0.045096908
9,174.77753,26.70346,0.0393149
9,-14.732437,168.70789,0.024809595
9,109.146515,165.7154,0.030674398
9,-165.98509,-69.16078,0.035470456
9,-68.6258,-147.67267,0.017549662
9,-16.093811,-9.076279,0.018805776
9,-20.811295,41.885803,0.042345848
9,-73.96206,-116.31755,0.059509113
9,156.26254,-159.12184,0.032926474
9,109.45639,-50.25885,0.033157166
9,-138.63895,-121.97404,0.029306073
9,15.572418,-137.02211,0.035037957
9,54.924118,-37.082718,0.020988202
9,-38.347977,150.72894,0.041033972
9,-9.278015,-81.362946,0.081999004
9,-161.81761,175.15598,0.042720675
9,134.71613,-168.67494,0.030361205
9,6.022888,135.51917,0.04810326
9,-51.189453,162.87048,0.04734261
9,-165.38689,7.423889,0.042391494
9,-0.5127716,-169.65881,0.079928294
9,-11.068497,-5.4519653,0.061190035
9,29.035248,106.2124,0.08843686
9,55.594147,-66.771355,0.037520315
9,59.535065,-102.01744,0.028404508
9,-165.5522,2.086258,0.054079093
9,36.637466,-126.73277,0.018091643
9,-96.47247,107.23651,0.034061927
9,177.60007,160.25342,0.047232993
9,-128.06136,164.60306,0.021767642
9,-11.163879,15.815872,0.034096997
9,-106.604576,148.75867,0.034672476
9,-6.177582,172.65857,0.036211453
9,-55.30871,98.55417,0.06313098
9,109.37622,151.85785,0.053219147
9,-70.49713,158.72522,0.04413774
9,59.00464,-141.44508,0.035092745
9,-64.9571,-133.09193,0.034098238
9,60.387817,-90.32137,0.024659337
9,90.84131,-41.710922,0.047214523
9,0.7170868,-154.90707,0.027682718
9,-68.06634,-138.33719,0.027835423
9,-103.09901,175.83264,0.040262893
9,-105.36602,137.64276,0.03890103
9,-156.44159,148.1994,0.036696687
9,-158.5406,153.46118,0.03414349
9,108.32324,129.61914,0.03197905
9,134.74243,151.68088,0.030070776
9,167.4013,133.80508,0.029970929
9,23.643219,34.16977,0.06534031
9,-162.17633,169.53644,0.027815057
9,-2.7815857,37.73268,0.038570397
9,-168.94714,106.08945,0.061514057
9,-104.63257,-107.88322,0.03727896
9,17.009537,-110.43771,0.030055681
9,-141.46457,175.84357,0.050725076
9,0.6197052,-146.63841,0.030286007
9,137.63422,-122.332855,0.04059722
9,-146.32858,179.08759,0.033009287
9,9.3423,177.56787,0.07608246
9,111.79532,130.40585,0.041314285
9,-23.577225,178.55713,0.04554099
9,-148.90067,20.671997,0.052622695
9,-76.03709,59.761322,0.05924059
9,-98.04105,134.24838,0.02349181
9,-35.31424,136.44998,0.05039316
9,-82.556526,-167.86095,0.03416666
9,163.6304,-170.9425,0.038562812
9,-107.53383,109.77579,0.047421675
9,-140.23161,-106.8862,0.049546633
9,-170.93202,-178.26054,0.078363396
9,-27.638641,34.052002,0.07008314
9,44.049133,-179.66039,0.045560554
9,141.85626,-173.06252,0.026213774
9,-24.197617,-116.77736,0.06818752
9,57.69684,154.81897,0.04305472
9,-146.55435,33.083923,0.08199753
9,-111.20097,75.58032,0.050495066
9,177.83643,-116.02252,0.055337496
9,-136.82779,91.41739,0.032235935
9,-173.98343,-172.14705,0.039145347
9,-153.11815,-7.853119,0.07198851
9,24.811401,-41.005493,0.021334678
9,129.74506,-119.41932,0.02585638
9,-31.782013,91.40503,0.06557969
9,36.91577,-65.26219,0.03131252
9,-119.59833,-166.45462,0.048012026
9,34.753296,-127.56837,0.015189594
9,14.883591,-130.86908,0.046851873
9,-17.011108,40.913727,0.030335559
9,-139.59251,175.13574,0.04885437
9,-133.87953,51.37227,0.04950102
9,106.86542,-140.47226,0.028948078
9,168.0661,-168.8698,0.032878447
9,170.59433,-129.53947,0.020496214
9,-141.17949,154.09277,0.06409362
9,110.339905,169.62936,0.039375067
9,165.8432,-162.34045,0.047499523
9,1.5404816,-96.73784,0.049193952
9,-7.4091034,-102.40213,0.07046087
9,-1.9054413,-155.51205,0.057996843
9,2.8102417,165.18542,0.042887203
9,-30.350525,-172.99002,0.03796527
9,-137.97417,-152.83392,0.06324563
9,14.972977,-30.536423,0.019833876
9,63.003326,-171.79195,0.037461575
9,-166.93861,-163.27383,0.03854692
9,156.92581,133.59985,0.054519143
9,112.1192,-20.900574,0.02802288
9,-159.86377,51.566544,0.039832488
9,130.74695,-144.40193,0.038711425
9,175.94217,-169.28297,0.031119393
9,-156.2563,-125.98591,0.051436868
9,-169.22188,152.6576,0.027487623
9,93.54587,71.86447,0.04018164
9,173.25006,-149.45059,0.050379224
9,-62.12755,58.35675,0.053526435
9,-120.84133,-30.74356,0.035351504
9,173.07684,-86.233894,0.06151868
9,-97.767845,-81.275536,0.031261712
9,-53.441162,-57.115585,0.029947214
9,58.385056,-111.94189,0.030398792
9,42.022995,-139.0384,0.026812863
9,-32.830658,-161.02446,0.041932624
9,-146.37878,26.097824,0.03767221
9,150.16318,-16.691086,0.04366421
9,-39.46701,110.54193,0.029229147
9,-177.46043,64.22485,0.01704404
9,117.57938,87.33005,0.028304134
9,-175.25362,-169.65092,0.027689599
9,150.8587,-174.08228,0.054784298
9,-53.21672,125.107605,0.040342674
9,17.766922,-39.59845,0.035011556
9,-83.90422,109.56067,0.025018012
9,-93.22866,-104.546,0.036121283
9,-63.86019,171.96191,0.0308257
9,-13.06398,143.27866,0.02288552
9,82.20325,-52.092995,0.08581825
9,-173.20575,57.297012,0.039563987
9,-24.673843,150.58734,0.026053796
9,145.61053,-154.61671,0.04921309
9,71.81453,-94.252686,0.025270447
9,-84.88678,74.045456,0.03490651
9,11.156265,-99.539116,0.06946665
9,-121.01515,100.013336,0.034879155
9,-117.78031,110.742615,0.034275744
9,-176.94214,6.679825,0.019253423
9,-8.0034485,135.11969,0.0177332
9,-61.02881,-3.1874695,0.051288288
9,-50.74286,128.21167,0.04860553
9,59.064056,-135.51443,0.028807683
9,-29.106293,-170.50551,0.04013285
9,33.62137,-159.1297,0.056634843
9,138.3722,-147.19017,0.041908704
9,169.12933,-72.521324,0.04440519
9,75.886795,-174.25018,0.057177413
9,76.63208,-95.385315,0.051101997
9,131.52173,-157.79846,0.030193264
9,-100.67878,-21.910522,0.031415164
9,-57.49804,118.37656,0.043840118
9,0.84339905,40.509094,0.038557682
9,-87.60018,175.30096,0.030838814
9,-109.276886,-128.60733,0.06021787
9,27.157684,-157.73529,0.0395001
9,-24.35115,109.79205,0.04642163
9,-156.0722,-42.051727,0.032931793
9,-104.422455,94.067444,0.06445797
9,59.50792,-19.470993,0.058007333
9,26.54889,-28.712921,0.03468992
9,-132.84874,122.30292,0.07760991
9,-1.9481659,165.9914,0.041114118
9,44.736343,-108.15851,0.027846463
9,152.03973,-171.73297,0.03091186
9,162.8053,-95.70157,0.035488635
9,40.614838,-133.2278,0.032095592
9,-78.08538,72.333466,0.05363639
9,28.304398,-134.32262,0.069028266
9,21.062012,-155.07678,0.050510168
9,-141.36868,70.1868,0.030214405
9,160.34875,-115.4194,0.44786525
9,62.0524,-74.21215,0.033963248
9,49.439697,-178.46065,0.041097008
9,-87.727745,115.71405,0.029668955
9,-17.91095,97.74536,0.03259856
9,-113.91919,130.30853,0.043186955
9,133.52975,81.40723,0.03544905
9,-161.8518,-153.20033,0.028255763
9,39.370483,-167.74445,0.05040392
9,17.624542,-143.63075,0.030091511
9,23.346268,-5.5382385,0.025649117
9,-171.10689,-170.44556,0.026657123
9,-158.61009,-88.62934,0.032676797
9,-16.534592,-67.31216,0.038592756
9,60.965607,-128.71428,0.05192622
9,38.30954,124.26816,0.027287921
9,163.25775,-152.75255,0.04657582
9,35.456085,-128.99564,0.023938438
9,86.94852,-111.1015,0.047952335
9,128.66187,32.3181,0.04223
9,-171.67578,-4.019165,0.02910077
9,82.842865,-60.625473,0.039545357
9,-163.92024,133.94067,0.042282782
9,-10.426193,156.00073,0.034656182
9,179.55939,157.56781,0.027989645
9,-79.361855,43.810028,0.03103963
9,151.06766,-28.553314,0.032537997
9,-143.37144,-150.63145,0.023868952
9,151.52081,88.64102,0.03777151
9,-122.96276,145.74786,0.057902176
9,25.869568,102.399536,0.04034346
9,-74.89527,-143.26938,0.03000893
9,56.35138,-136.71565,0.040301535
9,-40.90901,165.5086,0.05258654
9,-60.57592,139.77283,0.036629017
9,-106.21267,59.52069,0.041162223
9,6.6990814,-140.92032,0.025740556
9,93.87393,-139.39403,0.034095135
9,-1.3789825,-155.38782,0.028163927
9,-84.46803,139.29852,0.029564401
9,-48.139908,108.594055,0.023816295
9,139.28864,-74.56735,0.04662848
9,-10.466324,-178.22067,0.04650579
9,-9.423248,170.45929,0.026074551
9,103.19095,141.45654,0.045826778
9,-49.380814,73.38895,0.049752228
9,135.10358,-173.52132,0.025910567
9,139.66046,-83.490974,0.06244658
9,-40.60048,143.26743,0.051741295
9,35.893982,-138.06122,0.018999819
9,5.862915,-157.69133,0.032448485
9,12.947861,-1.984314,0.03067084
9,-114.67115,-114.09727,0.05729139
9,113.18555,-16.296448,0.0971752
9,-147.17007,106.0679,0.033826713
9,83.424164,-91.057304,0.034119256
9,-30.75467,73.81119,0.044955544
9,87.94821,-72.5151,0.055266473
9,-66.31149,140.60785,0.028031817
9,-178.795,165.2995,0.069687024
9,140.24728,80.57004,0.07224103
9,154.14337,-160.87016,0.03963644
9,12.224731,-5.0932465,0.042206664
9,-58.243073,157.43771,0.036994927
9,115.88391,-143.68047,0.03495712
9,-0.7375946,76.09839,0.014381792
9,98.25433,-49.023453,0.036151297
9,8.347336,83.95587,0.06400013
9,113.84839,-170.08357,0.0473564
9,-53.370758,128.0835,0.03345491
9,-162.50917,-160.98613,0.0713835
9,-38.42868,172.2992,0.053822663
9,149.94531,-41.55986,0.030475846
9,-119.868286,70.77196,0.03801287
9,-178.02211,36.436234,0.047049955
9,-88.04298,-153.35129,0.03386679
9,-53.335327,-130.21352,0.038764358
9,-84.05343,87.33005,0.024604235
9,37.80667,135.51291,0.365684
9,5.7516327,-178.35686,0.014851116
9,-150.56255,-114.08959,0.030469788
9,-177.98663,-9.351135,0.050938666
9,-151.02141,-127.6096,0.040421963
9,105.82535,-88.052284,0.04563232
9,10.061005,-146.85788,0.03867891
9,155.51733,-43.80519,0.029690735
9,121.36801,-130.54875,0.03710795
9,127.96155,-32.31436,0.03524675
9,-161.79404,62.7545,0.03246292
9,6.3423004,150.1511,0.035547342
9,27.100586,-154.32767,0.024983436
9,-108.29462,89.33569,0.024529424
9,48.799347,-32.197052,0.03658726
9,-28.299225,47.268524,0.041811526
9,-91.58908,115.62671,0.020547163
9,125.957855,110.62848,0.029025728
9,-24.348785,-18.50148,0.023225201
9,-70.5674,87.66339,0.024423704
9,-135.45839,133.13834,0.04415683
9,123.38577,-121.08548,0.042740792
9,-135.67822,-141.96753,0.054787505
9,-102.1662,132.27527,0.01730038
9,22.08104,134.3742,0.06027318
9,-177.84692,-63.15857,0.038005896
9,160.79651,108.30826,0.048282087
9,-20.981552,13.351501,0.039195165
9,0.9137573,174.5615,0.02710697
9,-82.27593,-67.12,0.058767986
9,27.949005,152.5271,0.054119296
9,-153.24815,50.143585,0.03084694
9,152.9679,125.38306,0.021047136
9,6.769043,-126.970825,0.094531104
9,-84.86291,122.16885,0.042201243
9,-13.784821,17.843948,0.041196585
9,-17.981598,-74.64231,0.05025488
9,159.36359,146.29993,0.061690502
9,16.177994,-165.5204,0.03989478
9,-8.119217,-82.36709,0.024946684
9,-63.230576,58.413605,0.05096439
9,143.89609,-155.56996,0.05306919
9,24.615677,-11.079544,0.05773179
9,162.44107,176.61975,0.0357883
9,22.485672,-160.12053,0.032031022
9,-155.34517,-151.97008,0.041662302
9,-172.73996,-149.50853,0.019310009
9,148.59479,132.96759,0.055181198
9,-47.188324,64.64447,0.029572308
9,46.12628,-104.33776,0.02824748
9,-95.72978,-157.27882,0.037690017
9,129.34537,-151.18135,0.043253265
9,7.3758545,-166.37991,0.04308731
9,-177.57239,172.44257,0.0312762
9,81.59506,169.74036,0.045772526
9,167.44714,-160.93237,0.03521132
9,122.480255,-95.05741,0.042039454
9,-54.531708,18.049194,0.022712436
9,73.55406,159.09488,0.06682153
9,154.4126,-55.220947,0.017385934
9,110.05765,-90.29615,0.046762314
9,-12.272369,30.588226,0.06555471
9,155.83386,-56.049988,0.06448641
9,-87.558815,123.69531,0.041362286
9,158.3013,99.997955,0.047961067
9,17.692078,153.77655,0.04064983
9,-7.7569427,149.21411,0.035349768
9,-173.85132,-140.41101,0.02439084
9,-91.47996,44.610367,0.044291552
9,-26.123917,111.38364,0.013232176
9,94.27313,79.42526,0.029050052
9,-170.82587,-74.55792,0.059310377
9,160.08783,-177.32782,0.025402138
9,153.90222,74.34805,0.050873064
9,135.48077,-129.21356,0.045606103
9,-124.64192,147.48267,0.06635437
9,-100.07138,-97.865616,0.039745633
9,-178.1403,-3.028061,0.044232957
9,110.596436,151.7644,0.025670964
9,-57.653366,117.863464,0.030388637
9,157.70007,-4.341049,0.042182863
9,5.1194,167.17819,0.036766015
9,127.371704,-82.91346,0.04623594
9,127.94281,-141.597,0.034425527
9,-11.128876,104.22427,0.041318692
9,95.08789,-67.14275,0.037396863
9,-19.647888,151.43039,0.023927988
9,-101.973465,103.3638,0.040688854
9,-11.435837,134.20392,0.032624584
9,-156.51605,37.47505,0.016842637
9,82.34198,144.49683,0.033906568
9,142.28802,-171.82097,0.016320052
9,-148.84029,91.62576,0.02689653
9,-3.2005157,33.316803,0.0450528
9,53.596954,30.727478,0.054846756
9,-139.83543,-142.09053,0.029665692
9,-5.0356903,153.26376,0.029061973
9,168.91815,-164.64377,0.0268963
9,69.39145,-133.07434,0.049091082
9,-114.45058,51.35919,0.038586944
9,-113.12249,90.07361,0.033758245
9,129.52661,-79.78831,0.049824435
9,-142.68805,140.61774,0.047697738
9,120.46509,102.21478,0.03435984
9,116.44565,-132.14307,0.031930715
9,-84.335594,98.741394,0.026406325
9,-31.957031,107.69446,0.02064448
9,-129.9668,61.746887,0.03516821
9,-70.957924,110.05145,0.03991966
9,-175.41112,-83.54713,0.03343347
9,61.616974,-106.875854,0.04699283
9,-105.33919,78.102234,0.043991856
9,-169.55647,77.867676,0.0451234
9,35.591034,83.43616,0.012919721
9,-93.09088,-25.26294,0.036267556
9,-134.88818,-136.89008,0.016731976
9,26.16484,-133.84227,0.027549107
9,-168.9571,-149.91905,0.025801148
9,0.37138367,167.65314,0.048826747
9,-150.06381,107.37552,0.051217422
9,-6.14859,140.82458,0.049522813
9,-27.150635,48.49829,0.023072094
9,30.284668,-174.31546,0.061532173
9,90.121155,178.45776,0.039851125
9,154.2229,-96.60307,0.033404827
9,-54.095398,125.371155,0.053911675
9,-157.26888,173.41608,0.054823298
9,140.70288,165.57837,0.046245407
9,-116.03711,102.93985,0.020747587
9,5.6448517,-158.25757,0.024119178
9,-60.444885,-166.29552,0.044948734
9,175.83835,115.19031,0.034895957
9,156.2103,-81.28976,0.042991437
9,7.0927734,166.50293,0.066648215
9,-55.601196,63.05136,0.026041878
9,17.04245,-44.95375,0.021926276
9,-60.462723,127.887085,0.065775394
9,37.335495,-159.68236,0.022855045
9,53.346115,-109.95257,0.05586058
9,-134.78961,145.0672,0.047645114
9,-9.316544,165.25287,0.027880637
9,-122.864136,-69.05468,0.027294941
9,-154.36613,179.34308,0.04321323
9,-33.475006,15.35936,0.09041739
9,-74.375404,151.35083,0.025520869
9,-154.23997,170.69775,0.05782687
9,16.665466,173.78644,0.0360301
9,-177.30933,-6.140442,0.050457418
9,42.95633,160.08936,0.022883648
9,73.68945,-135.99193,0.022841234
9,-168.82498,-97.023735,0.026999546
9,-58.52462,107.82083,0.053884447
9,-54.67742,-124.785805,0.022186317
9,175.49847,44.58383,0.044309005
9,114.10196,-43.991486,0.05526436
9,2.7605438,-157.55557,0.07796061
9,-99.020325,92.25394,0.019861361
9,-152.2367,26.28067,0.047322027
9,12.445343,-157.50891,0.01777119
9,-4.8300934,-95.47263,0.07396909
9,154.05042,159.05634,0.03605468
9,9.337311,54.982452,0.0612371
9,-10.338898,-15.329727,0.04254745
9,-124.5533,153.84888,0.039878476
9,-59.94153,82.236176,0.027820686
9,-128.6455,123.769165,0.034812566
9,30.826065,-53.769302,0.017949905
9,-120.77814,-148.00105,0.053687043
9,-102.121414,128.6991,0.035410468
9,-87.01165,171.41922,0.030398073
9,-64.121475,108.53647,0.051600054
9,40.9469,-7.541397,0.049813785
9,-134.58293,86.23102,0.02457206
9,174.99371,172.64417,0.11816135
9,131.09198,173.3422,0.03557896
9,-105.755844,-148.04701,0.04840676
9,68.882385,-168.40796,0.04087023
9,-160.3321,25.8208,0.08310496
9,-112.15775,74.63718,0.02224998
9,9.955307,-125.80815,0.025133695
9,-51.865784,146.01904,0.057778556
9,-2.0487976,137.05511,0.034392536
9,-0.7980194,-119.47818,0.030469405
9,149.06006,-134.3152,0.040379528
9,-32.86499,145.26431,0.031246565
9,166.8599,-171.49225,0.04268839
9,-88.1235,-156.73613,0.0731438
9,-154.43268,-132.20102,0.027820209
9,-13.81308,-118.86455,0.03760682
9,-153.48901,-66.41849,0.01617422
9,-4.5746613,12.687897,0.039150037
9,91.78842,125.92062,0.023814946
9,146.93542,-122.3462,0.02966458
9,155.50616,-81.441864,0.04549957
9,-2.1029205,-158.11357,0.026819868
9,25.560791,-16.12439,0.03764027
9,165.3693,22.207886,0.056327496
9,-95.18875,115.528656,0.06007083
9,-54.973778,116.45599,0.021669067
9,-8.362061,179.4992,0.03517568
9,-94.99532,93.646545,0.035792034
9,-26.664902,172.2507,0.025650844
9,74.72006,114.198425,0.022667877
9,-67.959946,-145.74545,0.039596602
9,56.318512,-117.1934,0.045134895
9,20.813599,-175.7632,0.0432549
9,146.06519,-168.88187,0.0584433
9,-78.020996,110.67984,0.04397038
9,33.368652,-160.70378,0.021391597
9,-179.40385,39.442734,0.033165623
9,133.69348,-37.580948,0.03797044
9,-124.44947,35.067535,0.050350282
9,-23.635101,80.67102,0.035562914
9,10.887268,-77.069984,0.02986202
9,175.80103,-161.70189,0.047123063
9,107.2258,138.91919,0.043808408
9,138.49475,-160.38028,0.05946811
9,7.4973907,-164.44861,0.030809058
9,72.32419,142.27344,0.041727804
9,-104.09479,144.31262,0.038076997
9,-96.86426,164.3162,0.0460411
9,-170.37732,178.21942,0.044463553
9,-135.27452,163.76944,0.0243254
9,-158.58116,34.849426,0.07368398
9,-73.66947,81.01117,0.046886656
9,35.10977,-4.029953,0.045107644
9,86.45938,-158.73613,0.04759397
9,-13.731857,167.3692,0.026626498
9,150.6698,-150.52542,0.039202027
9,-131.55121,-114.48233,0.05356018
9,-44.510864,101.55478,0.03653904
9,-143.03752,106.17856,0.038335014
9,60.82289,-90.98293,0.04196369
9,68.7254,-125.98513,0.039802656
9,178.57974,161.9057,0.028635114
9,0.70617676,-112.10141,0.031868733
9,-3.8255768,32.636185,0.020416405
9,-127.446465,106.46307,0.056212645
9,159.89703,-6.2557526,0.024976293
9,-132.7891,63.065063,0.025481774
9,171.40338,-39.055054,0.032882538
9,-158.77336,-103.491714,0.03242892
9,-152.61673,166.28601,0.065324105
9,-111.80809,118.11505,0.25609598
9,-91.100746,105.87436,0.047685597
9,90.70026,-147.23242,0.028666876
9,-8.634552,177.6203,0.09207969
9,-137.7962,-22.038406,0.024872983
9,121.015564,-115.53032,0.045383886
9,166.76413,129.69409,0.034602657
9,-12.719284,-112.90398,0.031000046
9,-103.45075,-8.221588,0.07340082
9,-147.72539,34.400543,0.021189902
9,-1.9702759,174.44794,0.043065086
9,130.65341,-6.3234406,0.3270075
9,-17.435547,159.69305,0.061635178
9,-144.10262,29.555298,0.037411377
9,-11.130829,32.769638,0.04339275
9,-21.882034,-150.53307,0.022908647
9,99.20264,-34.656586,0.051109318
9,75.30031,-13.0816345,0.028863782
9,-34.98398,147.77087,0.045953482
9,140.00974,-147.58421,0.024814736
9,-13.932068,121.89792,0.029156797
9,-54.317505,-170.34564,0.045534443
9,-13.94133,79.557556,0.038599107
9,120.04895,-88.46678,0.06628516
9,-104.29575,-107.16111,0.035522074
9,162.90369,-28.525635,0.03235458
9,-27.802399,121.1225,0.05407979
9,-12.533844,158.49286,0.030510234
9,133.871,130.35928,0.025148999
9,113.086,-107.08089,0.047836773
9,2.4244537,-65.90493,0.041962218
9,178.517,50.142822,0.039648738
9,53.22296,124.51892,0.04542361
9,129.89105,-137.5691,0.02401735
9,77.47769,-145.68834,0.027329348
9,-17.165314,-174.40405,0.049848713
9,-156.90024,80.601166,0.033653677
9,98.35071,-158.06055,0.051367242
9,35.01477,-101.505165,0.045234542
9,-23.277206,26.819992,0.050154433
9,-6.050873,-171.94531,0.043023057
9,47.355927,172.30396,0.04526039
9,-7.9451294,171.78589,0.026032867
9,156.47644,-38.151978,0.060986307
9,-107.44188,103.45923,0.042448696
9,40.40042,-74.31459,0.02992706
9,-8.090088,-165.7677,0.03173439
9,-152.71518,152.01611,0.030768558
9,-19.56723,92.82364,0.028651131
9,-4.0706635,-87.23108,0.028177781
9,-5.2806244,114.80582,0.03779762
9,149.91284,27.708115,0.049227446
9,-75.64124,-57.832367,0.04328185
9,54.07141,-68.41161,0.047467202
9,-42.210693,30.09494,0.04554815
9,141.39136,-128.44096,0.037197255
9,-15.538452,123.41199,0.025069866
9,-3.5467224,-39.767975,0.047788065
9,67.84906,-95.41667,0.033252485
9,-164.56041,-176.71706,0.04803736
9,30.690964,159.31497,0.037889086
9,2.6500244,-172.33296,0.036264677
9,26.58554,-139.5656,0.034627616
9,-107.45357,77.35904,0.05615572
9,19.393188,-152.05072,0.02969989
9,-59.106712,-75.03707,0.10386409
9,144.71808,-26.981201,0.050953086
9,154.52887,-140.53206,0.04500514
9,156.34839,1.4755707,0.02238896
9,-169.86969,-158.0583,0.04127765
9,1.0809326,174.44955,0.04981208
9,-47.15854,-166.92178,0.024078984
9,-127.01182,104.51013,0.046884336
9,159.68204,-59.71534,0.022912715
9,-162.20197,-122.042694,0.024954746
9,-81.72666,133.39386,0.034644525
9,74.627655,-111.358116,0.054142803
9,-22.401413,29.574127,0.040729985
9,-53.495697,93.47995,0.03296149
9,-65.985695,54.992218,0.26533177
9,110.217804,-109.48181,0.06353297
9,-151.4266,48.16513,0.030944424
9,61.07094,173.01663,0.034249723
9,107.72388,-115.03231,0.059745416
9,-33.61621,-120.48414,0.039313927
9,-124.94937,60.253204,0.037091415
9,-54.44084,108.62897,0.030032495
9,-24.955856,133.69324,0.032348774
9,-104.59662,66.07004,0.049339876
9,18.23108,-147.67953,0.06410137
9,12.507584,119.47699,0.036797993
9,-137.61919,149.48438,0.045807075
9,161.37708,-147.46413,0.023396023
9,-77.64449,100.273865,0.06088867
9,-65.588745,105.576385,0.045478735
9,20.091522,-133.40323,0.030990388
9,162.11401,-46.399307,0.021125352
9,179.75812,168.66187,0.016332207
9,23.863388,-32.286896,0.02346622
9,-149.22836,-119.98322,0.019350398
9,157.021,159.99591,0.035694085
9,-141.54575,-101.51251,0.024625897
9,-12.925842,32.343338,0.048863996
9,-11.362091,-109.86727,0.02779351
9,-3.0861664,172.50055,0.03462722
9,-85.000465,162.53705,0.032067027
9,173.53851,-169.51047,0.042481408
9,-161.54224,111.57211,0.040435996
9,-55.57097,157.49274,0.039751705
9,-103.31395,150.80508,0.043054037
9,-110.80145,-11.778702,0.059749205
9,49.575043,-110.02444,0.04094305
9,113.94061,-76.32326,0.016234707
9,125.22638,117.20166,0.067296445
9,-163.75153,-161.7079,0.04040815
9,31.426392,113.36508,0.033677023
9,-23.285797,51.368927,0.022885054
9,133.76819,-178.26497,0.023593033
9,102.16931,113.325836,0.029039985
9,-4.9625397,168.49521,0.04128347
9,45.24037,174.1278,0.028375184
9,-13.541885,177.29962,0.035528246
9,86.247406,-132.82234,0.40178406
9,-117.8362,-111.03961,0.037455488
9,-99.26502,-95.729614,0.032432314
9,103.7782,-12.289642,0.0376726
9,-123.51252,-20.48674,0.06333068
9,142.26178,122.222565,0.051381484
9,-87.929665,87.261536,0.04511624
9,158.81299,42.186142,0.022148354
9,125.852356,-125.24325,0.03317856
9,37.598297,-34.523132,0.058328442
9,-120.70411,145.92621,0.04434185
9,-143.88951,178.11484,0.035938535
9,-70.00378,56.856033,0.023026118
9,-52.658867,130.92072,0.036038194
9,-54.83867,115.18564,0.045002084
9,175.58527,-135.26578,0.029676192
9,58.77014,-97.31232,0.03582752
9,20.543411,153.35315,0.030593451
9,-148.8475,-44.0562,0.03685195
9,76.66495,-140.16194,0.03140799
9,134.31116,-150.49205,0.038647916
9,-162.01396,172.86938,0.041672807
9,-163.5929,-177.53883,0.067536935
9,-147.22827,-139.3938,0.036191523
9,179.19586,-146.1962,0.03094645
9,177.14182,3.5282593,0.021200702
9,42.465668,-118.04074,0.04135214
9,105.05792,-149.41414,0.037653595
9,-13.751816,-74.94517,0.050793666
9,152.51727,-162.98283,0.023725782
9,39.202164,16.564148,0.061308723
9,80.236145,-105.0302,0.025483051
9,130.14868,136.58344,0.03493955
9,101.617004,-155.29878,0.054318003
9,101.52811,177.04492,0.07030731
9,0.3406372,51.349426,0.04440228
9,-47.89052,62.713806,0.064219184
9,-1.4190063,-107.82918,0.054780107
9,100.49405,153.61655,0.04024593
9,-151.8989,69.35881,0.041286577
9,29.859726,-75.94168,0.020947106
9,-55.551254,83.65329,0.03390546
9,-2.1326447,-40.374557,0.021903662
9,-34.53853,146.41702,0.028598543
9,108.529144,-149.45355,0.032470576
9,28.01825,-116.58356,0.042910676
9,77.204895,-107.188225,0.047459643
9,37.37738,-103.579185,0.029529702
9,13.804413,92.13815,0.07138066
9,-37.550674,-134.55945,0.043503463
9,174.49066,107.02954,0.03433025
9,-158.96692,171.48001,0.027951362
9,-17.55336,179.2132,0.03877277
9,-142.22026,137.3551,0.051859383
9,-170.78003,161.08731,0.029611604
9,-124.19995,-56.35742,0.043494463
9,-77.660385,152.72717,0.048421767
9,-12.842026,161.46484,0.022474395
9,130.50433,-179.03087,0.039016534
9,-173.41966,-171.32645,0.029187707
9,54.84369,168.51123,0.029216394
9,-85.3013,130.18616,0.03359098
9,70.096466,161.64215,0.049948435
9,158.94641,-163.15247,0.024960194
9,94.36136,-143.34271,0.0551858
9,122.27249,107.25247,0.026571183
9,-17.94394,75.07141,0.037820194
9,171.45361,82.41144,0.024054114
9,27.975555,-38.540512,0.030882498
9,-142.40314,157.22891,0.056264434
9,-142.6098,-143.2628,0.033926595
9,-141.9373,-31.525223,0.03740468
9,21.37973,-118.97179,0.029105403
9,41.0289,-106.55963,0.07750107
9,78.466125,124.6131,0.058636054
9,141.69748,169.18066,0.034686364
9,-141.41396,37.568604,0.037286237
9,-4.6047363,17.238007,0.038527187
9,55.573135,-122.59789,0.025254201
9,-29.755661,112.664154,0.030673584
9,-75.98461,60.41771,0.048472736
9,94.5574,-162.25426,0.03732156
9,-147.07356,163.54712,0.058513593
9,-147.63805,84.10138,0.0345697
9,-51.550232,33.196503,0.052936696
9,72.337585,-65.65919,0.022570204
9,149.23529,122.11203,0.047996223
9,-54.45459,127.55255,0.02370816
9,96.02063,11.715866,0.06610326
9,-54.006805,99.50873,0.05296032
9,-99.93922,90.557556,0.027288513
9,41.890045,-60.16002,0.03458322
9,98.196625,174.56952,0.02692653
9,-12.207077,159.35477,0.027701387
9,125.28323,-170.27301,0.039213117
9,-143.34961,-122.53725,0.032537222
9,-132.46155,112.97171,0.034554336
9,-38.79004,135.1471,0.027411234
9,-118.38128,49.64125,0.084648795
9,149.99023,120.40271,0.025547804
9,-106.28011,101.313416,0.05466016
9,-137.70271,142.54837,0.047593612
9,-58.229095,120.23535,0.030582925
9,-35.4429,86.01694,0.09575827
9,-162.28795,-150.27588,0.031010352
9,124.801025,-33.183212,0.08142004
9,167.79346,116.38678,0.03484133
9,-25.2453,141.80463,0.035079177
9,144.86829,-161.17274,0.05159479
9,7.010544,-123.691765,0.038777955
9,-123.625114,116.02664,0.025064673
9,25.890518,74.75778,0.050593738
9,-155.85666,157.32959,0.04161716
9,35.419525,-40.593674,0.03479338
9,153.05145,-73.697685,0.030595856
9,153.60413,-163.61287,0.05878619
9,116.85211,151.78845,0.04886263
9,112.79123,-72.09123,0.02394026
9,-154.06886,128.25037,0.061790936
9,-51.178955,112.11444,0.044198122
9,-169.70668,-3.6410828,0.0318814
9,-23.301025,130.63354,0.03532332
9,7.348007,160.68329,0.029855331
9,126.48349,-68.60101,0.036487952
9,-143.61406,-84.07661,0.061879605
9,81.75812,-114.50355,0.035607114
9,145.29529,-108.49484,0.046429653
9,-56.09986,161.79251,0.027896252
9,-45.78836,55.70717,0.028598882
9,-157.24922,-110.95226,0.07267527
9,-140.50978,-149.47899,0.027833736
9,-8.012741,148.03497,0.034041133
9,-95.30235,132.93448,0.044415526
9,-8.537964,56.201965,0.031364262
9,64.716705,-135.18825,0.029031297
9,1.0958862,-168.83829,0.031546593
9,-155.83855,97.48779,0.035385914
9,159.72311,-177.1335,0.01835112
9,-118.515114,-163.03131,0.025713705
9,142.81921,-35.637146,0.022704177
9,-26.032806,37.57187,0.03228396
9,-1.3739471,172.57971,0.02082698
9,80.222534,-94.01501,0.045245994
9,81.50748,-178.0528,0.028499994
9,-144.83849,-166.60855,0.044946436
9,110.33511,162.233,0.014878066
9,-127.15428,84.2251,0.035465878
9,0.8823242,-19.635834,0.03735245
9,147.64075,-17.31456,0.03527884
9,162.57977,-156.4626,0.04530716
9,-115.73793,-145.84433,0.06814103
9,40.82231,-46.48517,0.034173753
9,58.3295,-62.643448,0.0498878
9,-29.436478,-96.4875,0.022392744
9,107.0014,-95.16187,0.01570443
9,-121.98289,171.01105,0.03511644
9,-21.983475,148.80719,0.046338074
9,-28.5262,-84.183334,0.022325408
9,36.91092,29.77478,0.039708357
9,-158.40804,169.2644,0.020677468
9,-95.70357,-101.956055,0.042664014
9,-6.042984,161.71768,0.041657012
9,150.5581,112.39856,0.033332787
9,179.9982,-4.451721,0.03381115
9,37.70543,-178.87244,0.051414184
9,47.21176,111.966034,0.038393907
9,137.13635,-123.85624,0.025829013
9,124.73651,-29.688232,0.022443587
9,-175.03333,-164.58856,0.03117254
9,-137.34164,176.38107,0.02964332
9,-160.30702,-99.94628,0.030078044
9,-166.63528,167.38153,0.03690785
9,-27.270782,63.256424,0.043624233
9,-50.414734,155.55273,0.01855566
9,114.415405,155.3111,0.05108054
9,164.60034,-37.48813,0.034444425
9,-165.02846,171.02069,0.024474308
9,178.5896,124.54199,0.028783027
9,124.36426,-129.86537,0.03979391
9,-121.481926,-51.39984,0.04725978
9,-55.261368,-91.644775,0.03414818
9,167.7601,-158.29854,0.054693878
9,131.03973,-119.88393,0.03132671
9,179.76218,-102.9068,0.024002323
9,45.980133,-103.30831,0.042346038
9,-169.90602,-130.67932,0.03448787
9,1.1551514,168.16763,0.049099963
9,66.41492,92.88989,0.03839589
9,3.8115997,-176.07309,0.04876246
9,3.3608398,-112.77977,0.022864677
9,176.01996,137.97739,0.040963963
9,131.51266,167.5976,0.048621334
9,-8.657928,108.66199,0.0635189
9,84.79199,-49.575592,0.048386496
9,21.373383,31.564072,0.03482823
9,105.21808,173.82999,0.043661814
9,-175.17906,-127.280464,0.061519664
9,146.59613,-168.36763,0.045880936
9,-141.14336,-137.83333,0.04345489
9,97.730286,-104.45602,0.0681989
9,32.568512,-88.85774,0.03338642
9,45.60385,-127.78551,0.056443203
9,18.395905,177.19214,0.05112684
9,-117.66104,-161.68326,0.03279482
9,-165.6427,-18.1772,0.026198627
9,158.83661,63.390137,0.066099964
9,-71.972725,-175.14795,0.03818325
9,-125.431885,78.204285,0.039148893
9,-143.46474,155.61719,0.043015648
9,120.11011,-158.20042,0.037274756
9,169.83789,144.35712,0.053337913
9,5.053589,-42.770203,0.048876286
9,71.34863,-132.29619,0.048092827
9,-92.3235,99.73398,0.04449601
9,-78.86038,149.22797,0.032055292
9,-66.46772,73.64343,0.046397485
9,-37.76004,158.99707,0.04609852
9,101.20114,-96.91966,0.038968228
9,142.56757,-157.0108,0.018697156
9,77.47974,48.143707,0.029330578
9,-114.5648,118.86249,0.051770695
9,-135.37288,33.94182,0.05816491
9,174.63922,-125.12831,0.025264971
9,-166.21532,65.05615,0.03966862
9,-1.3644867,-144.01553,0.030403301
9,145.58331,-156.77222,0.02492948
9,129.12674,116.78845,0.032191403
9,-22.593643,55.790543,0.05102715
9,39.6196,-144.43272,0.03183733
9,138.59491,-46.257446,0.023249988
9,54.760742,83.947845,0.021101288
9,12.470001,-158.48799,0.030654078
9,12.448837,127.142975,0.047393408
9,-134.25105,19.6335,0.04376597
9,46.24478,-150.176,0.03336768
9,116.36963,-170.39551,0.022000082
9,6.7077637,-126.22706,0.034881067
9,168.44592,-129.44453,0.056628093
9,62.006912,-127.656136,0.058311302
9,120.26468,-120.36321,0.035928752
9,119.58972,-120.93173,0.017765624
9,-28.674316,100.61972,0.030350527
9,55.613266,-142.07294,0.03478321
9,55.84256,-153.9364,0.04083607
9,-84.51817,71.66109,0.039003924
9,-26.084564,-175.60966,0.021297332
9,-83.7371,72.35286,0.03437611
9,-19.074066,70.793884,0.025895556
9,-167.76115,-173.92517,0.087112464
9,156.63916,-29.660934,0.0288784
9,27.974304,-105.89805,0.02432883
9,9.153107,-84.25255,0.067053504
9,-9.521851,84.381775,0.056713436
9,179.39157,-163.93263,0.030518612
9,-35.50293,142.435,0.023189941
9,52.671722,55.842667,0.030962579
9,173.03268,-176.90784,0.034662373
9,-133.66191,132.09937,0.028745946
9,81.90442,-147.239,0.030085651
9,-31.169785,83.24997,0.033538457
9,-8.003784,-92.52422,0.039467562
9,-75.1254,149.86993,0.024534523
9,148.18665,-90.15222,0.043601375
9,131.23407,-136.33437,0.050280217
9,12.634064,-170.33623,0.04470316
9,4.3960876,-70.12525,0.03603926
9,-78.96422,68.37102,0.025262035
9,18.111572,27.519592,0.024437014
9,20.809067,130.60077,0.03103131
9,67.34393,-129.85417,0.027195279
9,-18.81343,31.827118,0.022729388
9,41.493958,-92.96277,0.025271991
9,-128.16867,-91.70971,0.06625504
9,-85.50151,-144.04814,0.05523881
9,75.90149,-24.48436,0.047971964
9,-24.60112,90.92749,0.030289931
9,135.41318,-77.18365,0.022690522
9,-38.214447,152.0091,0.052557815
9,-143.59602,-11.954346,0.052697428
9,-32.06967,108.7959,0.029998075
9,143.26611,-129.1294,0.04688614
9,139.78528,-128.12904,0.060463626
9,-35.063965,0.93896484,0.023700409
9,-136.19167,111.77661,0.030034894
9,91.416626,-63.5103,0.055380736
9,104.12851,-73.76574,0.050456166
9,-95.36254,131.37329,0.040373772
9,54.908356,-35.369736,0.05940223
9,48.27307,-80.81502,0.022033608
9,0.8366089,-30.24379,0.034030136
9,-8.94046,174.08475,0.04998219
9,-59.42491,121.204834,0.037097175
9,-107.02187,-121.85615,0.047248166
9,54.93196,-25.608948,0.02467813
9,-154.29855,-139.10101,0.040583797
9,-179.14236,-163.50154,0.0650709
9,-121.08681,143.33026,0.048623305
9,-141.131,137.49942,0.026114482
9,15.80365,146.26437,0.08316585
9,146.19635,-84.51742,0.04857468
9,179.12546,-58.797028,0.06083499
9,-5.3650513,167.10736,0.036364675
9,-26.004486,97.067474,0.03738053
9,-165.2838,-177.27467,0.041798513
9,-178.85666,47.473633,0.033773158
9,49.764313,-85.32756,0.051018734
9,-24.079926,156.22614,0.047496755
9,132.60162,-167.59123,0.047163356
9,70.864716,-132.87865,0.037738815
9,-177.97307,-8.613403,0.034538448
9,-60.184044,-178.15685,0.05237569
9,-80.67793,97.22302,0.035248544
9,-3.9306335,156.4151,0.021218522
9,-111.24181,-66.28905,0.047628768
9,-177.27078,172.10663,0.052234218
9,149.43185,-138.2017,0.028677713
9,-165.58257,-6.366287,0.04170331
9,157.11877,-138.56636,0.025106374
9,-143.82405,-178.31076,0.057068948
9,119.04205,-57.15454,0.020212045
9,-10.064545,168.27176,0.030015234
9,28.490921,139.42673,0.0291212
9,-32.44452,85.97418,0.03692115
9,-49.839706,171.0455,0.027708994
9,-159.55591,-171.9401,0.030663742
9,-112.23548,32.03969,0.05357974
9,-149.7246,138.64209,0.04102327
9,-36.108826,120.50284,0.021767566
9,-74.89865,157.43713,0.044952907
9,-168.89017,-125.979965,0.037740972
9,9.179092,-118.71426,0.034966573
9,-24.199509,161.974,0.027253425
9,-143.96202,164.2248,0.029159037
9,32.39073,-63.366913,0.036747493
9,65.99005,-152.13727,0.0306378
9,168.07312,46.707672,0.03291927
9,152.30084,175.79419,0.032456744
9,-115.63166,-126.54182,0.04448268
9,103.58594,-137.5247,0.033833906
9,8.367935,179.785,0.022971455
9,-15.228546,23.966522,0.045254853
9,-22.48793,36.806046,0.03046042
9,15.66777,137.9945,0.035539858
9,-154.3512,132.05386,0.04492473
9,-179.39081,-176.48218,0.036748927
9,-113.63968,25.522247,0.042893425
9,151.67792,-179.2048,0.02625647
9,134.96826,112.65082,0.03747446
9,-48.87979,76.293274,0.04709719
9,-70.20254,129.25061,0.04018925
9,22.437057,-121.1677,0.028263409
9,168.45761,135.57465,0.04196441
9,-131.64357,136.375,0.045417413
9,-125.97141,-166.7269,0.07994914
9,37.798843,-109.21618,0.025538879
9,-14.34079,-9.206787,0.024657436
9,-166.2522,-174.41055,0.024776485
9,71.21506,-81.32754,0.0246884
9,30.878952,-125.52386,0.042264808
9,-7.6283264,24.899124,0.040993545
9,-123.71414,110.71686,0.048602894
9,-70.68401,79.34213,0.044969473
9,93.01358,-128.08723,0.022547323
9,133.34348,160.92725,0.0307358
9,-54.353165,146.16931,0.025019245
9,-57.440308,141.47961,0.0399224
9,-85.751884,150.8216,0.052824683
9,26.304398,-146.9989,0.027038543
9,-97.96856,84.29169,0.035770558
9,-100.79867,156.2732,0.035039064
9,-66.44029,34.80992,0.0626326
9,161.66064,-163.20152,0.03509431
9,-66.38547,93.28894,0.032008544
9,140.53918,-143.62201,0.0578426
9,-111.91598,134.23865,0.049553506
9,-140.33945,108.52908,0.023358826
9,-169.63123,-26.928223,0.028573584
9,173.74426,32.72023,0.031201098
9,-1.0790253,166.93115,0.042182546
9,-28.693085,72.86212,0.047782913
9,-9.296249,18.849442,0.020890277
9,140.60934,-39.509674,0.072737925
9,-101.8153,175.03076,0.038817592
9,-129.1232,108.32385,0.03712831
9,-172.3726,148.35059,0.06270129
